Workbook

Sheet Parts
A1: Part_ID | B1: Category | C1: Description | D1: Value_Rating | E1: Package_Footprint | F1: Manufacturer | G1: MPN | H1: Found_In | I1: KiCad_References | J1: Source | K1: Review_Status | L1: Notes | M1: Duplicate_Check_Key
A2: ENP-00001 | B2: Kabelsatz | C2: Set, SET JST-PH 4-polig 2.00mm vertikaler PCB-Stecker, Buchse THT | D2: JST-PH, 4-polig, Set | F2: JST | H2: EnvNode | I2: GPIO's | J2: BOM_Mainboard.xlsx | K2: OK | L2: GPIO-Anschlüsse; exakte Herstellerartikelnummer vor Bestellung gegen Footprint und Orientierung prüfen Set-Inhalt gegenüber dem separat aus KiCad abgeleiteten PCB-Header prüfen. | M2: SET, SET JST-PH 4-POLIG 2.00MM VERTIKALER PCB-STECKER, BUCHSE THT| | S2: =IF(G2<>"",UPPER(TRIM(G2)),UPPER(TRIM(C2&"|"&E2))) -> SET, SET JST-PH 4-POLIG 2.00MM VERTIKALER PCB-STECKER, BUCHSE THT|
A3: ENP-00002 | B3: Kabelsatz | C3: Qwiic/JST-SH, 4-poliges Pigtail JST | D3: JST-SH/Qwiic, 4-polig | F3: JST | H3: EnvNode | I3: I2CA0 1-3 I2C1 1-3 | J3: BOM_Mainboard.xlsx | K3: OK | L3: Qwiic-Konvention: GND=schwarz, 3V3=rot, SDA=blau, SCL=gelb; Kabelbelegung vor Anschluss prüfen Pigtail ist ein Beschaffungsartikel und nicht der PCB-Steckverbinder. | M3: QWIIC/JST-SH, 4-POLIGES PIGTAIL JST| | S3: =IF(G3<>"",UPPER(TRIM(G3)),UPPER(TRIM(C3&"|"&E3))) -> QWIIC/JST-SH, 4-POLIGES PIGTAIL JST|
A4: ENP-00003 | B4: Steckverbinder | C4: PinSocket 1x4, 2.54 mm | D4: 1x4, 2,54 mm | E4: PinSocket_1x04_P2.54mm_Vertical | F4: fischer Elektronik | G4: 10120946 | H4: EnvNode; RainDetector | I4: EnvNode I2C0_4,I2C1_4; RainDetector J3,J4 | J4: BOM_Mainboard.xlsx | K4: OK | L4: Für interne Qwiic-Breakouts; Bauhöhe und Ausführung passend zur Mechanik wählen | M4: 10120946 | S4: =IF(G4<>"",UPPER(TRIM(G4)),UPPER(TRIM(C4&"|"&E4))) -> 10120946
A5: ENP-00004 | B5: Steckverbinder | C5: PinSocket 1x20, 2.54mm, cut to 19 Pins | D5: 1x20, 2,54 mm, trennbar | F5: fischer Elektronik | G5: BL1.20 G | H5: EnvNode | I5: ESP32 | J5: BOM_Mainboard.xlsx | K5: OK | L5: Für ESP32-DevKitC mit 38 Pins; alternativ eine geeignete 38-Pin-ESP32-Fassung verwenden | M5: BL1.20 G | S5: =IF(G5<>"",UPPER(TRIM(G5)),UPPER(TRIM(C5&"|"&E5))) -> BL1.20 G
A6: ENP-00005 | B6: Widerstand | C6: 4.7 kOhm 1% SMD 1206 | D6: 4,7 kΩ, 1 %, 250 mW | E6: Resistor_SMD:R_1206_3216Metric_Pad1.30x1.75mm_HandSolder | F6: Vishay | G6: CRCW12064K70FKEA | H6: EnvNode; EnvNodeMini Rev 0.2; AnalogInput Rev 0.1; AnalogHydroPressure | I6: EnvNode R1-R4; EnvNodeMini Rev 0.2 R1-R4; AnalogInput Rev 0.1 R2; AnalogHydroPressure R2 | J6: BOM_Mainboard.xlsx | K6: OK | L6: I2C-Pull-ups für die beiden I2C-Busse | M6: CRCW12064K70FKEA | S6: =IF(G6<>"",UPPER(TRIM(G6)),UPPER(TRIM(C6&"|"&E6))) -> CRCW12064K70FKEA
A7: ENP-00006 | B7: Kondensator | C7: 100 nF Keramik SMD | D7: 100 nF, 10 %, X7R, 100 V | E7: Capacitor_SMD:C_1206_3216Metric_Pad1.33x1.80mm_HandSolder | F7: Kyocera | G7: C1206F104K1RACTU | H7: EnvNode; EnvNodeMini Rev 0.2; AnalogHydroPressure; RainDetector; SolarRadiation; Empty FullSize/HalfSize SMD/THT; DuoRelay Rev 0.2 | I7: EnvNode C3,C4; EnvNodeMini Rev 0.2 C1,C4,C5; AnalogHydroPressure C1,C3,C8; RainDetector C1; SolarRadiation C1; Empty-Boards C1; DuoRelay Rev 0.2 C1 | J7: BOM_Mainboard.xlsx | K7: OK | L7: Spannungsfestigkeit, Dielektrikum und Bauform vor Bestellung gegen Schaltplan und Footprint prüfen; C1 ist in allen vier aktuellen Empty-Schemata derzeit DNP; C1 ist im aktuellen DuoRelay-Schema derzeit DNP | M7: C1206F104K1RACTU | S7: =IF(G7<>"",UPPER(TRIM(G7)),UPPER(TRIM(C7&"|"&E7))) -> C1206F104K1RACTU
A8: ENP-00007 | B8: Kondensator | C8: 10 uF Keramik SMD | D8: 10 µF, 25 V, X7R | E8: Capacitor_SMD:C_1206_3216Metric_Pad1.33x1.80mm_HandSolder | F8: Kyocera AVX | G8: 12063C106KAT2A | H8: EnvNode; EnvNodeMini Rev 0.2 | I8: EnvNode C1; EnvNodeMini Rev 0.2 C2 | J8: BOM_Mainboard.xlsx | K8: OK | L8: Spannungsfestigkeit, Dielektrikum und Bauform vor Bestellung gegen Schaltplan und Footprint prüfen | M8: 12063C106KAT2A | S8: =IF(G8<>"",UPPER(TRIM(G8)),UPPER(TRIM(C8&"|"&E8))) -> 12063C106KAT2A
A9: ENP-00008 | B9: Kondensator | C9: 47 uF 10V Tantal | D9: 47 µF, 10 V | E9: Capacitor_Tantalum_SMD:CP_EIA-3528-21_Kemet-B | F9: Kyocera AVX | G9: TAJB476K010RNJ | H9: EnvNode; EnvNodeMini Rev 0.2 | I9: EnvNode C2; EnvNodeMini Rev 0.2 C3 | J9: BOM_Mainboard.xlsx | K9: OK | L9: Polarisiert; Bauform B | M9: TAJB476K010RNJ | S9: =IF(G9<>"",UPPER(TRIM(G9)),UPPER(TRIM(C9&"|"&E9))) -> TAJB476K010RNJ
A10: ENP-00009 | B10: Spannungsregler | C10: LDO 3.3V SOT-223 | D10: 3,3 V, 1 A | E10: Package_TO_SOT_SMD:SOT-223-3_TabPin2 | F10: Texas Instruments | G10: LM3940IMP-3.3/NOPB | H10: EnvNode; EnvNodeMini Rev 0.2 | I10: EnvNode U1; EnvNodeMini Rev 0.2 U3 | J10: BOM_Mainboard.xlsx | K10: OK | L10: Footprint und thermische Auslegung vor Bestückung prüfen | M10: LM3940IMP-3.3/NOPB | S10: =IF(G10<>"",UPPER(TRIM(G10)),UPPER(TRIM(C10&"|"&E10))) -> LM3940IMP-3.3/NOPB
A11: ENP-00010 | B11: Entwicklungsmodul | C11: ESP32-DevKitC | D11: 38 Pin | E11: PCM_Espressif:ESP32-DevKitC | F11: Espressif Systems | H11: EnvNode; EnvNodeMini Rev 0.2 | I11: EnvNode U2; EnvNodeMini Rev 0.2 U1 | J11: BOM_Mainboard.xlsx | K11: OK | L11: Exakte Modulvariante und Pinout vor Bestückung prüfen Hersteller/MPN aus verschobenen Altdaten korrigiert; genaue DevKitC-Variante fehlt. | M11: ESP32-DEVKITC|PCM_ESPRESSIF:ESP32-DEVKITC | S11: =IF(G11<>"",UPPER(TRIM(G11)),UPPER(TRIM(C11&"|"&E11))) -> ESP32-DEVKITC|PCM_ESPRESSIF:ESP32-DEVKITC
A12: ENP-00011 | B12: PCB | C12: EnvNode Mainboard Rev 0.1 | D12: Revision 0.1 | F12: JLCPCB | H12: EnvNode | J12: BOM_Mainboard.xlsx | K12: OK | L12: Unbestückte Leiterplatte; SMD-Lötjumper sind PCB-Strukturen und keine Kaufteile Historische PCB-Revision; aktueller KiCad-Stand ist Revision 0.2. | M12: ENVNODE MAINBOARD REV 0.1| | S12: =IF(G12<>"",UPPER(TRIM(G12)),UPPER(TRIM(C12&"|"&E12))) -> ENVNODE MAINBOARD REV 0.1|
A13: ENP-00012 | B13: Steckverbinder | C13: JST - Stiftleiste, gerade, 1x2-polig - PH | D13: JST-PH, 2-polig, 2,00 mm | E13: Connector_JST:JST_PH_B2B-PH-K_1x02_P2.00mm_Vertical | F13: JST | G13: B2B-PH-K-S | H13: EnvNode; EnvNodeMini Rev 0.2 | I13: EnvNode J1; EnvNodeMini Rev 0.2 J1 | J13: BOM_Mainboard.xlsx | K13: OK | M13: B2B-PH-K-S | S13: =IF(G13<>"",UPPER(TRIM(G13)),UPPER(TRIM(C13&"|"&E13))) -> B2B-PH-K-S
A14: ENP-00013 | B14: MOSFET | C14: MOSFET, N-Ch 30V 5,7A 0,018R, SOT-23 | D14: N-Kanal, 30 V, 5,7 A | E14: Package_TO_SOT_SMD:SOT-23 | F14: Alpha&Omega Semiconductor | G14: AO3400A | H14: RainDetector | I14: Q1 | J14: BOM_Mainboard.xlsx | K14: OK | M14: AO3400A | S14: =IF(G14<>"",UPPER(TRIM(G14)),UPPER(TRIM(C14&"|"&E14))) -> AO3400A
A15: ENP-00014 | B15: Sensormodul | C15: Arduino - Temperatur- & Feuchtigkeitssensor, SHTC3 | D15: SHTC3 Breakout | F15: Soldered | G15: 333032 | H15: Sensor | J15: BOM_Mainboard.xlsx | K15: OK | M15: 333032 | S15: =IF(G15<>"",UPPER(TRIM(G15)),UPPER(TRIM(C15&"|"&E15))) -> 333032
A16: ENP-00015 | B16: Entwicklungsmodul | C16: Entwicklerboards - ADC, 4 Kanal, 16-Bit, ADS1115 | D16: ADS1115 Breakout, 4 Kanal, 16 Bit | F16: Soldered | G16: 333095 | H16: A/D Wandler | J16: BOM_Mainboard.xlsx | K16: OK | M16: 333095 | S16: =IF(G16<>"",UPPER(TRIM(G16)),UPPER(TRIM(C16&"|"&E16))) -> 333095
A17: ENP-00016 | B17: Widerstand | C17: SMD-Widerstand, 1206, 100 kOhm, 250 mW, 0,1% | D17: 100 kΩ, 0,1 %, 250 mW | E17: Resistor_SMD:R_1206_3216Metric_Pad1.30x1.75mm_HandSolder | F17: Panasonic | G17: ERA8AEB104V | H17: RainDetector; DuoRelay; AnalogHydroPressure | I17: RainDetector R2,R4; DuoRelay R3,R4; AnalogHydroPressure R7 | J17: BOM_Mainboard.xlsx | K17: OK | L17: Lieferanten-Bestellnummer in der Altdatei enthält vermischte Angaben. | M17: ERA8AEB104V | S17: =IF(G17<>"",UPPER(TRIM(G17)),UPPER(TRIM(C17&"|"&E17))) -> ERA8AEB104V
A18: ENP-00017 | B18: Widerstand | C18: SMD-Widerstand, 1206, 100 Ohm, 250 mW, 5% | D18: 100 Ω, 5 %, 250 mW | E18: Resistor_SMD:R_1206_3216Metric_Pad1.30x1.75mm_HandSolder | F18: YAGEO | G18: RC1206JR-07100RL | H18: RainDetector; SolarRadiation | I18: RainDetector R1; SolarRadiation R2 | J18: BOM_Mainboard.xlsx | K18: OK | M18: RC1206JR-07100RL | S18: =IF(G18<>"",UPPER(TRIM(G18)),UPPER(TRIM(C18&"|"&E18))) -> RC1206JR-07100RL
A19: ENP-00018 | B19: Widerstand | C19: SMD-Widerstand, 1206, 10 kOhm, 250 mW, 0,1% | D19: 10 kΩ, 0,1 %, 250 mW | E19: Resistor_SMD:R_1206_3216Metric_Pad1.30x1.75mm_HandSolder | F19: Panasonic | G19: ERA8AEB103V | H19: RainDetector | I19: R3 | J19: BOM_Mainboard.xlsx | K19: OK | L19: Offensichtlich zusammengesetzte MPN aus Altdaten normalisiert. | M19: ERA8AEB103V | S19: =IF(G19<>"",UPPER(TRIM(G19)),UPPER(TRIM(C19&"|"&E19))) -> ERA8AEB103V
A20: ENP-00019 | B20: Steckverbinder | C20: Stiftleiste, 8-polig, Raster 2,54mm | D20: 1x8, 2,54 mm | E20: Connector_PinHeader_2.54mm:PinHeader_1x08_P2.54mm_Vertical | F20: BKL Electronic | G20: 10120505 | H20: RainDetector | I20: J1,J2 | J20: BOM_Mainboard.xlsx | K20: OK | M20: 10120505 | S20: =IF(G20<>"",UPPER(TRIM(G20)),UPPER(TRIM(C20&"|"&E20))) -> 10120505
A21: ENP-00020 | B21: IC | C21: Timer-IC, Typ 555, SO-8 | D21: CMOS 555 | E21: Package_SO:SOIC-8_3.9x4.9mm_P1.27mm | F21: Renesas | G21: ICM7555IBAZ | H21: RainDetector | I21: U1 | J21: BOM_Mainboard.xlsx | K21: OK | M21: ICM7555IBAZ | S21: =IF(G21<>"",UPPER(TRIM(G21)),UPPER(TRIM(C21&"|"&E21))) -> ICM7555IBAZ
A22: ENP-00021 | B22: Steckverbinder | C22: PinSocket 1x8, 2,54mm SMD | D22: 1x8, 2,54 mm, SMD | F22: fischer Elektronik | G22: BL 3 8 G | H22: Stall.biz/Weatherman-Detektorplatine | I22: Mechanischer Gegenstecker zu RainDetector J1/J2; nicht im RainDetector-KiCad geführt | J22: BOM_Mainboard.xlsx; Nutzerklärung 2026-09-01 | K22: OK | L22: 1×8-SMD-Buchsenleiste sitzt physisch auf der Stall.biz/Weatherman-Detektorplatine. Auf der RainDetector-Platine werden für J1/J2 die 1×8-THT-Stiftleisten ENP-00019 bestückt. | M22: BL 3 8 G | S22: =IF(G22<>"",UPPER(TRIM(G22)),UPPER(TRIM(C22&"|"&E22))) -> BL 3 8 G
A23: ENP-00022 | B23: Widerstand | C23: SMD-Widerstand, 1206, 47 Ohm, 250 mW, 5% | D23: 47 Ω | E23: Resistor_SMD:R_1206_3216Metric_Pad1.30x1.75mm_HandSolder | F23: RND components | G23: RND 1551206S4J0470T5E | H23: Detector | J23: BOM_Mainboard.xlsx | K23: OK | M23: RND 1551206S4J0470T5E | S23: =IF(G23<>"",UPPER(TRIM(G23)),UPPER(TRIM(C23&"|"&E23))) -> RND 1551206S4J0470T5E
A24: ENP-00023 | B24: Relais | C24: Steck-Printrelais, 1 CO, 6 A, 5 V DC sensitiv | D24: 5 V, 1 Wechsler, 6 A | E24: Relay_THT:Relay_SPDT_Finder_34.51_Vertical | F24: finder | G24: 34.51.7.005.0010 | H24: DuoRelay | I24: K1,K2 | J24: BOM_Mainboard.xlsx | K24: OK | M24: 34.51.7.005.0010 | S24: =IF(G24<>"",UPPER(TRIM(G24)),UPPER(TRIM(C24&"|"&E24))) -> 34.51.7.005.0010
A25: ENP-00024 | B25: IC | C25: I²C-EEPROM 2 Kbit mit vorprogrammierter EUI-64 und zwei Adresspins | D25: 2 Kbit, I²C, EUI-64, A0/A1, 1,7–5,5 V | E25: Package_TO_SOT_SMD:SOT-23-6 | F25: Microchip Technology | G25: 24AA025E64T-I/OT | H25: EnvNode; EnvNodeMini Rev 0.2; Empty FullSize/HalfSize SMD/THT; DuoRelay; AnalogHydroPressure | I25: EnvNode U3; EnvNodeMini Rev 0.2 U2; Empty-Boards U1; DuoRelay U1; AnalogHydroPressure U1 | J25: KiCad; Microchip datasheet DS20002124G; DigiKey Produktseite, abgerufen 2026-09-02 | K25: OK | L25: Gemeinsamer Identifikations-EEPROM für alle Boards. Frühere Lieferantendaten gehörten zur falschen SPI-Version 25AA02E64T-I/OT und wurden entfernt; Bezugsquelle, Bestellnummer und Preis neu ergänzen. Auf Modulboards derzeit DNP.; In allen vier aktuellen Empty-Schemata derzeit DNP; A1 liegt an +3V3_SYS, A0 wird über J1 herausgeführt; U1 ist in den aktuellen DuoRelay- und AnalogHydroPressure-Schemata derzeit DNP Bezug als Cut Tape bei DigiKey; keine parametrischen Ersatztypen ohne vorprogrammierte EUI-64 verwenden. | M25: 24AA025E64T-I/OT | S25: =IF(G25<>"",UPPER(TRIM(G25)),UPPER(TRIM(C25&"|"&E25))) -> 24AA025E64T-I/OT
A26: ENP-00025 | B26: Steckverbinder | C26: JST-PH Stiftleiste, 4-polig, vertikal | D26: 4-polig, 2,00 mm | E26: Connector_JST:JST_PH_B4B-PH-K_1x04_P2.00mm_Vertical | F26: JST | G26: B4B-PH-K-S | H26: EnvNode | I26: GPIO4, GPIO13-19, GPIO23, GPIO32-36, GPIO39 | J26: KiCad | K26: OK | L26: Mögliche Überschneidung mit dem vorhandenen JST-PH-Set prüfen. | M26: B4B-PH-K-S | S26: =IF(G26<>"",UPPER(TRIM(G26)),UPPER(TRIM(C26&"|"&E26))) -> B4B-PH-K-S
A27: ENP-00026 | B27: Steckverbinder | C27: JST-SH Stiftleiste, 4-polig, horizontal | D27: 4-polig, 1,00 mm | E27: Connector_JST:JST_SH_SM04B-SRSS-TB_1x04-1MP_P1.00mm_Horizontal | F27: JST | G27: SM04B-SRSS-TB | H27: EnvNode; EnvNodeMini Rev 0.2; SolarRadiation | I27: EnvNode I2C0_1-3,I2C1_1-3; EnvNodeMini Rev 0.2 J4,J5; SolarRadiation I2C1 | J27: KiCad | K27: OK | L27: MPN-Suffix und Verpackungsform festlegen; nicht mit Qwiic-Pigtail zusammenführen. | M27: SM04B-SRSS-TB | S27: =IF(G27<>"",UPPER(TRIM(G27)),UPPER(TRIM(C27&"|"&E27))) -> SM04B-SRSS-TB
A28: ENP-00027 | B28: IC | C28: 16-Bit ADC mit I²C | D28: ADS1115IDGS | E28: Package_SO:TSSOP-10_3x3mm_P0.5mm | F28: Texas Instruments | G28: ADS1115IDGS | H28: AnalogInput; SolarRadiation; AnalogHydroPressure | I28: jeweils U1; AnalogHydroPressure U2 | J28: KiCad | K28: OK | L28: Nicht mit dem vorhandenen ADS1115-Entwicklungsboard zusammenführen. | M28: ADS1115IDGS | S28: =IF(G28<>"",UPPER(TRIM(G28)),UPPER(TRIM(C28&"|"&E28))) -> ADS1115IDGS
A29: ENP-00028 | B29: Kondensator | C29: Keramikkondensator 1 µF SMD | D29: 1 µF | E29: Capacitor_SMD:C_1206_3216Metric_Pad1.33x1.80mm_HandSolder | F29: Kyocera | G29: 12065C105JAT2A | H29: AnalogInput; AnalogHydroPressure | I29: C1; AnalogHydroPressure C4,C7 | J29: KiCad | K29: OK | M29: 12065C105JAT2A | S29: =IF(G29<>"",UPPER(TRIM(G29)),UPPER(TRIM(C29&"|"&E29))) -> 12065C105JAT2A
A30: ENP-00029 | B30: Diode | C30: Dual-Schottky-Diode BAT54S | D30: BAT54S | E30: Package_TO_SOT_SMD:SOT-23 | F30: Diotec | G30: BAT54S | H30: AnalogInput; AnalogHydroPressure | I30: D1; AnalogHydroPressure D1 | J30: KiCad | K30: OK | L30: Aktuelles AnalogHydroPressure verwendet SOT-23 und stimmt damit mit dem Artikel-Footprint überein; Gehäuse der bestellten Variante dennoch prüfen. | M30: BAT54S | S30: =IF(G30<>"",UPPER(TRIM(G30)),UPPER(TRIM(C30&"|"&E30))) -> BAT54S
A31: ENP-00030 | B31: Steckverbinder | C31: Buchsenleiste 2x4, vertikal | D31: 2x4, 2,54 mm | E31: PinSocket_2x04_P2.54mm_Vertical / EnvNode Bottom-Variante | H31: Legacy Rev 0.1: EnvNodeMini; AnalogInput; DuoRelay | I31: AnalogInput J1,J2; DuoRelay J1,J2; EnvNodeMini J1,J2,J4,J5 | J31: KiCad | K31: Legacy | L31: Legacy-Artikel für die Modulsteckverbindung Rev 0.1; nicht für die aktuellen 2x7-Steckplätze verwenden. | M31: BUCHSENLEISTE 2X4, VERTIKAL|PINSOCKET_2X04_P2.54MM_VERTICAL / ENVNODE BOTTOM-VARIANTE | S31: =IF(G31<>"",UPPER(TRIM(G31)),UPPER(TRIM(C31&"|"&E31))) -> BUCHSENLEISTE 2X4, VERTIKAL|PINSOCKET_2X04_P2.54MM_VERTICAL / ENVNODE BOTTOM-VARIANTE
A32: ENP-00031 | B32: Steckverbinder | C32: Buchsenleiste 1x2, vertikal | D32: 1x2, 2,54 mm | E32: Connector_PinSocket_2.54mm:PinSocket_1x02_P2.54mm_Vertical | H32: AnalogInput; AnalogHydroPressure | I32: J3; AnalogHydroPressure J3 | J32: KiCad | K32: Legacy | M32: BUCHSENLEISTE 1X2, VERTIKAL|CONNECTOR_PINSOCKET_2.54MM:PINSOCKET_1X02_P2.54MM_VERTICAL | S32: =IF(G32<>"",UPPER(TRIM(G32)),UPPER(TRIM(C32&"|"&E32))) -> BUCHSENLEISTE 1X2, VERTIKAL|CONNECTOR_PINSOCKET_2.54MM:PINSOCKET_1X02_P2.54MM_VERTICAL
A33: ENP-00032 | B33: Widerstand | C33: Widerstand, Metallschicht, 150 Ohm, 0207, 250 mW, 0,1% | D33: 150 Ω, 0,1 %, ≤25 ppm/K, >0,125 W | E33: Resistor_THT:R_Axial_DIN0207_L6.3mm_D2.5mm_P7.62mm_Horizontal | F33: Arcol | G33: MRA0207 150R B 15PPM TA | H33: AnalogInput; AnalogHydroPressure | I33: R1; AnalogHydroPressure R3 | J33: KiCad | K33: OK | M33: MRA0207 150R B 15PPM TA | S33: =IF(G33<>"",UPPER(TRIM(G33)),UPPER(TRIM(C33&"|"&E33))) -> MRA0207 150R B 15PPM TA
A34: ENP-00033 | B34: Diode | C34: Schnelle Schaltdiode 1N4148W | D34: 1N4148W | E34: Diode_SMD:D_SOD-123 | F34: Diotec | G34: 1N4148W | H34: DuoRelay | I34: D1,D2 | J34: KiCad | K34: OK | M34: 1N4148W | S34: =IF(G34<>"",UPPER(TRIM(G34)),UPPER(TRIM(C34&"|"&E34))) -> 1N4148W
A35: ENP-00034 | B35: Steckverbinder | C35: Schraubklemme 1x3, horizontal | D35: 3-polig, 5,08 mm | E35: TerminalBlock_Phoenix:TerminalBlock_Phoenix_MKDS-3-3-5.08_1x03_P5.08mm_Horizontal | F35: Phoenix Contact | H35: DuoRelay | I35: J3,J4 | J35: KiCad | K35: OK | L35: Exakte Hersteller-MPN ergänzen. | M35: SCHRAUBKLEMME 1X3, HORIZONTAL|TERMINALBLOCK_PHOENIX:TERMINALBLOCK_PHOENIX_MKDS-3-3-5.08_1X03_P5.08MM_HORIZONTAL | S35: =IF(G35<>"",UPPER(TRIM(G35)),UPPER(TRIM(C35&"|"&E35))) -> SCHRAUBKLEMME 1X3, HORIZONTAL|TERMINALBLOCK_PHOENIX:TERMINALBLOCK_PHOENIX_MKDS-3-3-5.08_1X03_P5.08MM_HORIZONTAL
A36: ENP-00035 | B36: Transistor | C36: NPN-Transistor BC817 | D36: BC817 | E36: Package_TO_SOT_SMD:SOT-23_Handsoldering | F36: Diotec | G36: BC817 | H36: DuoRelay | I36: Q1,Q2 | J36: KiCad | K36: OK | M36: BC817 | S36: =IF(G36<>"",UPPER(TRIM(G36)),UPPER(TRIM(C36&"|"&E36))) -> BC817
A37: ENP-00036 | B37: Widerstand | C37: Widerstand 1 kΩ SMD | D37: 1 kΩ | E37: Resistor_SMD:R_1206_3216Metric_Pad1.30x1.75mm_HandSolder | F37: Vishay | G37: CRCW12061K00FKEA | H37: DuoRelay | I37: R1,R2 | J37: KiCad | K37: OK | M37: CRCW12061K00FKEA | S37: =IF(G37<>"",UPPER(TRIM(G37)),UPPER(TRIM(C37&"|"&E37))) -> CRCW12061K00FKEA
A38: ENP-00037 | B38: Kondensator | C38: Elektrolytkondensator 47 µF radial | D38: 47 µF, 50 V | E38: Capacitor_SMD:CP_Elec_6.3x7.7 | F38: Europe ChemiCon | G38: HHXC500ARA470MHA0G | H38: EnvNodeMini Rev 0.1 | I38: EnvNodeMini Rev 0.1 C1 | J38: KiCad | K38: OK | M38: HHXC500ARA470MHA0G | S38: =IF(G38<>"",UPPER(TRIM(G38)),UPPER(TRIM(C38&"|"&E38))) -> HHXC500ARA470MHA0G
A39: ENP-00038 | B39: Diode | C39: Schottky-Diode STPS3L60S | D39: B360B-13-F | E39: Diode_SMD:D_SMB_Handsoldering | F39: Diodes | G39: STPS3L60S | H39: EnvNodeMini Rev 0.1 | I39: EnvNodeMini Rev 0.1 D1 | J39: KiCad | K39: OK | M39: STPS3L60S | S39: =IF(G39<>"",UPPER(TRIM(G39)),UPPER(TRIM(C39&"|"&E39))) -> STPS3L60S
A40: ENP-00039 | B40: Schutzdiode | C40: TVS-Diode SMBJ24A | D40: 24 V | E40: Diode_SMD:D_SMB_Handsoldering | F40: Littelfuse | G40: SMBJ24A | H40: EnvNodeMini Rev 0.1 | I40: EnvNodeMini Rev 0.1 D2 | J40: KiCad | K40: OK | M40: SMBJ24A | S40: =IF(G40<>"",UPPER(TRIM(G40)),UPPER(TRIM(C40&"|"&E40))) -> SMBJ24A
A41: ENP-00040 | B41: Sicherung | C41: Sicherung 2 A | D41: 2 A | E41: Fuse:Fuse_Littelfuse-NANO2-451_453 | F41: Littelfuse | H41: EnvNodeMini Rev 0.1 | I41: EnvNodeMini Rev 0.1 F1 | J41: KiCad | K41: Legacy | L41: Exakte Serie/MPN und Auslösecharakteristik ergänzen. | M41: SICHERUNG 2 A|FUSE:FUSE_LITTELFUSE-NANO2-451_453 | S41: =IF(G41<>"",UPPER(TRIM(G41)),UPPER(TRIM(C41&"|"&E41))) -> SICHERUNG 2 A|FUSE:FUSE_LITTELFUSE-NANO2-451_453
A42: ENP-00041 | B42: Steckverbinder | C42: Schraubklemme 1x2, horizontal | D42: 2-polig, 5,00 mm | E42: TerminalBlock_RND:TerminalBlock_RND_205-00001_1x02_P5.00mm_Horizontal | F42: RND | G42: 205-00001 | H42: EnvNodeMini Rev 0.1 | I42: EnvNodeMini Rev 0.1 J3 | J42: KiCad | K42: Legacy | M42: 205-00001 | S42: =IF(G42<>"",UPPER(TRIM(G42)),UPPER(TRIM(C42&"|"&E42))) -> 205-00001
A43: ENP-00042 | B43: DC/DC-Wandler | C43: Schaltreglermodul 5 V | D43: TSR 1-2450 | E43: Converter_DCDC:Converter_DCDC_TRACO_TSR-1_THT | F43: Traco Power | G43: TSR 1-2450 | H43: EnvNodeMini Rev 0.1 | I43: EnvNodeMini Rev 0.1 U3 | J43: KiCad | K43: OK | M43: TSR 1-2450 | S43: =IF(G43<>"",UPPER(TRIM(G43)),UPPER(TRIM(C43&"|"&E43))) -> TSR 1-2450
A44: ENP-00043 | B44: DC/DC-Wandler | C44: Schaltreglermodul 3,3 V | D44: TSR 1-2433 | E44: Converter_DCDC:Converter_DCDC_TRACO_TSR-1_THT | F44: Traco Power | G44: TSR 1-2433 | H44: EnvNodeMini Rev 0.1 | I44: EnvNodeMini Rev 0.1 U4 | J44: KiCad | K44: OK | L44: KiCad-Library-ID basiert auf TSR_1-2450; Wert und tatsächliches Teil prüfen. | M44: TSR 1-2433 | S44: =IF(G44<>"",UPPER(TRIM(G44)),UPPER(TRIM(C44&"|"&E44))) -> TSR 1-2433
A45: ENP-00044 | B45: Kondensator | C45: Keramikkondensator 10 nF SMD | D45: 10 nF | E45: Capacitor_SMD:C_1206_3216Metric_Pad1.33x1.80mm_HandSolder | F45: Kyocera | G45: 12061C103JAT2A | H45: SolarRadiation | I45: C2 | J45: KiCad | K45: OK | M45: 12061C103JAT2A | S45: =IF(G45<>"",UPPER(TRIM(G45)),UPPER(TRIM(C45&"|"&E45))) -> 12061C103JAT2A
A46: ENP-00045 | B46: Widerstand | C46: Widerstand, Metallschicht, 2 Ohm, 0207, 600 mW, 0,1% | D46: 2 Ω | E46: Resistor_THT:R_Axial_DIN0207_L6.3mm_D2.5mm_P7.62mm_Horizontal | F46: Yageo | G46: MF0207FTE52-2R | H46: SolarRadiation | I46: R1 | J46: KiCad | K46: OK | M46: MF0207FTE52-2R | S46: =IF(G46<>"",UPPER(TRIM(G46)),UPPER(TRIM(C46&"|"&E46))) -> MF0207FTE52-2R
A47: ENP-00046 | B47: Solarzelle | C47: Solarzelle KXOB25-14X1F-TB | D47: KXOB25-14X1F-TB | E47: EnvNode-Footprints:KXOB25-14X1F | G47: KXOB25-14X1F-TB | H47: SolarRadiation | I47: SC1 | J47: KiCad | K47: Prüfen | M47: KXOB25-14X1F-TB | S47: =IF(G47<>"",UPPER(TRIM(G47)),UPPER(TRIM(C47&"|"&E47))) -> KXOB25-14X1F-TB
A48: ENP-00047 | B48: Sensor-IC | C48: Temperatursensor TMP100 | D48: TMP100 | E48: Package_TO_SOT_SMD:SOT-23-6 | F48: Texas Instruments | G48: TMP100 | H48: SolarRadiation | I48: U2 | J48: KiCad | K48: Prüfen | L48: Vollständige bestellbare MPN einschließlich Genauigkeits-/Gehäusevariante ergänzen. | M48: TMP100 | S48: =IF(G48<>"",UPPER(TRIM(G48)),UPPER(TRIM(C48&"|"&E48))) -> TMP100
A49: ENP-00048 | B49: PCB | C49: EnvNode Mainboard PCB | D49: Revision 0.2 | E49: PCB: EnvNode.kicad_pcb | F49: JLCPCB | H49: EnvNode | J49: KiCad | K49: Prüfen | L49: Aktueller KiCad-Stand; Fertiger und konkrete Fertigungsvariante festlegen. | M49: ENVNODE MAINBOARD PCB|PCB: ENVNODE.KICAD_PCB | S49: =IF(G49<>"",UPPER(TRIM(G49)),UPPER(TRIM(C49&"|"&E49))) -> ENVNODE MAINBOARD PCB|PCB: ENVNODE.KICAD_PCB
A50: ENP-00049 | B50: PCB | C50: EnvNode Mini PCB | D50: Revision 0.1 | E50: PCB: EnvNodeMini.kicad_pcb | H50: EnvNodeMini Rev 0.1 | J50: KiCad | K50: Legacy | L50: Legacy-Leiterplatte Revision 0.1; für Revision 0.2 existiert ein eigener Artikel. | M50: ENVNODE MINI PCB|PCB: ENVNODEMINI.KICAD_PCB | S50: =IF(G50<>"",UPPER(TRIM(G50)),UPPER(TRIM(C50&"|"&E50))) -> ENVNODE MINI PCB|PCB: ENVNODEMINI.KICAD_PCB
A51: ENP-00050 | B51: PCB | C51: AnalogInput HalfSize PCB | D51: Revision 0.1 | E51: PCB: AnalogInput.kicad_pcb | H51: AnalogInput | J51: KiCad | K51: Legacy | L51: Fertiger und konkrete Fertigungsvariante festlegen. | M51: ANALOGINPUT HALFSIZE PCB|PCB: ANALOGINPUT.KICAD_PCB | S51: =IF(G51<>"",UPPER(TRIM(G51)),UPPER(TRIM(C51&"|"&E51))) -> ANALOGINPUT HALFSIZE PCB|PCB: ANALOGINPUT.KICAD_PCB
A52: ENP-00051 | B52: PCB | C52: DuoRelay FullSize PCB Rev 0.1 | D52: Revision 0.1 | E52: PCB: DuoRelay.kicad_pcb | H52: DuoRelay Rev 0.1 | J52: KiCad | K52: Legacy | L52: Legacy-Leiterplatte Revision 0.1; der aktuelle KiCad-Stand ist Revision 0.2 und besitzt einen eigenen Artikel. | M52: DUORELAY FULLSIZE PCB REV 0.1|PCB: DUORELAY.KICAD_PCB | S52: =IF(G52<>"",UPPER(TRIM(G52)),UPPER(TRIM(C52&"|"&E52))) -> DUORELAY FULLSIZE PCB REV 0.1|PCB: DUORELAY.KICAD_PCB
A53: ENP-00052 | B53: PCB | C53: SolarRadiation PCB | D53: Revision 0.1 | E53: PCB: SolarRadiation.kicad_pcb | H53: SolarRadiation | J53: KiCad | K53: OK | L53: Fertiger und konkrete Fertigungsvariante festlegen. | M53: SOLARRADIATION PCB|PCB: SOLARRADIATION.KICAD_PCB | S53: =IF(G53<>"",UPPER(TRIM(G53)),UPPER(TRIM(C53&"|"&E53))) -> SOLARRADIATION PCB|PCB: SOLARRADIATION.KICAD_PCB
A54: ENP-00053 | B54: PCB | C54: RainDetector PCB | D54: Revision 1.0 | E54: PCB: Raindetector.kicad_pcb | H54: RainDetector | J54: KiCad | K54: OK | L54: Fertiger und konkrete Fertigungsvariante festlegen. | M54: RAINDETECTOR PCB|PCB: RAINDETECTOR.KICAD_PCB | S54: =IF(G54<>"",UPPER(TRIM(G54)),UPPER(TRIM(C54&"|"&E54))) -> RAINDETECTOR PCB|PCB: RAINDETECTOR.KICAD_PCB
A55: ENP-00054 | B55: Steckverbinder | C55: Buchsenleiste 2x7, 2,54 mm, vertikal | D55: 2x7, 2,54 mm, THT, vertikal, vergoldet, Bauhöhe 8,4 mm | E55: Connector_PinSocket_2.54mm:PinSocket_2x07_P2.54mm_Vertical | F55: Würth Elektronik | G55: 61301421821 | H55: EnvNodeMini Rev 0.2 | I55: J2,J3 | J55: KiCad; Würth Produktkatalog; DigiKey, abgerufen 2026-09-01 | K55: OK | L55: Würth WR-PHD Dual Socket Header, 14 Kontakte, 2,54 mm, THT, vergoldet, 3 A/250 V AC. Der generische KiCad-Footprint bildet Raster und THT-Anordnung ab; Gehäusekontur/Courtyard sind nicht herstellerspezifisch. | M55: BUCHSENLEISTE 2X7 2,54 MM VERTIKAL|CONNECTOR_PINSOCKET_2.54MM:PINSOCKET_2X07_P2.54MM_VERTICAL
A56: ENP-00055 | B56: Diode | C56: Schottky-Diode SS14, SMA | D56: SS14, 1 A, 40 V, UF max. 0,5 V, IFSM 40 A | E56: Diode_SMD:D_SMA | F56: Vishay | G56: SS14-E3/61T | H56: EnvNodeMini Rev 0.2 | I56: D1,D2 | J56: KiCad; Vishay; Reichelt, abgerufen 2026-09-01 | K56: OK | L56: Vishay Schottky-Gleichrichter im DO-214AC-/SMA-Gehäuse, 40 V Sperrspannung, 1 A Dauerstrom, 40 A Stoßstrom und Temperaturbereich −65 bis +150 °C. D1 entkoppelt +3V3_EXT, D2 entkoppelt +3V3_DEVKIT; beide speisen mit der Kathode +3V3_SYS. Zwei Stück je EnvNode Mini Rev 0.2. | M56: SS14-E3/61T
A57: ENP-00056 | B57: Kondensator | C57: Elektrolytkondensator 10 µF SMD | D57: 10 µF, ±20 %, 25 V, 85 °C, 2000 h | E57: Capacitor_SMD:CP_Elec_5x5.4 | F57: Panasonic | G57: EEE1EA100SR | H57: EnvNodeMini Rev 0.2 | I57: C6 | J57: KiCad; Panasonic; Reichelt, abgerufen 2026-09-01 | K57: OK | L57: Panasonic SMD-Aluminium-Elektrolytkondensator, 10 µF ±20 %, 25 V, 85 °C, 2000 h. Abmessungen Ø 5,0 × 5,4 mm passen exakt zum zugewiesenen KiCad-Footprint. C6 liegt zwischen +3V3_SYS und GND; 25 V bieten deutliche Spannungsreserve. Polarität beachten. | M57: EEE1EA100SR
A58: ENP-00057 | B58: PCB | C58: EnvNode Mini PCB Rev 0.2 | D58: Revision 0.2 | E58: PCB: MainBoards/EnvNode Mini/EnvNode Mini.kicad_pcb | F58: JLCPCB | H58: EnvNodeMini Rev 0.2 | J58: KiCad | K58: OK | L58: Aktueller KiCad-Stand; Fertiger und konkrete Fertigungsvariante festlegen. | M58: ENVNODE MINI PCB REV 0.2|PCB: MAINBOARDS/ENVNODE MINI/ENVNODE MINI.KICAD_PCB
A59: ENP-00058 | B59: Steckverbinder | C59: Stiftleiste 2x7, 2,54 mm, SMD | D59: 2x7, 2,54 mm, SMD, vertikal, vergoldet, 6,0 mm Stecklänge | E59: EnvNode-Footprints:J_Wurth_WR-PHD_61031421121 | F59: Würth Elektronik | G59: 61031421121 | H59: Empty FullSize/HalfSize SMD | I59: J1 | J59: KiCad; Würth Datenblatt; DigiKey, abgerufen 2026-09-01 | K59: OK | L59: Würth WR-PHD SMD-Stiftleiste, 14 Kontakte, 2,54 mm, vergoldet, 3 A/250 V. Exakter Artikel für den Projekt-Footprint J_Wurth_WR-PHD_61031421121. Einzelpreis Gurtabschnitt, Stand 2026-09-01; Preis und Verfügbarkeit vor Bestellung prüfen. | M59: 61031421121
A60: ENP-00059 | B60: Steckverbinder | C60: Stiftleiste 2x7, 2,54 mm, vertikal, Bottom-Mount | D60: 2x7, 2,54 mm, THT, vertikal, vergoldet, 6,1 mm Stecklänge, 3,0 mm Lötstift | E60: EnvNode-Footprints:PinHeader_2x07_P2.54mm_Vertical_Bottom | F60: ECON Connect | G60: SL14G2 | H60: Empty FullSize/HalfSize THT; DuoRelay Rev 0.2; AnalogHydroPressure | I60: J1; DuoRelay Rev 0.2 J1; AnalogHydroPressure J1 | J60: KiCad; ECON Connect Datenblatt; Reichelt, abgerufen 2026-09-01 | K60: OK | L60: Standard-THT-Stiftleiste mit 11,6 mm Gesamtlänge, vergoldeten Kontakten und 3 A Nennstrom. Die Bestückung von der Modulunterseite und die dafür passende Pinorientierung werden durch den Projekt-Footprint PinHeader_2x07_P2.54mm_Vertical_Bottom festgelegt. Einzelpreis inkl. MwSt., Stand 2026-09-01; Preis und Verfügbarkeit vor Bestellung prüfen. | M60: STIFTLEISTE 2X7 2,54 MM THT BOTTOM|ENVNODE-FOOTPRINTS:PINHEADER_2X07_P2.54MM_VERTICAL_BOTTOM
A61: ENP-00060 | B61: PCB | C61: Empty FullSize SMD PCB | D61: Revision offen | E61: PCB: Modules/FullSize/Empty-SMD/Empty-SMD.kicad_pcb | H61: Empty FullSize SMD | J61: KiCad | K61: OK | L61: Aktueller KiCad-Stand; Revision, Fertiger und konkrete Fertigungsvariante festlegen. | M61: EMPTY FULLSIZE SMD PCB|PCB: MODULES/FULLSIZE/EMPTY-SMD/EMPTY-SMD.KICAD_PCB
A62: ENP-00061 | B62: PCB | C62: Empty FullSize THT PCB | D62: Revision offen | E62: PCB: Modules/FullSize/Empty-THT/Empty-THT.kicad_pcb | H62: Empty FullSize THT | J62: KiCad | K62: OK | L62: Aktueller KiCad-Stand; Revision, Fertiger und konkrete Fertigungsvariante festlegen. | M62: EMPTY FULLSIZE THT PCB|PCB: MODULES/FULLSIZE/EMPTY-THT/EMPTY-THT.KICAD_PCB
A63: ENP-00062 | B63: PCB | C63: Empty HalfSize SMD PCB | D63: Revision offen | E63: PCB: Modules/HalfSize/Empty-SMD/Empty-SMD.kicad_pcb | H63: Empty HalfSize SMD | J63: KiCad | K63: OK | L63: Aktueller KiCad-Stand; Revision, Fertiger und konkrete Fertigungsvariante festlegen. | M63: EMPTY HALFSIZE SMD PCB|PCB: MODULES/HALFSIZE/EMPTY-SMD/EMPTY-SMD.KICAD_PCB
A64: ENP-00063 | B64: PCB | C64: Empty HalfSize THT PCB | D64: Revision offen | E64: PCB: Modules/HalfSize/Empty-THT/Empty-THT.kicad_pcb | H64: Empty HalfSize THT | J64: KiCad | K64: OK | L64: Aktueller KiCad-Stand; Revision, Fertiger und konkrete Fertigungsvariante festlegen. | M64: EMPTY HALFSIZE THT PCB|PCB: MODULES/HALFSIZE/EMPTY-THT/EMPTY-THT.KICAD_PCB
A65: ENP-00064 | B65: LED | C65: LED SMD 1206, rot | D65: Hyperrot, 645 nm, 250 mcd, 140°, Vf 2,0–2,5 V, IF max. 30 mA | E65: LED_SMD:LED_1206_3216Metric_Pad1.42x1.75mm_HandSolder | F65: Kingbright | G65: KP-3216SURC | H65: DuoRelay Rev 0.2 | I65: D3,D4 | J65: KiCad; Kingbright; Reichelt, abgerufen 2026-09-01 | K65: OK | L65: Kingbright SMD-LED im 1206-/3216-Gehäuse, hyperrot, 250 mcd, 140° Abstrahlwinkel, Bauhöhe 1,1 mm. Im DuoRelay liegen D3/D4 über je 1,5 kΩ an +5 V; bei etwa 2 V Vorwärtsspannung fließen rund 2 mA. | M65: KP-3216SURC
A66: ENP-00065 | B66: Widerstand | C66: Widerstand 1,5 kΩ SMD | D66: 1,5 kΩ, 1 %, 0,25 W, 1206 | E66: Resistor_SMD:R_1206_3216Metric_Pad1.30x1.75mm_HandSolder | F66: Vishay | G66: CRCW12061K50FKEA | H66: DuoRelay Rev 0.2 | I66: R5,R6 | J66: KiCad; Reichelt, abgerufen 2026-09-01 | K66: OK | L66: Exakt passend als Vorwiderstand der Relais-LEDs. Einzelpreis, Stand 2026-09-01; Preis und Verfügbarkeit vor Bestellung prüfen. | M66: 1,5 KOHM|RESISTOR_SMD:R_1206_3216METRIC_PAD1.30X1.75MM_HANDSOLDER
A67: ENP-00066 | B67: PCB | C67: DuoRelay FullSize PCB Rev 0.2 | D67: Revision 0.2 | E67: PCB: Modules/FullSize/DuoRelay/DuoRelay.kicad_pcb | F67: JLCPCB | H67: DuoRelay Rev 0.2 | J67: KiCad | K67: OK | L67: Aktueller KiCad-Stand; Fertiger und konkrete Fertigungsvariante festlegen. | M67: DUORELAY FULLSIZE PCB REV 0.2|PCB: MODULES/FULLSIZE/DUORELAY/DUORELAY.KICAD_PCB
A68: ENP-00067 | B68: Kondensator | C68: Keramikkondensator 4,7 µF SMD | D68: 4,7 µF, 25 V, X7R, ±10 %, 1206 | E68: Capacitor_SMD:C_1206_3216Metric_Pad1.33x1.80mm_HandSolder | F68: Samsung Electro-Mechanics | G68: CL31B475KAHNNNE | H68: AnalogHydroPressure | I68: C6 | J68: KiCad; Reichelt, abgerufen 2026-09-01 | K68: OK | L68: 25-V-Ausführung übertrifft die geforderten mindestens 10 V. Einzelpreis, Stand 2026-09-01; Preis und Verfügbarkeit vor Bestellung prüfen. | M68: 4,7 UF 10 V|CAPACITOR_SMD:C_1206_3216METRIC_PAD1.33X1.80MM_HANDSOLDER
A69: ENP-00068 | B69: Kondensator | C69: Keramikkondensator 4,7 µF SMD | D69: 4,7 µF, 50 V, X7R, ±10 %, 1210 | E69: Capacitor_SMD:C_1210_3225Metric_Pad1.33x2.70mm_HandSolder | F69: Samsung Electro-Mechanics | G69: CL32B475KBJVPNE | H69: AnalogHydroPressure | I69: C9 | J69: KiCad; Reichelt, abgerufen 2026-09-01 | K69: OK | L69: Passende 50-V-/1210-Ausführung für den Ausgang des 24-V-Boosters. Einzelpreis, Stand 2026-09-01; Preis und Verfügbarkeit vor Bestellung prüfen. | M69: 4,7 UF 50 V|CAPACITOR_SMD:C_1210_3225METRIC_PAD1.33X2.70MM_HANDSOLDER
A70: ENP-00069 | B70: Diode | C70: Schottky-Diode SMD | D70: Typ und elektrische Daten offen | E70: Diode_SMD:D_SOD-323F | H70: AnalogHydroPressure | I70: D3 | J70: KiCad | K70: Prüfen | L70: Schema enthält nur den generischen Wert D_Schottky; Sperrspannung, Strom, Hersteller und MPN festlegen. Einkaufsdaten bleiben offen, bis Sperrspannung und Strombelastbarkeit festgelegt sind. | M70: SCHOTTKY|DIODE_SMD:D_SOD-323F
A71: ENP-00070 | B71: Induktivität | C71: Leistungsinduktivität 0,68 µH | D71: 0,68 µH, 8,2 A, DCR 9 mΩ, WE-MAPI 3012 | E71: Inductor_SMD:L_Wuerth_MAPI-3012 | F71: Würth Elektronik | G71: 744383560068 | H71: AnalogHydroPressure | I71: L1 | J71: KiCad; Würth Datenblatt; Mouser, abgerufen 2026-09-01 | K71: OK | L71: Exakte MAPI-3012-Ausführung: 680 nH, 8,2 A, DCR 9 mΩ, AEC-Q200. Einzelpreis, Stand 2026-09-01; Preis und Verfügbarkeit vor Bestellung prüfen. | M71: 0,68 UH|INDUCTOR_SMD:L_WUERTH_MAPI-3012
A72: ENP-00071 | B72: Widerstand | C72: Widerstand 1 MΩ SMD | D72: 1 MΩ, 1 %, 0,25 W, 1206 | E72: Resistor_SMD:R_1206_3216Metric_Pad1.30x1.75mm_HandSolder | F72: Vishay | G72: CRCW12061M00FKEA | H72: AnalogHydroPressure | I72: R5 | J72: KiCad; Reichelt, abgerufen 2026-09-01 | K72: OK | L72: Elektrisch und mechanisch passend. Einzelpreis, Stand 2026-09-01; Preis und Verfügbarkeit vor Bestellung prüfen. | M72: 1 MOHM 1%|RESISTOR_SMD:R_1206_3216METRIC_PAD1.30X1.75MM_HANDSOLDER
A73: ENP-00072 | B73: Widerstand | C73: Widerstand 71,5 kΩ SMD | D73: 71,5 kΩ, 1 %, 0,25 W, 1206 | E73: Resistor_SMD:R_1206_3216Metric_Pad1.30x1.75mm_HandSolder | F73: Yageo | G73: RC1206FR-0771K5L | H73: AnalogHydroPressure | I73: R6 | J73: KiCad; DigiKey, abgerufen 2026-09-01 | K73: OK | L73: Exakter Wert für den Feedback-Widerstand; DigiKey-Bestellnummer auf der Produktseite vor Bestellung ergänzen. Einzelpreis, Stand 2026-09-01; Preis und Verfügbarkeit vor Bestellung prüfen. | M73: 71,5 KOHM 1%|RESISTOR_SMD:R_1206_3216METRIC_PAD1.30X1.75MM_HANDSOLDER
A74: ENP-00073 | B74: Widerstand | C74: Widerstand 220 kΩ SMD | D74: 220 kΩ, 1 %, 0,25 W, 1206 | E74: Resistor_SMD:R_1206_3216Metric_Pad1.30x1.75mm_HandSolder | F74: Walsin | G74: WR12X2203FTL | H74: AnalogHydroPressure | I74: R8 | J74: KiCad; TME, abgerufen 2026-09-01 | K74: OK | L74: Exakte 1-%-Ausführung; der gefundene Reichelt-Typ mit 5 % wurde nicht übernommen. Einzelpreis, Stand 2026-09-01; Preis und Verfügbarkeit vor Bestellung prüfen. | M74: 220 KOHM 1%|RESISTOR_SMD:R_1206_3216METRIC_PAD1.30X1.75MM_HANDSOLDER
A75: ENP-00074 | B75: Schalter | C75: Schiebeschalter DPDT | D75: DPDT | E75: EnvNode-Footprints:SW_Slide_CK_OS202011MS2QS1 | F75: C&K | G75: OS202011MS2QS1 | H75: AnalogHydroPressure | I75: SW1 | J75: KiCad; C&K Datenblatt; Mouser, abgerufen 2026-09-01 | K75: OK | L75: Exakt der dem Projekt-Footprint zugrunde liegende DPDT-On-On-Schalter. Einzelpreis, Stand 2026-09-01; Preis und Verfügbarkeit vor Bestellung prüfen. | M75: OS202011MS2QS1
A76: ENP-00075 | B76: DC/DC-Wandler | C76: Boost-Regler LT8330 | D76: LT8330, 3…40 V Eingang, 60 V/1 A Schalter, TSOT-23-6 | E76: Package_TO_SOT_SMD:SOT-23-6 | F76: Analog Devices | G76: LT8330ES6#TRMPBF | H76: AnalogHydroPressure | I76: U4 | J76: KiCad; Analog Devices Datenblatt; Mouser, abgerufen 2026-09-01 | K76: OK | L76: Bestellbare E-Temperaturvariante im geforderten TSOT-23-6, Cut Tape. Einzelpreis, Stand 2026-09-01; Preis und Verfügbarkeit vor Bestellung prüfen. | M76: LT8330|PACKAGE_TO_SOT_SMD:SOT-23-6
A77: ENP-00076 | B77: PCB | C77: AnalogHydroPressure FullSize PCB Rev 0.2 | D77: Revision 0.2 | E77: PCB: Modules/FullSize/AnalogHydroPressure/AnalogHydroPressure.kicad_pcb | F77: JLCPCB | H77: AnalogHydroPressure | J77: KiCad | K77: OK | L77: Aktueller KiCad-Stand einschließlich Busumschaltung auf Modulseite und F.Cu-Backfill; Fertiger und Fertigungsvariante festlegen. | M77: ANALOGHYDROPRESSURE FULLSIZE PCB REV 0.2|PCB: MODULES/FULLSIZE/ANALOGHYDROPRESSURE/ANALOGHYDROPRESSURE.KICAD_PCB
A78: ENP-00077 | B78: Adapter | C78: SMD-Adapter SOT23-3 auf Raster 2,54 mm | D78: SOT23-3, Pitch 0,95 mm auf RM 2,54 mm | F78: ROTH-ELEKTRONIK | G78: RE909 | H78: Bestand/Werkstatt | J78: Reichelt-Bestellung; Nutzerangabe 2026-09-01 | K78: OK | L78: Prototyping-Adapter, 8,6 × 13,2 mm; derzeit keinem Kit oder KiCad-BOM zugeordnet. | M78: RE909
A79: ENP-00078 | B79: Widerstand | C79: Metalloxidwiderstand 100 Ohm, 1 W, 5 % | D79: 100 Ω, 1 W, 5 %, 500 V | E79: Resistor_THT:R_Axial_DIN0207_L6.3mm_D2.5mm_P10.16mm_Horizontal | F79: VITROHM | G79: POS100JT-52-100RAA | H79: Bestand/Werkstatt | J79: Reichelt-Bestellung; Nutzerangabe 2026-09-01 | K79: OK | L79: Gegurteter THT-Metalloxidwiderstand, Bauform 0207; derzeit keinem Kit oder KiCad-BOM zugeordnet. | M79: POS100JT-52-100RAA
A80: ENP-00079 | B80: Widerstand | C80: Metalloxidwiderstand 100 kOhm, 1 W, 5 % | D80: 100 kΩ, 1 W, 5 %, 500 V | E80: Resistor_THT:R_Axial_DIN0207_L6.3mm_D2.5mm_P10.16mm_Horizontal | F80: VITROHM | G80: POS100JT-52-100KAA | H80: Bestand/Werkstatt | J80: Reichelt-Bestellung; Nutzerangabe 2026-09-01 | K80: OK | L80: Gegurteter THT-Metalloxidwiderstand, Bauform 0207; derzeit keinem Kit oder KiCad-BOM zugeordnet. | M80: POS100JT-52-100KAA
A81: ENP-00080 | B81: Steckverbinder | C81: WEIPU SP13 Gehäusebuchse, 2-polig | D81: 2-polig, Buchsenkontakte, IP68 gesteckt, Lötanschluss, Hinterwandmontage | E81: WEIPU SP13 Gehäusebuchse, 2-polig | F81: WEIPU | G81: SP1312/S2-N | H81: Gehäusemontage (offen) | J81: WEIPU SP13 Katalog, abgerufen 2026-09-01 | K81: Prüfen | L81: Passend zu Kabelstecker SP1310/P2-N (ENP-00081). 13 A / 250 V AC; Panel-Ausschnitt Ø13 mm. Einsatz und Pinbelegung im Kit festlegen. | M81: SP1312/S2-N
A82: ENP-00081 | B82: Steckverbinder | C82: WEIPU SP13 Kabelstecker, 2-polig | D82: 2-polig, Stiftkontakte, IP68 gesteckt, Lötanschluss | E82: WEIPU SP13 Kabelstecker, 2-polig | F82: WEIPU | G82: SP1310/P2-N | H82: Gehäusemontage (offen) | J82: WEIPU SP13 Katalog, abgerufen 2026-09-01 | K82: Prüfen | L82: Passend zu Gehäusebuchse SP1312/S2-N (ENP-00080). 13 A / 250 V AC. Standardvariante I für Kabel-Ø 4–6,5 mm; Variante II für 5–8 mm vor Bestellung prüfen. | M82: SP1310/P2-N
A83: ENP-00082 | B83: Steckverbinder | C83: WEIPU SP13 Gehäusestecker, 2-polig | D83: 2-polig, Stiftkontakte, IP68 gesteckt, Lötanschluss, Hinterwandmontage | E83: WEIPU SP13 Gehäusestecker, 2-polig | F83: WEIPU | G83: SP1312/P2-N | H83: Gehäusemontage (offen) | J83: WEIPU SP13 Katalog, abgerufen 2026-09-01 | K83: Prüfen | L83: Passend zu Kabelbuchse SP1310/S2-N (ENP-00083). 13 A / 250 V AC; Panel-Ausschnitt Ø13 mm. Einsatz und Pinbelegung im Kit festlegen. | M83: SP1312/P2-N
A84: ENP-00083 | B84: Steckverbinder | C84: WEIPU SP13 Kabelbuchse, 2-polig | D84: 2-polig, Buchsenkontakte, IP68 gesteckt, Lötanschluss | E84: WEIPU SP13 Kabelbuchse, 2-polig | F84: WEIPU | G84: SP1310/S2-N | H84: Gehäusemontage (offen) | J84: WEIPU SP13 Katalog, abgerufen 2026-09-01 | K84: Prüfen | L84: Passend zu Gehäusestecker SP1312/P2-N (ENP-00082). 13 A / 250 V AC. Standardvariante I für Kabel-Ø 4–6,5 mm; Variante II für 5–8 mm vor Bestellung prüfen. | M84: SP1310/S2-N
A85: ENP-00084 | B85: Steckverbinder | C85: WEIPU SP13 Gehäusebuchse, 4-polig | D85: 4-polig, Buchsenkontakte, IP68 gesteckt, Lötanschluss, Hinterwandmontage | E85: WEIPU SP13 Gehäusebuchse, 4-polig | F85: WEIPU | G85: SP1312/S4-N | H85: Gehäusemontage (offen) | J85: WEIPU SP13 Katalog, abgerufen 2026-09-01 | K85: Prüfen | L85: Passend zu Kabelstecker SP1310/P4-N (ENP-00085). 5 A / 200 V AC; Panel-Ausschnitt Ø13 mm. Vorgesehen für I2C/GPIO/Sensorik. | M85: SP1312/S4-N
A86: ENP-00085 | B86: Steckverbinder | C86: WEIPU SP13 Kabelstecker, 4-polig | D86: 4-polig, Stiftkontakte, IP68 gesteckt, Lötanschluss | E86: WEIPU SP13 Kabelstecker, 4-polig | F86: WEIPU | G86: SP1310/P4-N | H86: Gehäusemontage (offen) | J86: WEIPU SP13 Katalog, abgerufen 2026-09-01 | K86: Prüfen | L86: Passend zu Gehäusebuchse SP1312/S4-N (ENP-00084). 5 A / 200 V AC. Standardvariante I für Kabel-Ø 4–6,5 mm; Variante II für 5–8 mm vor Bestellung prüfen. | M86: SP1310/P4-N
A87: ENP-00086 | B87: Steckverbinder | C87: WEIPU SP13 Gehäusestecker, 4-polig | D87: 4-polig, Stiftkontakte, IP68 gesteckt, Lötanschluss, Hinterwandmontage | E87: WEIPU SP13 Gehäusestecker, 4-polig | F87: WEIPU | G87: SP1312/P4-N | H87: Gehäusemontage (offen) | J87: WEIPU SP13 Katalog, abgerufen 2026-09-01 | K87: Prüfen | L87: Passend zu Kabelbuchse SP1310/S4-N (ENP-00087). 5 A / 200 V AC; Panel-Ausschnitt Ø13 mm. Vorgesehen für I2C/GPIO/Sensorik. | M87: SP1312/P4-N
A88: ENP-00087 | B88: Steckverbinder | C88: WEIPU SP13 Kabelbuchse, 4-polig | D88: 4-polig, Buchsenkontakte, IP68 gesteckt, Lötanschluss | E88: WEIPU SP13 Kabelbuchse, 4-polig | F88: WEIPU | G88: SP1310/S4-N | H88: Gehäusemontage (offen) | J88: WEIPU SP13 Katalog, abgerufen 2026-09-01 | K88: Prüfen | L88: Passend zu Gehäusestecker SP1312/P4-N (ENP-00086). 5 A / 200 V AC. Standardvariante I für Kabel-Ø 4–6,5 mm; Variante II für 5–8 mm vor Bestellung prüfen. | M88: SP1310/S4-N
A89: ENP-00088 | B89: Steckverbinder | C89: DC-Einbaubuchse 5,5/2,1 mm – EnvNode 5-V-Versorgung | D89: 5,5 × 2,1 mm, 2-polig, 20 V DC / 10 A, Lötanschluss | F89: Delock | G89: 90174 | H89: Gehäusemontage (offen) | J89: Reichelt Produktseite, abgerufen 2026-09-01 | K89: Prüfen | L89: Für 5-V-Versorgung in trockener Umgebung. Passend für DC-Stecker 5,5/2,1 mm mit 9,5 oder 12 mm Stiftlänge. Polarität im Kit verbindlich festlegen, empfohlen: Plus am Innenkontakt. | M89: 90174
A90: ENP-00089 | B90: Steckverbinder | C90: USB-C-Buchse, 16-polig, USB 2.0, Top-Mount | D90: USB Type-C Receptacle, 16 Signalpins (+ 8 Dummy), 5 A, 48 V DC, SMD/TH, horizontal | E90: Connector_USB:USB_C_Receptacle_GCT_USB4105-xx-A_16P_TopMnt_Horizontal | F90: GCT | G90: USB4105-GF-A | H90: EnvNode Rev 0.2 | I90: USB-C-Power-Eingang | J90: GCT USB4105 Spezifikation; KiCad Standardbibliothek; DigiKey, abgerufen 2026-09-02 | K90: OK | L90: Power-only mit Symbol Connector:USB_C_Receptacle_USB2.0_16P. Robuste Top-Mount-Ausführung mit vier durchkontaktierten Shield-/Haltezungen. D+/D− und SBU1/SBU2 NC; Shield an GND; CC1 und CC2 jeweils separat über 5,1 kΩ nach GND. | M90: USB4105-GF-A
A91: ENP-00090 | B91: Widerstand | C91: SMD-Widerstand 5,1 kOhm, 1 %, 1206 | D91: 5,1 kΩ, 1 %, 250 mW | E91: Resistor_SMD:R_1206_3216Metric_Pad1.30x1.75mm_HandSolder | F91: Vishay Dale | G91: CRCW12065K10FKEA | H91: EnvNode Rev 0.2 | I91: USB-C CC1/CC2 (2×) | J91: DigiKey Produktseite, abgerufen 2026-09-02 | K91: OK | L91: Zwei Stück als getrennte Rd-Widerstände: je einer von CC1 bzw. CC2 nach GND; CC1 und CC2 nicht miteinander verbinden. | M91: CRCW12065K10FKEA
A92: ENP-00091 | B92: Steckverbinder | C92: Präzisions-Buchsenleiste 1x8, 2,54 mm, gerade | D92: 1x8, 2,54 mm, THT, gerade, Präzisionskontakte, 3 A / 150 V | E92: Connector_PinSocket_2.54mm:PinSocket_1x08_P2.54mm_Vertical | F92: Binder MPE | G92: 115-1-008-1-0-MTF-XS0 | H92: Bestand/Werkstatt | J92: Reichelt Produktseite, abgerufen 2026-09-03 | K92: OK | L92: Gerade THT-Präzisionsbuchsenleiste mit gedrehten Kontakten; Höhe 7 mm, UL 94V-0, Temperaturbereich −55 bis +125 °C. Derzeit keinem Kit oder KiCad-BOM zugeordnet. | M92: 115-1-008-1-0-MTF-XS0
A93: ENP-00092 | B93: MOSFET | C93: Dual-MOSFET N-/P-Kanal, SO-8 | D93: N-/P-Kanal, ±30 V, 1,4 W | E93: Package_SO:SOIC-8_3.9x4.9mm_P1.27mm | F93: Infineon | G93: IRF7309PBF | H93: Bestand/Werkstatt | J93: Reichelt Produktseite, abgerufen 2026-09-03 | K93: OK | L93: Komplementäres N-/P-Kanal-MOSFET-Paar im SO-8-Gehäuse; derzeit keinem Kit oder KiCad-BOM zugeordnet. | M93: IRF7309PBF
A94: ENP-00093 | B94: Widerstand | C94: SMD-Widerstand 100 kOhm, 5 %, 1206 | D94: 100 kΩ, 5 %, 250 mW, 200 V, ±100 ppm/K | E94: Resistor_SMD:R_1206_3216Metric_Pad1.30x1.75mm_HandSolder | F94: Yageo | G94: RC1206JR-07100KL | H94: Bestand/Werkstatt | J94: Reichelt Produktseite, abgerufen 2026-09-03 | K94: OK | L94: Nicht mit ENP-00016 zusammenführen: Dieser Artikel hat 5 % Toleranz; ENP-00016 hat 0,1 %. Derzeit keinem Kit oder KiCad-BOM zugeordnet. | M94: RC1206JR-07100KL
A95: ENP-00094 | B95: Widerstand | C95: SMD-Widerstand 10 kOhm, 5 %, 1206 | D95: 10 kΩ, 5 %, 250 mW, 200 V, ±100 ppm/K | E95: Resistor_SMD:R_1206_3216Metric_Pad1.30x1.75mm_HandSolder | F95: Yageo | G95: RC1206JR-0710KL | H95: Bestand/Werkstatt | J95: Reichelt Produktseite, abgerufen 2026-09-03 | K95: OK | L95: Nicht mit ENP-00018 zusammenführen: Dieser Artikel hat 5 % Toleranz; ENP-00018 hat 0,1 %. Derzeit keinem Kit oder KiCad-BOM zugeordnet. | M95: RC1206JR-0710KL
A96: ENP-00095 | B96: IC | C96: Hex-Inverter mit Schmitt-Trigger, SO-14 | D96: 4000B, 6-fach, 3–15 V, SO-14 | E96: Package_SO:SOIC-14_3.9x8.7mm_P1.27mm | F96: FREI | H96: Bestand/Werkstatt | J96: Reichelt Produktseite, abgerufen 2026-09-03 | K96: Prüfen | L96: Reichelt nennt keinen konkreten Hersteller und keine MPN; funktional als HEF40106/HCF40106/CD40106 beschrieben. Vor BOM-Zuordnung die tatsächliche Gehäusebeschriftung prüfen. | M96: SMD 40106
A97: ENP-00096 | B97: Kondensator | C97: Elektrolytkondensator 220 µF SMD, Low ESR | D97: 220 µF, ±20 %, 16 V, 105 °C, 2000 h, ESR 160 mΩ | E97: Capacitor_SMD:CP_Elec_6.3x7.7 | F97: Panasonic | G97: EEEFPC221XAP | H97: Bestand/Werkstatt | J97: Reichelt Produktseite, abgerufen 2026-09-03 | K97: OK | L97: Panasonic Serie V-FP; Ø 6,3 × 7,7 mm, Ripple-Strom 600 mA. Polarität beachten; derzeit keinem Kit oder KiCad-BOM zugeordnet. | M97: EEEFPC221XAP
A98: ENP-00097 | B98: Kondensator | C98: Elektrolytkondensator 470 µF SMD, Low ESR | D98: 470 µF, ±20 %, 16 V, 105 °C, 5000 h, ESR 160 mΩ | E98: Capacitor_SMD:CP_Elec_8x10.2 | F98: Europe Chemi-Con | G98: EMZL160ARA471MHA0G | H98: Bestand/Werkstatt | J98: Reichelt Produktseite, abgerufen 2026-09-03 | K98: OK | L98: Europe Chemi-Con Serie MZL; Ø 8 × 10 mm, Ripple-Strom 600 mA. Polarität beachten; derzeit keinem Kit oder KiCad-BOM zugeordnet. | M98: EMZL160ARA471MHA0G
A99: ENP-00098 | B99: Steckverbinder | C99: JST-XH Stiftleiste 1x2, abgewinkelt | D99: 1x2, 2,50 mm, THT, 90°, 250 V / 3 A | E99: Connector_JST:JST_XH_S2B-XH-A-1_1x02_P2.50mm_Horizontal | F99: JST | G99: S2B-XH-A | H99: Bestand/Werkstatt | J99: Reichelt Produktseite, abgerufen 2026-09-03 | K99: OK | L99: Abgewinkelte Print-Stiftleiste der JST-XH-Serie; Rastermaß 2,50 mm, nicht 2,54 mm. Derzeit keinem Kit oder KiCad-BOM zugeordnet. | M99: S2B-XH-A
A100: ENP-00099 | B100: Widerstand | C100: SMD-Widerstand 1 kOhm, 1 %, 1206 | D100: 1 kΩ, 1 %, 250 mW, 200 V, ±100 ppm/K | E100: Resistor_SMD:R_1206_3216Metric_Pad1.30x1.75mm_HandSolder | F100: Walsin | G100: WR12X1001FTL | H100: Bestand/Werkstatt | J100: Reichelt Produktseite, abgerufen 2026-09-03 | K100: OK | L100: Nicht mit ENP-00036 zusammenführen: gleicher Nennwert und gleiche Toleranz, aber anderer Hersteller und andere MPN. Derzeit keinem Kit oder KiCad-BOM zugeordnet. | M100: WR12X1001FTL
...

Sheet Kits
A1: Kit_ID | B1: Kit_Name | C1: Revision | D1: Status | E1: KiCad_Schematic | F1: KiCad_PCB | G1: Notes
A2: ENK-00001 | B2: EnvNode Mini Bausatz | C2: 0.2 | D2: Entwurf | E2: hardware/kicad/MainBoards/EnvNode Mini/EnvNode Mini.kicad_sch | F2: hardware/kicad/MainBoards/EnvNode Mini/EnvNode Mini.kicad_pcb | G2: Elektronischer Grundumfang vollständig aus aktuellem KiCad-Stand übernommen. Externe 5-V-Zuführung, Pigtail und weitere Montagekomponenten werden anschließend ergänzt.
A3: ENK-00002 | B3: DuoRelay FullSize Bausatz | C3: 0.2 | D3: Entwurf | E3: hardware/kicad/Modules/FullSize/DuoRelay/DuoRelay.kicad_sch | F3: hardware/kicad/Modules/FullSize/DuoRelay/DuoRelay.kicad_pcb | G3: Aktueller bestückter KiCad-Umfang plus PCB; DNP-Positionen enthalten und als DNP gekennzeichnet. Mechanische Zusatzteile können anschließend ergänzt werden.
A4: ENK-00003 | B4: AnalogHydroPressure FullSize Bausatz | C4: 0.2 | D4: Entwurf | E4: hardware/kicad/Modules/FullSize/AnalogHydroPressure/AnalogHydroPressure.kicad_sch | F4: hardware/kicad/Modules/FullSize/AnalogHydroPressure/AnalogHydroPressure.kicad_pcb | G4: Aktueller bestückter KiCad-Umfang einschließlich Busumschaltung plus PCB; DNP-Positionen enthalten und als DNP gekennzeichnet. Mechanische Zusatzteile können anschließend ergänzt werden.
A5: ENK-00004 | B5: RainDetector Bausatz | C5: 1.0 | D5: Entwurf | E5: hardware/kicad/Sensors/Raindetector/Raindetector.kicad_sch | F5: hardware/kicad/Sensors/Raindetector/Raindetector.kicad_pcb | G5: Aktueller bestückter KiCad-Umfang plus PCB. Stall.biz/Weatherman-Detektorplatine und deren 1×8-SMD-Buchsenleisten ENP-00021 gehören zur Gegenseite und sind nicht Bestandteil dieses Kits. Keine DNP-Positionen.

Sheet Kit_BOM
A1: Kit_ID | B1: Kit_Revision | C1: Position | D1: RefDes | E1: Part_Number | F1: Quantity | G1: Build_Status | H1: Source_Type | I1: Value | J1: Footprint | K1: Unit_Price_EUR | L1: Position_Price_EUR | M1: Notes
A2: ENK-00001 | B2: 0.2 | C2: 10 | D2: C1 | E2: ENP-00006 | F2: 1 | G2: Bestücken | H2: KiCad | I2: =IFERROR(VLOOKUP(E2,Parts!$A$2:$S$200,4,FALSE()),"") -> 100 nF, 10 %, X7R, 100 V | J2: =IFERROR(VLOOKUP(E2,Parts!$A$2:$S$200,5,FALSE()),"") -> Capacitor_SMD:C_1206_3216Metric_Pad1.33x1.80mm_HandSolder | K2: =SUMIFS(Part_Suppliers!$E$2:$E$300,Part_Suppliers!$A$2:$A$300,$E2,Part_Suppliers!$H$2:$H$300,"Ja") -> 0.24 | L2: =F2*K2 -> 0.24 | M2: =IFERROR(VLOOKUP($E2,Parts!$A$2:$M$200,12,FALSE()),"") -> Spannungsfestigkeit, Dielektrikum und Bauform vor Bestellung gegen Schaltplan und Footprint prüfen; C1 ist in allen vier aktuellen Empty-Schemata derzeit DNP; C1 ist im aktuellen DuoRelay-Schema derzeit DNP
A3: ENK-00001 | B3: 0.2 | C3: 20 | D3: C2 | E3: ENP-00007 | F3: 1 | G3: Bestücken | H3: KiCad | I3: =IFERROR(VLOOKUP(E3,Parts!$A$2:$S$200,4,FALSE()),"") -> 10 µF, 25 V, X7R | J3: =IFERROR(VLOOKUP(E3,Parts!$A$2:$S$200,5,FALSE()),"") -> Capacitor_SMD:C_1206_3216Metric_Pad1.33x1.80mm_HandSolder | K3: =SUMIFS(Part_Suppliers!$E$2:$E$300,Part_Suppliers!$A$2:$A$300,$E3,Part_Suppliers!$H$2:$H$300,"Ja") -> 0.11 | L3: =F3*K3 -> 0.11 | M3: =IFERROR(VLOOKUP($E3,Parts!$A$2:$M$200,12,FALSE()),"") -> Spannungsfestigkeit, Dielektrikum und Bauform vor Bestellung gegen Schaltplan und Footprint prüfen
A4: ENK-00001 | B4: 0.2 | C4: 30 | D4: C3 | E4: ENP-00008 | F4: 1 | G4: Bestücken | H4: KiCad | I4: =IFERROR(VLOOKUP(E4,Parts!$A$2:$S$200,4,FALSE()),"") -> 47 µF, 10 V | J4: =IFERROR(VLOOKUP(E4,Parts!$A$2:$S$200,5,FALSE()),"") -> Capacitor_Tantalum_SMD:CP_EIA-3528-21_Kemet-B | K4: =SUMIFS(Part_Suppliers!$E$2:$E$300,Part_Suppliers!$A$2:$A$300,$E4,Part_Suppliers!$H$2:$H$300,"Ja") -> 0.29 | L4: =F4*K4 -> 0.29 | M4: =IFERROR(VLOOKUP($E4,Parts!$A$2:$M$200,12,FALSE()),"") -> Polarisiert; Bauform B
A5: ENK-00001 | B5: 0.2 | C5: 40 | D5: C4 | E5: ENP-00006 | F5: 1 | G5: Bestücken | H5: KiCad | I5: =IFERROR(VLOOKUP(E5,Parts!$A$2:$S$200,4,FALSE()),"") -> 100 nF, 10 %, X7R, 100 V | J5: =IFERROR(VLOOKUP(E5,Parts!$A$2:$S$200,5,FALSE()),"") -> Capacitor_SMD:C_1206_3216Metric_Pad1.33x1.80mm_HandSolder | K5: =SUMIFS(Part_Suppliers!$E$2:$E$300,Part_Suppliers!$A$2:$A$300,$E5,Part_Suppliers!$H$2:$H$300,"Ja") -> 0.24 | L5: =F5*K5 -> 0.24 | M5: =IFERROR(VLOOKUP($E5,Parts!$A$2:$M$200,12,FALSE()),"") -> Spannungsfestigkeit, Dielektrikum und Bauform vor Bestellung gegen Schaltplan und Footprint prüfen; C1 ist in allen vier aktuellen Empty-Schemata derzeit DNP; C1 ist im aktuellen DuoRelay-Schema derzeit DNP
A6: ENK-00001 | B6: 0.2 | C6: 50 | D6: C5 | E6: ENP-00006 | F6: 1 | G6: Bestücken | H6: KiCad | I6: =IFERROR(VLOOKUP(E6,Parts!$A$2:$S$200,4,FALSE()),"") -> 100 nF, 10 %, X7R, 100 V | J6: =IFERROR(VLOOKUP(E6,Parts!$A$2:$S$200,5,FALSE()),"") -> Capacitor_SMD:C_1206_3216Metric_Pad1.33x1.80mm_HandSolder | K6: =SUMIFS(Part_Suppliers!$E$2:$E$300,Part_Suppliers!$A$2:$A$300,$E6,Part_Suppliers!$H$2:$H$300,"Ja") -> 0.24 | L6: =F6*K6 -> 0.24 | M6: =IFERROR(VLOOKUP($E6,Parts!$A$2:$M$200,12,FALSE()),"") -> Spannungsfestigkeit, Dielektrikum und Bauform vor Bestellung gegen Schaltplan und Footprint prüfen; C1 ist in allen vier aktuellen Empty-Schemata derzeit DNP; C1 ist im aktuellen DuoRelay-Schema derzeit DNP
A7: ENK-00001 | B7: 0.2 | C7: 60 | D7: C6 | E7: ENP-00056 | F7: 1 | G7: Bestücken | H7: KiCad | I7: =IFERROR(VLOOKUP(E7,Parts!$A$2:$S$200,4,FALSE()),"") -> 10 µF, ±20 %, 25 V, 85 °C, 2000 h | J7: =IFERROR(VLOOKUP(E7,Parts!$A$2:$S$200,5,FALSE()),"") -> Capacitor_SMD:CP_Elec_5x5.4 | K7: =SUMIFS(Part_Suppliers!$E$2:$E$300,Part_Suppliers!$A$2:$A$300,$E7,Part_Suppliers!$H$2:$H$300,"Ja") -> 0.18 | L7: =F7*K7 -> 0.18 | M7: =IFERROR(VLOOKUP($E7,Parts!$A$2:$M$200,12,FALSE()),"") -> Panasonic SMD-Aluminium-Elektrolytkondensator, 10 µF ±20 %, 25 V, 85 °C, 2000 h. Abmessungen Ø 5,0 × 5,4 mm passen exakt zum zugewiesenen KiCad-Footprint. C6 liegt zwischen +3V3_SYS und GND; 25 V bieten deutliche Spannungsreserve. Polarität beachten.
A8: ENK-00001 | B8: 0.2 | C8: 70 | D8: D1 | E8: ENP-00055 | F8: 1 | G8: Bestücken | H8: KiCad | I8: =IFERROR(VLOOKUP(E8,Parts!$A$2:$S$200,4,FALSE()),"") -> SS14, 1 A, 40 V, UF max. 0,5 V, IFSM 40 A | J8: =IFERROR(VLOOKUP(E8,Parts!$A$2:$S$200,5,FALSE()),"") -> Diode_SMD:D_SMA | K8: =SUMIFS(Part_Suppliers!$E$2:$E$300,Part_Suppliers!$A$2:$A$300,$E8,Part_Suppliers!$H$2:$H$300,"Ja") -> 0.18 | L8: =F8*K8 -> 0.18 | M8: =IFERROR(VLOOKUP($E8,Parts!$A$2:$M$200,12,FALSE()),"") -> Vishay Schottky-Gleichrichter im DO-214AC-/SMA-Gehäuse, 40 V Sperrspannung, 1 A Dauerstrom, 40 A Stoßstrom und Temperaturbereich −65 bis +150 °C. D1 entkoppelt +3V3_EXT, D2 entkoppelt +3V3_DEVKIT; beide speisen mit der Kathode +3V3_SYS. Zwei Stück je EnvNode Mini Rev 0.2.
A9: ENK-00001 | B9: 0.2 | C9: 80 | D9: D2 | E9: ENP-00055 | F9: 1 | G9: Bestücken | H9: KiCad | I9: =IFERROR(VLOOKUP(E9,Parts!$A$2:$S$200,4,FALSE()),"") -> SS14, 1 A, 40 V, UF max. 0,5 V, IFSM 40 A | J9: =IFERROR(VLOOKUP(E9,Parts!$A$2:$S$200,5,FALSE()),"") -> Diode_SMD:D_SMA | K9: =SUMIFS(Part_Suppliers!$E$2:$E$300,Part_Suppliers!$A$2:$A$300,$E9,Part_Suppliers!$H$2:$H$300,"Ja") -> 0.18 | L9: =F9*K9 -> 0.18 | M9: =IFERROR(VLOOKUP($E9,Parts!$A$2:$M$200,12,FALSE()),"") -> Vishay Schottky-Gleichrichter im DO-214AC-/SMA-Gehäuse, 40 V Sperrspannung, 1 A Dauerstrom, 40 A Stoßstrom und Temperaturbereich −65 bis +150 °C. D1 entkoppelt +3V3_EXT, D2 entkoppelt +3V3_DEVKIT; beide speisen mit der Kathode +3V3_SYS. Zwei Stück je EnvNode Mini Rev 0.2.
A10: ENK-00001 | B10: 0.2 | C10: 90 | D10: J1 | E10: ENP-00012 | F10: 1 | G10: Bestücken | H10: KiCad | I10: =IFERROR(VLOOKUP(E10,Parts!$A$2:$S$200,4,FALSE()),"") -> JST-PH, 2-polig, 2,00 mm | J10: =IFERROR(VLOOKUP(E10,Parts!$A$2:$S$200,5,FALSE()),"") -> Connector_JST:JST_PH_B2B-PH-K_1x02_P2.00mm_Vertical | K10: =SUMIFS(Part_Suppliers!$E$2:$E$300,Part_Suppliers!$A$2:$A$300,$E10,Part_Suppliers!$H$2:$H$300,"Ja") -> 1.3 | L10: =F10*K10 -> 1.3 | M10: =IFERROR(VLOOKUP($E10,Parts!$A$2:$M$200,12,FALSE()),"") -> 0
A11: ENK-00001 | B11: 0.2 | C11: 100 | D11: J2 | E11: ENP-00054 | F11: 1 | G11: Bestücken | H11: KiCad | I11: =IFERROR(VLOOKUP(E11,Parts!$A$2:$S$200,4,FALSE()),"") -> 2x7, 2,54 mm, THT, vertikal, vergoldet, Bauhöhe 8,4 mm | J11: =IFERROR(VLOOKUP(E11,Parts!$A$2:$S$200,5,FALSE()),"") -> Connector_PinSocket_2.54mm:PinSocket_2x07_P2.54mm_Vertical | K11: =SUMIFS(Part_Suppliers!$E$2:$E$300,Part_Suppliers!$A$2:$A$300,$E11,Part_Suppliers!$H$2:$H$300,"Ja") -> 0.56 | L11: =F11*K11 -> 0.56 | M11: =IFERROR(VLOOKUP($E11,Parts!$A$2:$M$200,12,FALSE()),"") -> Würth WR-PHD Dual Socket Header, 14 Kontakte, 2,54 mm, THT, vergoldet, 3 A/250 V AC. Der generische KiCad-Footprint bildet Raster und THT-Anordnung ab; Gehäusekontur/Courtyard sind nicht herstellerspezifisch.
A12: ENK-00001 | B12: 0.2 | C12: 110 | D12: J3 | E12: ENP-00054 | F12: 1 | G12: Bestücken | H12: KiCad | I12: =IFERROR(VLOOKUP(E12,Parts!$A$2:$S$200,4,FALSE()),"") -> 2x7, 2,54 mm, THT, vertikal, vergoldet, Bauhöhe 8,4 mm | J12: =IFERROR(VLOOKUP(E12,Parts!$A$2:$S$200,5,FALSE()),"") -> Connector_PinSocket_2.54mm:PinSocket_2x07_P2.54mm_Vertical | K12: =SUMIFS(Part_Suppliers!$E$2:$E$300,Part_Suppliers!$A$2:$A$300,$E12,Part_Suppliers!$H$2:$H$300,"Ja") -> 0.56 | L12: =F12*K12 -> 0.56 | M12: =IFERROR(VLOOKUP($E12,Parts!$A$2:$M$200,12,FALSE()),"") -> Würth WR-PHD Dual Socket Header, 14 Kontakte, 2,54 mm, THT, vergoldet, 3 A/250 V AC. Der generische KiCad-Footprint bildet Raster und THT-Anordnung ab; Gehäusekontur/Courtyard sind nicht herstellerspezifisch.
A13: ENK-00001 | B13: 0.2 | C13: 120 | D13: J4 | E13: ENP-00026 | F13: 1 | G13: Bestücken | H13: KiCad | I13: =IFERROR(VLOOKUP(E13,Parts!$A$2:$S$200,4,FALSE()),"") -> 4-polig, 1,00 mm | J13: =IFERROR(VLOOKUP(E13,Parts!$A$2:$S$200,5,FALSE()),"") -> Connector_JST:JST_SH_SM04B-SRSS-TB_1x04-1MP_P1.00mm_Horizontal | K13: =SUMIFS(Part_Suppliers!$E$2:$E$300,Part_Suppliers!$A$2:$A$300,$E13,Part_Suppliers!$H$2:$H$300,"Ja") -> 0.58 | L13: =F13*K13 -> 0.58 | M13: =IFERROR(VLOOKUP($E13,Parts!$A$2:$M$200,12,FALSE()),"") -> MPN-Suffix und Verpackungsform festlegen; nicht mit Qwiic-Pigtail zusammenführen.
... A21: ENK-00001 | B21: 0.2 | C21: 200 | D21: U3 | E21: ENP-00009 | F21: 1 | G21: Bestücken | H21: KiCad | I21: =IFERROR(VLOOKUP(E21,Parts!$A$2:$S$200,4,FALSE()),"") -> 3,3 V, 1 A | J21: =IFERROR(VLOOKUP(E21,Parts!$A$2:$S$200,5,FALSE()),"") -> Package_TO_SOT_SMD:SOT-223-3_TabPin2 | K21: =SUMIFS(Part_Suppliers!$E$2:$E$300,Part_Suppliers!$A$2:$A$300,$E21,Part_Suppliers!$H$2:$H$300,"Ja") -> 1 | L21: =F21*K21 -> 1 | M21: =IFERROR(VLOOKUP($E21,Parts!$A$2:$M$200,12,FALSE()),"") -> Footprint und thermische Auslegung vor Bestückung prüfen
A22: ENK-00001 | B22: 0.2 | C22: 210 | E22: ENP-00057 | F22: 1 | G22: Bestücken | H22: PCB | I22: =IFERROR(VLOOKUP(E22,Parts!$A$2:$S$200,4,FALSE()),"") -> Revision 0.2 | J22: =IFERROR(VLOOKUP(E22,Parts!$A$2:$S$200,5,FALSE()),"") -> PCB: MainBoards/EnvNode Mini/EnvNode Mini.kicad_pcb | K22: =SUMIFS(Part_Suppliers!$E$2:$E$300,Part_Suppliers!$A$2:$A$300,$E22,Part_Suppliers!$H$2:$H$300,"Ja") -> 0 | L22: =F22*K22 -> 0 | M22: =IFERROR(VLOOKUP($E22,Parts!$A$2:$M$200,12,FALSE()),"") -> Aktueller KiCad-Stand; Fertiger und konkrete Fertigungsvariante festlegen.
A23: ENK-00001 | B23: 0.2 | C23: 220 | E23: ENP-00080 | F23: 1 | G23: Mechanical | H23: Assembly | I23: =IFERROR(VLOOKUP(E23,Parts!$A$2:$S$200,4,FALSE()),"") -> 2-polig, Buchsenkontakte, IP68 gesteckt, Lötanschluss, Hinterwandmontage | J23: =IFERROR(VLOOKUP(E23,Parts!$A$2:$S$200,5,FALSE()),"") -> WEIPU SP13 Gehäusebuchse, 2-polig | K23: =SUMIFS(Part_Suppliers!$E$2:$E$300,Part_Suppliers!$A$2:$A$300,$E23,Part_Suppliers!$H$2:$H$300,"Ja") -> 0 | L23: =F23*K23 -> 0 | M23: =IFERROR(VLOOKUP($E23,Parts!$A$2:$M$200,12,FALSE()),"") -> Passend zu Kabelstecker SP1310/P2-N (ENP-00081). 13 A / 250 V AC; Panel-Ausschnitt Ø13 mm. Einsatz und Pinbelegung im Kit festlegen.
A24: ENK-00001 | B24: 0.2 | C24: 230 | E24: ENP-00081 | F24: 1 | G24: Mechanical | H24: Assembly | I24: =IFERROR(VLOOKUP(E24,Parts!$A$2:$S$200,4,FALSE()),"") -> 2-polig, Stiftkontakte, IP68 gesteckt, Lötanschluss | J24: =IFERROR(VLOOKUP(E24,Parts!$A$2:$S$200,5,FALSE()),"") -> WEIPU SP13 Kabelstecker, 2-polig | K24: =SUMIFS(Part_Suppliers!$E$2:$E$300,Part_Suppliers!$A$2:$A$300,$E24,Part_Suppliers!$H$2:$H$300,"Ja") -> 0 | L24: =F24*K24 -> 0 | M24: =IFERROR(VLOOKUP($E24,Parts!$A$2:$M$200,12,FALSE()),"") -> Passend zu Gehäusebuchse SP1312/S2-N (ENP-00080). 13 A / 250 V AC. Standardvariante I für Kabel-Ø 4–6,5 mm; Variante II für 5–8 mm vor Bestellung prüfen.
A25: ENK-00001 | B25: 0.2 | C25: 240 | E25: ENP-00084 | F25: 1 | G25: Mechanical | H25: Assembly | I25: =IFERROR(VLOOKUP(E25,Parts!$A$2:$S$200,4,FALSE()),"") -> 4-polig, Buchsenkontakte, IP68 gesteckt, Lötanschluss, Hinterwandmontage | J25: =IFERROR(VLOOKUP(E25,Parts!$A$2:$S$200,5,FALSE()),"") -> WEIPU SP13 Gehäusebuchse, 4-polig | K25: =SUMIFS(Part_Suppliers!$E$2:$E$300,Part_Suppliers!$A$2:$A$300,$E25,Part_Suppliers!$H$2:$H$300,"Ja") -> 0 | L25: =F25*K25 -> 0 | M25: =IFERROR(VLOOKUP($E25,Parts!$A$2:$M$200,12,FALSE()),"") -> Passend zu Kabelstecker SP1310/P4-N (ENP-00085). 5 A / 200 V AC; Panel-Ausschnitt Ø13 mm. Vorgesehen für I2C/GPIO/Sensorik.
A26: ENK-00001 | B26: 0.2 | C26: 250 | E26: ENP-00085 | F26: 1 | G26: Mechanical | H26: Assembly | I26: =IFERROR(VLOOKUP(E26,Parts!$A$2:$S$200,4,FALSE()),"") -> 4-polig, Stiftkontakte, IP68 gesteckt, Lötanschluss | J26: =IFERROR(VLOOKUP(E26,Parts!$A$2:$S$200,5,FALSE()),"") -> WEIPU SP13 Kabelstecker, 4-polig | K26: =SUMIFS(Part_Suppliers!$E$2:$E$300,Part_Suppliers!$A$2:$A$300,$E26,Part_Suppliers!$H$2:$H$300,"Ja") -> 0 | L26: =F26*K26 -> 0 | M26: =IFERROR(VLOOKUP($E26,Parts!$A$2:$M$200,12,FALSE()),"") -> Passend zu Gehäusebuchse SP1312/S4-N (ENP-00084). 5 A / 200 V AC. Standardvariante I für Kabel-Ø 4–6,5 mm; Variante II für 5–8 mm vor Bestellung prüfen.
A27: ENK-00001 | B27: 0.2 | C27: 260 | E27: ENP-00088 | F27: 1 | G27: Mechanical | H27: Assembly | I27: =IFERROR(VLOOKUP(E27,Parts!$A$2:$S$200,4,FALSE()),"") -> 5,5 × 2,1 mm, 2-polig, 20 V DC / 10 A, Lötanschluss | J27: =IFERROR(VLOOKUP(E27,Parts!$A$2:$S$200,5,FALSE()),"") -> 0 | K27: =SUMIFS(Part_Suppliers!$E$2:$E$300,Part_Suppliers!$A$2:$A$300,$E27,Part_Suppliers!$H$2:$H$300,"Ja") -> 5.75 | L27: =F27*K27 -> 5.75 | M27: =IFERROR(VLOOKUP($E27,Parts!$A$2:$M$200,12,FALSE()),"") -> Für 5-V-Versorgung in trockener Umgebung. Passend für DC-Stecker 5,5/2,1 mm mit 9,5 oder 12 mm Stiftlänge. Polarität im Kit verbindlich festlegen, empfohlen: Plus am Innenkontakt.
A28: ENK-00001 | B28: 0.2 | C28: 270 | D28: J6 | E28: ENP-00089 | F28: 1 | G28: Bestücken | H28: KiCad | I28: =IFERROR(VLOOKUP(E28,Parts!$A$2:$S$200,4,FALSE()),"") -> USB Type-C Receptacle, 16 Signalpins (+ 8 Dummy), 5 A, 48 V DC, SMD/TH, horizontal | J28: =IFERROR(VLOOKUP(E28,Parts!$A$2:$S$200,5,FALSE()),"") -> Connector_USB:USB_C_Receptacle_GCT_USB4105-xx-A_16P_TopMnt_Horizontal | K28: =SUMIFS(Part_Suppliers!$E$2:$E$300,Part_Suppliers!$A$2:$A$300,$E28,Part_Suppliers!$H$2:$H$300,"Ja") -> 0 | L28: =F28*K28 -> 0 | M28: =IFERROR(VLOOKUP($E28,Parts!$A$2:$M$200,12,FALSE()),"") -> Power-only mit Symbol Connector:USB_C_Receptacle_USB2.0_16P. Robuste Top-Mount-Ausführung mit vier durchkontaktierten Shield-/Haltezungen. D+/D− und SBU1/SBU2 NC; Shield an GND; CC1 und CC2 jeweils separat über 5,1 kΩ nach GND.
A29: ENK-00001 | B29: 0.2 | C29: 280 | D29: R5,R6 | E29: ENP-00090 | F29: 2 | G29: Bestücken | H29: KiCad | I29: =IFERROR(VLOOKUP(E29,Parts!$A$2:$S$200,4,FALSE()),"") -> 5,1 kΩ, 1 %, 250 mW | J29: =IFERROR(VLOOKUP(E29,Parts!$A$2:$S$200,5,FALSE()),"") -> Resistor_SMD:R_1206_3216Metric_Pad1.30x1.75mm_HandSolder | K29: =SUMIFS(Part_Suppliers!$E$2:$E$300,Part_Suppliers!$A$2:$A$300,$E29,Part_Suppliers!$H$2:$H$300,"Ja") -> 0.09 | L29: =F29*K29 -> 0.18 | M29: =IFERROR(VLOOKUP($E29,Parts!$A$2:$M$200,12,FALSE()),"") -> Zwei Stück als getrennte Rd-Widerstände: je einer von CC1 bzw. CC2 nach GND; CC1 und CC2 nicht miteinander verbinden.
A30: ENK-00002 | B30: 0.2 | C30: 10 | D30: C1 | E30: ENP-00006 | F30: 1 | G30: DNP | H30: KiCad | I30: =IFERROR(VLOOKUP(E30,Parts!$A$2:$S$200,4,FALSE()),"") -> 100 nF, 10 %, X7R, 100 V | J30: =IFERROR(VLOOKUP(E30,Parts!$A$2:$S$200,5,FALSE()),"") -> Capacitor_SMD:C_1206_3216Metric_Pad1.33x1.80mm_HandSolder | K30: =SUMIFS(Part_Suppliers!$E$2:$E$300,Part_Suppliers!$A$2:$A$300,$E30,Part_Suppliers!$H$2:$H$300,"Ja") -> 0.24 | L30: =F30*K30 -> 0.24 | M30: =IFERROR(VLOOKUP($E30,Parts!$A$2:$M$200,12,FALSE()),"") -> Spannungsfestigkeit, Dielektrikum und Bauform vor Bestellung gegen Schaltplan und Footprint prüfen; C1 ist in allen vier aktuellen Empty-Schemata derzeit DNP; C1 ist im aktuellen DuoRelay-Schema derzeit DNP
A31: ENK-00002 | B31: 0.2 | C31: 20 | D31: D1 | E31: ENP-00033 | F31: 1 | G31: Bestücken | H31: KiCad | I31: =IFERROR(VLOOKUP(E31,Parts!$A$2:$S$200,4,FALSE()),"") -> 1N4148W | J31: =IFERROR(VLOOKUP(E31,Parts!$A$2:$S$200,5,FALSE()),"") -> Diode_SMD:D_SOD-123 | K31: =SUMIFS(Part_Suppliers!$E$2:$E$300,Part_Suppliers!$A$2:$A$300,$E31,Part_Suppliers!$H$2:$H$300,"Ja") -> 0.02 | L31: =F31*K31 -> 0.02 | M31: =IFERROR(VLOOKUP($E31,Parts!$A$2:$M$200,12,FALSE()),"") -> 0
A32: ENK-00002 | B32: 0.2 | C32: 30 | D32: D2 | E32: ENP-00033 | F32: 1 | G32: Bestücken | H32: KiCad | I32: =IFERROR(VLOOKUP(E32,Parts!$A$2:$S$200,4,FALSE()),"") -> 1N4148W | J32: =IFERROR(VLOOKUP(E32,Parts!$A$2:$S$200,5,FALSE()),"") -> Diode_SMD:D_SOD-123 | K32: =SUMIFS(Part_Suppliers!$E$2:$E$300,Part_Suppliers!$A$2:$A$300,$E32,Part_Suppliers!$H$2:$H$300,"Ja") -> 0.02 | L32: =F32*K32 -> 0.02 | M32: =IFERROR(VLOOKUP($E32,Parts!$A$2:$M$200,12,FALSE()),"") -> 0
A33: ENK-00002 | B33: 0.2 | C33: 40 | D33: D3 | E33: ENP-00064 | F33: 1 | G33: Bestücken | H33: KiCad | I33: =IFERROR(VLOOKUP(E33,Parts!$A$2:$S$200,4,FALSE()),"") -> Hyperrot, 645 nm, 250 mcd, 140°, Vf 2,0–2,5 V, IF max. 30 mA | J33: =IFERROR(VLOOKUP(E33,Parts!$A$2:$S$200,5,FALSE()),"") -> LED_SMD:LED_1206_3216Metric_Pad1.42x1.75mm_HandSolder | K33: =SUMIFS(Part_Suppliers!$E$2:$E$300,Part_Suppliers!$A$2:$A$300,$E33,Part_Suppliers!$H$2:$H$300,"Ja") -> 0.11 | L33: =F33*K33 -> 0.11 | M33: =IFERROR(VLOOKUP($E33,Parts!$A$2:$M$200,12,FALSE()),"") -> Kingbright SMD-LED im 1206-/3216-Gehäuse, hyperrot, 250 mcd, 140° Abstrahlwinkel, Bauhöhe 1,1 mm. Im DuoRelay liegen D3/D4 über je 1,5 kΩ an +5 V; bei etwa 2 V Vorwärtsspannung fließen rund 2 mA.
A34: ENK-00002 | B34: 0.2 | C34: 50 | D34: D4 | E34: ENP-00064 | F34: 1 | G34: Bestücken | H34: KiCad | I34: =IFERROR(VLOOKUP(E34,Parts!$A$2:$S$200,4,FALSE()),"") -> Hyperrot, 645 nm, 250 mcd, 140°, Vf 2,0–2,5 V, IF max. 30 mA | J34: =IFERROR(VLOOKUP(E34,Parts!$A$2:$S$200,5,FALSE()),"") -> LED_SMD:LED_1206_3216Metric_Pad1.42x1.75mm_HandSolder | K34: =SUMIFS(Part_Suppliers!$E$2:$E$300,Part_Suppliers!$A$2:$A$300,$E34,Part_Suppliers!$H$2:$H$300,"Ja") -> 0.11 | L34: =F34*K34 -> 0.11 | M34: =IFERROR(VLOOKUP($E34,Parts!$A$2:$M$200,12,FALSE()),"") -> Kingbright SMD-LED im 1206-/3216-Gehäuse, hyperrot, 250 mcd, 140° Abstrahlwinkel, Bauhöhe 1,1 mm. Im DuoRelay liegen D3/D4 über je 1,5 kΩ an +5 V; bei etwa 2 V Vorwärtsspannung fließen rund 2 mA.
A35: ENK-00002 | B35: 0.2 | C35: 60 | D35: J1 | E35: ENP-00059 | F35: 1 | G35: Bestücken | H35: KiCad | I35: =IFERROR(VLOOKUP(E35,Parts!$A$2:$S$200,4,FALSE()),"") -> 2x7, 2,54 mm, THT, vertikal, vergoldet, 6,1 mm Stecklänge, 3,0 mm Lötstift | J35: =IFERROR(VLOOKUP(E35,Parts!$A$2:$S$200,5,FALSE()),"") -> EnvNode-Footprints:PinHeader_2x07_P2.54mm_Vertical_Bottom | K35: =SUMIFS(Part_Suppliers!$E$2:$E$300,Part_Suppliers!$A$2:$A$300,$E35,Part_Suppliers!$H$2:$H$300,"Ja") -> 0.3 | L35: =F35*K35 -> 0.3 | M35: =IFERROR(VLOOKUP($E35,Parts!$A$2:$M$200,12,FALSE()),"") -> Standard-THT-Stiftleiste mit 11,6 mm Gesamtlänge, vergoldeten Kontakten und 3 A Nennstrom. Die Bestückung von der Modulunterseite und die dafür passende Pinorientierung werden durch den Projekt-Footprint PinHeader_2x07_P2.54mm_Vertical_Bottom festgelegt. Einzelpreis inkl. MwSt., Stand 2026-09-01; Preis und Verfügbarkeit vor Bestellung prüfen.
A36: ENK-00002 | B36: 0.2 | C36: 70 | D36: J3 | E36: ENP-00034 | F36: 1 | G36: Bestücken | H36: KiCad | I36: =IFERROR(VLOOKUP(E36,Parts!$A$2:$S$200,4,FALSE()),"") -> 3-polig, 5,08 mm | J36: =IFERROR(VLOOKUP(E36,Parts!$A$2:$S$200,5,FALSE()),"") -> TerminalBlock_Phoenix:TerminalBlock_Phoenix_MKDS-3-3-5.08_1x03_P5.08mm_Horizontal | K36: =SUMIFS(Part_Suppliers!$E$2:$E$300,Part_Suppliers!$A$2:$A$300,$E36,Part_Suppliers!$H$2:$H$300,"Ja") -> 0 | L36: =F36*K36 -> 0 | M36: =IFERROR(VLOOKUP($E36,Parts!$A$2:$M$200,12,FALSE()),"") -> Exakte Hersteller-MPN ergänzen.
A37: ENK-00002 | B37: 0.2 | C37: 80 | D37: J4 | E37: ENP-00034 | F37: 1 | G37: Bestücken | H37: KiCad | I37: =IFERROR(VLOOKUP(E37,Parts!$A$2:$S$200,4,FALSE()),"") -> 3-polig, 5,08 mm | J37: =IFERROR(VLOOKUP(E37,Parts!$A$2:$S$200,5,FALSE()),"") -> TerminalBlock_Phoenix:TerminalBlock_Phoenix_MKDS-3-3-5.08_1x03_P5.08mm_Horizontal | K37: =SUMIFS(Part_Suppliers!$E$2:$E$300,Part_Suppliers!$A$2:$A$300,$E37,Part_Suppliers!$H$2:$H$300,"Ja") -> 0 | L37: =F37*K37 -> 0 | M37: =IFERROR(VLOOKUP($E37,Parts!$A$2:$M$200,12,FALSE()),"") -> Exakte Hersteller-MPN ergänzen.
A38: ENK-00002 | B38: 0.2 | C38: 90 | D38: K1 | E38: ENP-00023 | F38: 1 | G38: Bestücken | H38: KiCad | I38: =IFERROR(VLOOKUP(E38,Parts!$A$2:$S$200,4,FALSE()),"") -> 5 V, 1 Wechsler, 6 A | J38: =IFERROR(VLOOKUP(E38,Parts!$A$2:$S$200,5,FALSE()),"") -> Relay_THT:Relay_SPDT_Finder_34.51_Vertical | K38: =SUMIFS(Part_Suppliers!$E$2:$E$300,Part_Suppliers!$A$2:$A$300,$E38,Part_Suppliers!$H$2:$H$300,"Ja") -> 5.8 | L38: =F38*K38 -> 5.8 | M38: =IFERROR(VLOOKUP($E38,Parts!$A$2:$M$200,12,FALSE()),"") -> 0
A39: ENK-00002 | B39: 0.2 | C39: 100 | D39: K2 | E39: ENP-00023 | F39: 1 | G39: Bestücken | H39: KiCad | I39: =IFERROR(VLOOKUP(E39,Parts!$A$2:$S$200,4,FALSE()),"") -> 5 V, 1 Wechsler, 6 A | J39: =IFERROR(VLOOKUP(E39,Parts!$A$2:$S$200,5,FALSE()),"") -> Relay_THT:Relay_SPDT_Finder_34.51_Vertical | K39: =SUMIFS(Part_Suppliers!$E$2:$E$300,Part_Suppliers!$A$2:$A$300,$E39,Part_Suppliers!$H$2:$H$300,"Ja") -> 5.8 | L39: =F39*K39 -> 5.8 | M39: =IFERROR(VLOOKUP($E39,Parts!$A$2:$M$200,12,FALSE()),"") -> 0
... A48: ENK-00002 | B48: 0.2 | C48: 190 | D48: U1 | E48: ENP-00024 | F48: 1 | G48: DNP | H48: KiCad | I48: =IFERROR(VLOOKUP(E48,Parts!$A$2:$S$200,4,FALSE()),"") -> 2 Kbit, I²C, EUI-64, A0/A1, 1,7–5,5 V | J48: =IFERROR(VLOOKUP(E48,Parts!$A$2:$S$200,5,FALSE()),"") -> Package_TO_SOT_SMD:SOT-23-6 | K48: =SUMIFS(Part_Suppliers!$E$2:$E$300,Part_Suppliers!$A$2:$A$300,$E48,Part_Suppliers!$H$2:$H$300,"Ja") -> 0.32 | L48: =F48*K48 -> 0.32 | M48: =IFERROR(VLOOKUP($E48,Parts!$A$2:$M$200,12,FALSE()),"") -> Gemeinsamer Identifikations-EEPROM für alle Boards. Frühere Lieferantendaten gehörten zur falschen SPI-Version 25AA02E64T-I/OT und wurden entfernt; Bezugsquelle, Bestellnummer und Preis neu ergänzen. Auf Modulboards derzeit DNP.; In allen vier aktuellen Empty-Schemata derzeit DNP; A1 liegt an +3V3_SYS, A0 wird über J1 herausgeführt; U1 ist in den aktuellen DuoRelay- und AnalogHydroPressure-Schemata derzeit DNP Bezug als Cut Tape bei DigiKey; keine parametrischen Ersatztypen ohne vorprogrammierte EUI-64 verwenden.
A49: ENK-00002 | B49: 0.2 | C49: 200 | E49: ENP-00066 | F49: 1 | G49: Bestücken | H49: PCB | I49: =IFERROR(VLOOKUP(E49,Parts!$A$2:$S$200,4,FALSE()),"") -> Revision 0.2 | J49: =IFERROR(VLOOKUP(E49,Parts!$A$2:$S$200,5,FALSE()),"") -> PCB: Modules/FullSize/DuoRelay/DuoRelay.kicad_pcb | K49: =SUMIFS(Part_Suppliers!$E$2:$E$300,Part_Suppliers!$A$2:$A$300,$E49,Part_Suppliers!$H$2:$H$300,"Ja") -> 0 | L49: =F49*K49 -> 0 | M49: =IFERROR(VLOOKUP($E49,Parts!$A$2:$M$200,12,FALSE()),"") -> Aktueller KiCad-Stand; Fertiger und konkrete Fertigungsvariante festlegen.
A50: ENK-00003 | B50: 0.2 | C50: 10 | D50: C1 | E50: ENP-00006 | F50: 1 | G50: DNP | H50: KiCad | I50: =IFERROR(VLOOKUP(E50,Parts!$A$2:$S$200,4,FALSE()),"") -> 100 nF, 10 %, X7R, 100 V | J50: =IFERROR(VLOOKUP(E50,Parts!$A$2:$S$200,5,FALSE()),"") -> Capacitor_SMD:C_1206_3216Metric_Pad1.33x1.80mm_HandSolder | K50: =SUMIFS(Part_Suppliers!$E$2:$E$300,Part_Suppliers!$A$2:$A$300,$E50,Part_Suppliers!$H$2:$H$300,"Ja") -> 0.24 | L50: =F50*K50 -> 0.24 | M50: =IFERROR(VLOOKUP($E50,Parts!$A$2:$M$200,12,FALSE()),"") -> Spannungsfestigkeit, Dielektrikum und Bauform vor Bestellung gegen Schaltplan und Footprint prüfen; C1 ist in allen vier aktuellen Empty-Schemata derzeit DNP; C1 ist im aktuellen DuoRelay-Schema derzeit DNP
A51: ENK-00003 | B51: 0.2 | C51: 20 | D51: C3 | E51: ENP-00006 | F51: 1 | G51: Bestücken | H51: KiCad | I51: =IFERROR(VLOOKUP(E51,Parts!$A$2:$S$200,4,FALSE()),"") -> 100 nF, 10 %, X7R, 100 V | J51: =IFERROR(VLOOKUP(E51,Parts!$A$2:$S$200,5,FALSE()),"") -> Capacitor_SMD:C_1206_3216Metric_Pad1.33x1.80mm_HandSolder | K51: =SUMIFS(Part_Suppliers!$E$2:$E$300,Part_Suppliers!$A$2:$A$300,$E51,Part_Suppliers!$H$2:$H$300,"Ja") -> 0.24 | L51: =F51*K51 -> 0.24 | M51: =IFERROR(VLOOKUP($E51,Parts!$A$2:$M$200,12,FALSE()),"") -> Spannungsfestigkeit, Dielektrikum und Bauform vor Bestellung gegen Schaltplan und Footprint prüfen; C1 ist in allen vier aktuellen Empty-Schemata derzeit DNP; C1 ist im aktuellen DuoRelay-Schema derzeit DNP
A52: ENK-00003 | B52: 0.2 | C52: 30 | D52: C4 | E52: ENP-00028 | F52: 1 | G52: Bestücken | H52: KiCad | I52: =IFERROR(VLOOKUP(E52,Parts!$A$2:$S$200,4,FALSE()),"") -> 1 µF | J52: =IFERROR(VLOOKUP(E52,Parts!$A$2:$S$200,5,FALSE()),"") -> Capacitor_SMD:C_1206_3216Metric_Pad1.33x1.80mm_HandSolder | K52: =SUMIFS(Part_Suppliers!$E$2:$E$300,Part_Suppliers!$A$2:$A$300,$E52,Part_Suppliers!$H$2:$H$300,"Ja") -> 0.16 | L52: =F52*K52 -> 0.16 | M52: =IFERROR(VLOOKUP($E52,Parts!$A$2:$M$200,12,FALSE()),"") -> 0
A53: ENK-00003 | B53: 0.2 | C53: 40 | D53: C6 | E53: ENP-00067 | F53: 1 | G53: Bestücken | H53: KiCad | I53: =IFERROR(VLOOKUP(E53,Parts!$A$2:$S$200,4,FALSE()),"") -> 4,7 µF, 25 V, X7R, ±10 %, 1206 | J53: =IFERROR(VLOOKUP(E53,Parts!$A$2:$S$200,5,FALSE()),"") -> Capacitor_SMD:C_1206_3216Metric_Pad1.33x1.80mm_HandSolder | K53: =SUMIFS(Part_Suppliers!$E$2:$E$300,Part_Suppliers!$A$2:$A$300,$E53,Part_Suppliers!$H$2:$H$300,"Ja") -> 0.14 | L53: =F53*K53 -> 0.14 | M53: =IFERROR(VLOOKUP($E53,Parts!$A$2:$M$200,12,FALSE()),"") -> 25-V-Ausführung übertrifft die geforderten mindestens 10 V. Einzelpreis, Stand 2026-09-01; Preis und Verfügbarkeit vor Bestellung prüfen.
A54: ENK-00003 | B54: 0.2 | C54: 50 | D54: C7 | E54: ENP-00028 | F54: 1 | G54: Bestücken | H54: KiCad | I54: =IFERROR(VLOOKUP(E54,Parts!$A$2:$S$200,4,FALSE()),"") -> 1 µF | J54: =IFERROR(VLOOKUP(E54,Parts!$A$2:$S$200,5,FALSE()),"") -> Capacitor_SMD:C_1206_3216Metric_Pad1.33x1.80mm_HandSolder | K54: =SUMIFS(Part_Suppliers!$E$2:$E$300,Part_Suppliers!$A$2:$A$300,$E54,Part_Suppliers!$H$2:$H$300,"Ja") -> 0.16 | L54: =F54*K54 -> 0.16 | M54: =IFERROR(VLOOKUP($E54,Parts!$A$2:$M$200,12,FALSE()),"") -> 0
A55: ENK-00003 | B55: 0.2 | C55: 60 | D55: C8 | E55: ENP-00006 | F55: 1 | G55: Bestücken | H55: KiCad | I55: =IFERROR(VLOOKUP(E55,Parts!$A$2:$S$200,4,FALSE()),"") -> 100 nF, 10 %, X7R, 100 V | J55: =IFERROR(VLOOKUP(E55,Parts!$A$2:$S$200,5,FALSE()),"") -> Capacitor_SMD:C_1206_3216Metric_Pad1.33x1.80mm_HandSolder | K55: =SUMIFS(Part_Suppliers!$E$2:$E$300,Part_Suppliers!$A$2:$A$300,$E55,Part_Suppliers!$H$2:$H$300,"Ja") -> 0.24 | L55: =F55*K55 -> 0.24 | M55: =IFERROR(VLOOKUP($E55,Parts!$A$2:$M$200,12,FALSE()),"") -> Spannungsfestigkeit, Dielektrikum und Bauform vor Bestellung gegen Schaltplan und Footprint prüfen; C1 ist in allen vier aktuellen Empty-Schemata derzeit DNP; C1 ist im aktuellen DuoRelay-Schema derzeit DNP
A56: ENK-00003 | B56: 0.2 | C56: 70 | D56: C9 | E56: ENP-00068 | F56: 1 | G56: Bestücken | H56: KiCad | I56: =IFERROR(VLOOKUP(E56,Parts!$A$2:$S$200,4,FALSE()),"") -> 4,7 µF, 50 V, X7R, ±10 %, 1210 | J56: =IFERROR(VLOOKUP(E56,Parts!$A$2:$S$200,5,FALSE()),"") -> Capacitor_SMD:C_1210_3225Metric_Pad1.33x2.70mm_HandSolder | K56: =SUMIFS(Part_Suppliers!$E$2:$E$300,Part_Suppliers!$A$2:$A$300,$E56,Part_Suppliers!$H$2:$H$300,"Ja") -> 1.19 | L56: =F56*K56 -> 1.19 | M56: =IFERROR(VLOOKUP($E56,Parts!$A$2:$M$200,12,FALSE()),"") -> Passende 50-V-/1210-Ausführung für den Ausgang des 24-V-Boosters. Einzelpreis, Stand 2026-09-01; Preis und Verfügbarkeit vor Bestellung prüfen.
A57: ENK-00003 | B57: 0.2 | C57: 80 | D57: D1 | E57: ENP-00029 | F57: 1 | G57: Bestücken | H57: KiCad | I57: =IFERROR(VLOOKUP(E57,Parts!$A$2:$S$200,4,FALSE()),"") -> BAT54S | J57: =IFERROR(VLOOKUP(E57,Parts!$A$2:$S$200,5,FALSE()),"") -> Package_TO_SOT_SMD:SOT-23 | K57: =SUMIFS(Part_Suppliers!$E$2:$E$300,Part_Suppliers!$A$2:$A$300,$E57,Part_Suppliers!$H$2:$H$300,"Ja") -> 0.04 | L57: =F57*K57 -> 0.04 | M57: =IFERROR(VLOOKUP($E57,Parts!$A$2:$M$200,12,FALSE()),"") -> Aktuelles AnalogHydroPressure verwendet SOT-23 und stimmt damit mit dem Artikel-Footprint überein; Gehäuse der bestellten Variante dennoch prüfen.
A58: ENK-00003 | B58: 0.2 | C58: 90 | D58: D3 | E58: ENP-00069 | F58: 1 | G58: Bestücken | H58: KiCad | I58: =IFERROR(VLOOKUP(E58,Parts!$A$2:$S$200,4,FALSE()),"") -> Typ und elektrische Daten offen | J58: =IFERROR(VLOOKUP(E58,Parts!$A$2:$S$200,5,FALSE()),"") -> Diode_SMD:D_SOD-323F | K58: =SUMIFS(Part_Suppliers!$E$2:$E$300,Part_Suppliers!$A$2:$A$300,$E58,Part_Suppliers!$H$2:$H$300,"Ja") -> 0 | L58: =F58*K58 -> 0 | M58: =IFERROR(VLOOKUP($E58,Parts!$A$2:$M$200,12,FALSE()),"") -> Schema enthält nur den generischen Wert D_Schottky; Sperrspannung, Strom, Hersteller und MPN festlegen. Einkaufsdaten bleiben offen, bis Sperrspannung und Strombelastbarkeit festgelegt sind.
A59: ENK-00003 | B59: 0.2 | C59: 100 | D59: J1 | E59: ENP-00059 | F59: 1 | G59: Bestücken | H59: KiCad | I59: =IFERROR(VLOOKUP(E59,Parts!$A$2:$S$200,4,FALSE()),"") -> 2x7, 2,54 mm, THT, vertikal, vergoldet, 6,1 mm Stecklänge, 3,0 mm Lötstift | J59: =IFERROR(VLOOKUP(E59,Parts!$A$2:$S$200,5,FALSE()),"") -> EnvNode-Footprints:PinHeader_2x07_P2.54mm_Vertical_Bottom | K59: =SUMIFS(Part_Suppliers!$E$2:$E$300,Part_Suppliers!$A$2:$A$300,$E59,Part_Suppliers!$H$2:$H$300,"Ja") -> 0.3 | L59: =F59*K59 -> 0.3 | M59: =IFERROR(VLOOKUP($E59,Parts!$A$2:$M$200,12,FALSE()),"") -> Standard-THT-Stiftleiste mit 11,6 mm Gesamtlänge, vergoldeten Kontakten und 3 A Nennstrom. Die Bestückung von der Modulunterseite und die dafür passende Pinorientierung werden durch den Projekt-Footprint PinHeader_2x07_P2.54mm_Vertical_Bottom festgelegt. Einzelpreis inkl. MwSt., Stand 2026-09-01; Preis und Verfügbarkeit vor Bestellung prüfen.
A60: ENK-00003 | B60: 0.2 | C60: 110 | D60: J3 | E60: ENP-00031 | F60: 1 | G60: Bestücken | H60: KiCad | I60: =IFERROR(VLOOKUP(E60,Parts!$A$2:$S$200,4,FALSE()),"") -> 1x2, 2,54 mm | J60: =IFERROR(VLOOKUP(E60,Parts!$A$2:$S$200,5,FALSE()),"") -> Connector_PinSocket_2.54mm:PinSocket_1x02_P2.54mm_Vertical | K60: =SUMIFS(Part_Suppliers!$E$2:$E$300,Part_Suppliers!$A$2:$A$300,$E60,Part_Suppliers!$H$2:$H$300,"Ja") -> 0 | L60: =F60*K60 -> 0 | M60: =IFERROR(VLOOKUP($E60,Parts!$A$2:$M$200,12,FALSE()),"") -> 0
A61: ENK-00003 | B61: 0.2 | C61: 120 | D61: L1 | E61: ENP-00070 | F61: 1 | G61: Bestücken | H61: KiCad | I61: =IFERROR(VLOOKUP(E61,Parts!$A$2:$S$200,4,FALSE()),"") -> 0,68 µH, 8,2 A, DCR 9 mΩ, WE-MAPI 3012 | J61: =IFERROR(VLOOKUP(E61,Parts!$A$2:$S$200,5,FALSE()),"") -> Inductor_SMD:L_Wuerth_MAPI-3012 | K61: =SUMIFS(Part_Suppliers!$E$2:$E$300,Part_Suppliers!$A$2:$A$300,$E61,Part_Suppliers!$H$2:$H$300,"Ja") -> 1.66 | L61: =F61*K61 -> 1.66 | M61: =IFERROR(VLOOKUP($E61,Parts!$A$2:$M$200,12,FALSE()),"") -> Exakte MAPI-3012-Ausführung: 680 nH, 8,2 A, DCR 9 mΩ, AEC-Q200. Einzelpreis, Stand 2026-09-01; Preis und Verfügbarkeit vor Bestellung prüfen.
... A71: ENK-00003 | B71: 0.2 | C71: 220 | D71: U4 | E71: ENP-00075 | F71: 1 | G71: Bestücken | H71: KiCad | I71: =IFERROR(VLOOKUP(E71,Parts!$A$2:$S$200,4,FALSE()),"") -> LT8330, 3…40 V Eingang, 60 V/1 A Schalter, TSOT-23-6 | J71: =IFERROR(VLOOKUP(E71,Parts!$A$2:$S$200,5,FALSE()),"") -> Package_TO_SOT_SMD:SOT-23-6 | K71: =SUMIFS(Part_Suppliers!$E$2:$E$300,Part_Suppliers!$A$2:$A$300,$E71,Part_Suppliers!$H$2:$H$300,"Ja") -> 7.11 | L71: =F71*K71 -> 7.11 | M71: =IFERROR(VLOOKUP($E71,Parts!$A$2:$M$200,12,FALSE()),"") -> Bestellbare E-Temperaturvariante im geforderten TSOT-23-6, Cut Tape. Einzelpreis, Stand 2026-09-01; Preis und Verfügbarkeit vor Bestellung prüfen.
A72: ENK-00003 | B72: 0.2 | C72: 230 | E72: ENP-00076 | F72: 1 | G72: Bestücken | H72: PCB | I72: =IFERROR(VLOOKUP(E72,Parts!$A$2:$S$200,4,FALSE()),"") -> Revision 0.2 | J72: =IFERROR(VLOOKUP(E72,Parts!$A$2:$S$200,5,FALSE()),"") -> PCB: Modules/FullSize/AnalogHydroPressure/AnalogHydroPressure.kicad_pcb | K72: =SUMIFS(Part_Suppliers!$E$2:$E$300,Part_Suppliers!$A$2:$A$300,$E72,Part_Suppliers!$H$2:$H$300,"Ja") -> 0 | L72: =F72*K72 -> 0 | M72: =IFERROR(VLOOKUP($E72,Parts!$A$2:$M$200,12,FALSE()),"") -> Aktueller KiCad-Stand einschließlich Busumschaltung auf Modulseite und F.Cu-Backfill; Fertiger und Fertigungsvariante festlegen.
A73: ENK-00004 | B73: 1.0 | C73: 10 | D73: C1 | E73: ENP-00006 | F73: 1 | G73: Bestücken | H73: KiCad | I73: =IFERROR(VLOOKUP(E73,Parts!$A$2:$S$200,4,FALSE()),"") -> 100 nF, 10 %, X7R, 100 V | J73: =IFERROR(VLOOKUP(E73,Parts!$A$2:$S$200,5,FALSE()),"") -> Capacitor_SMD:C_1206_3216Metric_Pad1.33x1.80mm_HandSolder | K73: =SUMIFS(Part_Suppliers!$E$2:$E$300,Part_Suppliers!$A$2:$A$300,$E73,Part_Suppliers!$H$2:$H$300,"Ja") -> 0.24 | L73: =F73*K73 -> 0.24 | M73: =IFERROR(VLOOKUP($E73,Parts!$A$2:$M$200,12,FALSE()),"") -> Spannungsfestigkeit, Dielektrikum und Bauform vor Bestellung gegen Schaltplan und Footprint prüfen; C1 ist in allen vier aktuellen Empty-Schemata derzeit DNP; C1 ist im aktuellen DuoRelay-Schema derzeit DNP
A74: ENK-00004 | B74: 1.0 | C74: 20 | D74: J1 | E74: ENP-00019 | F74: 1 | G74: Bestücken | H74: KiCad | I74: =IFERROR(VLOOKUP(E74,Parts!$A$2:$S$200,4,FALSE()),"") -> 1x8, 2,54 mm | J74: =IFERROR(VLOOKUP(E74,Parts!$A$2:$S$200,5,FALSE()),"") -> Connector_PinHeader_2.54mm:PinHeader_1x08_P2.54mm_Vertical | K74: =SUMIFS(Part_Suppliers!$E$2:$E$300,Part_Suppliers!$A$2:$A$300,$E74,Part_Suppliers!$H$2:$H$300,"Ja") -> 0.31 | L74: =F74*K74 -> 0.31 | M74: =IFERROR(VLOOKUP($E74,Parts!$A$2:$M$200,12,FALSE()),"") -> 0
A75: ENK-00004 | B75: 1.0 | C75: 30 | D75: J2 | E75: ENP-00019 | F75: 1 | G75: Bestücken | H75: KiCad | I75: =IFERROR(VLOOKUP(E75,Parts!$A$2:$S$200,4,FALSE()),"") -> 1x8, 2,54 mm | J75: =IFERROR(VLOOKUP(E75,Parts!$A$2:$S$200,5,FALSE()),"") -> Connector_PinHeader_2.54mm:PinHeader_1x08_P2.54mm_Vertical | K75: =SUMIFS(Part_Suppliers!$E$2:$E$300,Part_Suppliers!$A$2:$A$300,$E75,Part_Suppliers!$H$2:$H$300,"Ja") -> 0.31 | L75: =F75*K75 -> 0.31 | M75: =IFERROR(VLOOKUP($E75,Parts!$A$2:$M$200,12,FALSE()),"") -> 0
A76: ENK-00004 | B76: 1.0 | C76: 40 | D76: J3 | E76: ENP-00003 | F76: 1 | G76: Bestücken | H76: KiCad | I76: =IFERROR(VLOOKUP(E76,Parts!$A$2:$S$200,4,FALSE()),"") -> 1x4, 2,54 mm | J76: =IFERROR(VLOOKUP(E76,Parts!$A$2:$S$200,5,FALSE()),"") -> PinSocket_1x04_P2.54mm_Vertical | K76: =SUMIFS(Part_Suppliers!$E$2:$E$300,Part_Suppliers!$A$2:$A$300,$E76,Part_Suppliers!$H$2:$H$300,"Ja") -> 0.81 | L76: =F76*K76 -> 0.81 | M76: =IFERROR(VLOOKUP($E76,Parts!$A$2:$M$200,12,FALSE()),"") -> Für interne Qwiic-Breakouts; Bauhöhe und Ausführung passend zur Mechanik wählen
A77: ENK-00004 | B77: 1.0 | C77: 50 | D77: J4 | E77: ENP-00003 | F77: 1 | G77: Bestücken | H77: KiCad | I77: =IFERROR(VLOOKUP(E77,Parts!$A$2:$S$200,4,FALSE()),"") -> 1x4, 2,54 mm | J77: =IFERROR(VLOOKUP(E77,Parts!$A$2:$S$200,5,FALSE()),"") -> PinSocket_1x04_P2.54mm_Vertical | K77: =SUMIFS(Part_Suppliers!$E$2:$E$300,Part_Suppliers!$A$2:$A$300,$E77,Part_Suppliers!$H$2:$H$300,"Ja") -> 0.81 | L77: =F77*K77 -> 0.81 | M77: =IFERROR(VLOOKUP($E77,Parts!$A$2:$M$200,12,FALSE()),"") -> Für interne Qwiic-Breakouts; Bauhöhe und Ausführung passend zur Mechanik wählen
A78: ENK-00004 | B78: 1.0 | C78: 60 | D78: Q1 | E78: ENP-00013 | F78: 1 | G78: Bestücken | H78: KiCad | I78: =IFERROR(VLOOKUP(E78,Parts!$A$2:$S$200,4,FALSE()),"") -> N-Kanal, 30 V, 5,7 A | J78: =IFERROR(VLOOKUP(E78,Parts!$A$2:$S$200,5,FALSE()),"") -> Package_TO_SOT_SMD:SOT-23 | K78: =SUMIFS(Part_Suppliers!$E$2:$E$300,Part_Suppliers!$A$2:$A$300,$E78,Part_Suppliers!$H$2:$H$300,"Ja") -> 0.18 | L78: =F78*K78 -> 0.18 | M78: =IFERROR(VLOOKUP($E78,Parts!$A$2:$M$200,12,FALSE()),"") -> 0
A79: ENK-00004 | B79: 1.0 | C79: 70 | D79: R1 | E79: ENP-00017 | F79: 1 | G79: Bestücken | H79: KiCad | I79: =IFERROR(VLOOKUP(E79,Parts!$A$2:$S$200,4,FALSE()),"") -> 100 Ω, 5 %, 250 mW | J79: =IFERROR(VLOOKUP(E79,Parts!$A$2:$S$200,5,FALSE()),"") -> Resistor_SMD:R_1206_3216Metric_Pad1.30x1.75mm_HandSolder | K79: =SUMIFS(Part_Suppliers!$E$2:$E$300,Part_Suppliers!$A$2:$A$300,$E79,Part_Suppliers!$H$2:$H$300,"Ja") -> 0.06 | L79: =F79*K79 -> 0.06 | M79: =IFERROR(VLOOKUP($E79,Parts!$A$2:$M$200,12,FALSE()),"") -> 0
A80: ENK-00004 | B80: 1.0 | C80: 80 | D80: R2 | E80: ENP-00016 | F80: 1 | G80: Bestücken | H80: KiCad | I80: =IFERROR(VLOOKUP(E80,Parts!$A$2:$S$200,4,FALSE()),"") -> 100 kΩ, 0,1 %, 250 mW | J80: =IFERROR(VLOOKUP(E80,Parts!$A$2:$S$200,5,FALSE()),"") -> Resistor_SMD:R_1206_3216Metric_Pad1.30x1.75mm_HandSolder | K80: =SUMIFS(Part_Suppliers!$E$2:$E$300,Part_Suppliers!$A$2:$A$300,$E80,Part_Suppliers!$H$2:$H$300,"Ja") -> 0.83 | L80: =F80*K80 -> 0.83 | M80: =IFERROR(VLOOKUP($E80,Parts!$A$2:$M$200,12,FALSE()),"") -> Lieferanten-Bestellnummer in der Altdatei enthält vermischte Angaben.
A81: ENK-00004 | B81: 1.0 | C81: 90 | D81: R3 | E81: ENP-00018 | F81: 1 | G81: Bestücken | H81: KiCad | I81: =IFERROR(VLOOKUP(E81,Parts!$A$2:$S$200,4,FALSE()),"") -> 10 kΩ, 0,1 %, 250 mW | J81: =IFERROR(VLOOKUP(E81,Parts!$A$2:$S$200,5,FALSE()),"") -> Resistor_SMD:R_1206_3216Metric_Pad1.30x1.75mm_HandSolder | K81: =SUMIFS(Part_Suppliers!$E$2:$E$300,Part_Suppliers!$A$2:$A$300,$E81,Part_Suppliers!$H$2:$H$300,"Ja") -> 0.75 | L81: =F81*K81 -> 0.75 | M81: =IFERROR(VLOOKUP($E81,Parts!$A$2:$M$200,12,FALSE()),"") -> Offensichtlich zusammengesetzte MPN aus Altdaten normalisiert.
A82: ENK-00004 | B82: 1.0 | C82: 100 | D82: R4 | E82: ENP-00016 | F82: 1 | G82: Bestücken | H82: KiCad | I82: =IFERROR(VLOOKUP(E82,Parts!$A$2:$S$200,4,FALSE()),"") -> 100 kΩ, 0,1 %, 250 mW | J82: =IFERROR(VLOOKUP(E82,Parts!$A$2:$S$200,5,FALSE()),"") -> Resistor_SMD:R_1206_3216Metric_Pad1.30x1.75mm_HandSolder | K82: =SUMIFS(Part_Suppliers!$E$2:$E$300,Part_Suppliers!$A$2:$A$300,$E82,Part_Suppliers!$H$2:$H$300,"Ja") -> 0.83 | L82: =F82*K82 -> 0.83 | M82: =IFERROR(VLOOKUP($E82,Parts!$A$2:$M$200,12,FALSE()),"") -> Lieferanten-Bestellnummer in der Altdatei enthält vermischte Angaben.
A83: ENK-00004 | B83: 1.0 | C83: 110 | D83: U1 | E83: ENP-00020 | F83: 1 | G83: Bestücken | H83: KiCad | I83: =IFERROR(VLOOKUP(E83,Parts!$A$2:$S$200,4,FALSE()),"") -> CMOS 555 | J83: =IFERROR(VLOOKUP(E83,Parts!$A$2:$S$200,5,FALSE()),"") -> Package_SO:SOIC-8_3.9x4.9mm_P1.27mm | K83: =SUMIFS(Part_Suppliers!$E$2:$E$300,Part_Suppliers!$A$2:$A$300,$E83,Part_Suppliers!$H$2:$H$300,"Ja") -> 1.1 | L83: =F83*K83 -> 1.1 | M83: =IFERROR(VLOOKUP($E83,Parts!$A$2:$M$200,12,FALSE()),"") -> 0
A84: ENK-00004 | B84: 1.0 | C84: 120 | E84: ENP-00053 | F84: 1 | G84: Bestücken | H84: PCB | I84: =IFERROR(VLOOKUP(E84,Parts!$A$2:$S$200,4,FALSE()),"") -> Revision 1.0 | J84: =IFERROR(VLOOKUP(E84,Parts!$A$2:$S$200,5,FALSE()),"") -> PCB: Raindetector.kicad_pcb | K84: =SUMIFS(Part_Suppliers!$E$2:$E$300,Part_Suppliers!$A$2:$A$300,$E84,Part_Suppliers!$H$2:$H$300,"Ja") -> 1.73 | L84: =F84*K84 -> 1.73 | M84: =IFERROR(VLOOKUP($E84,Parts!$A$2:$M$200,12,FALSE()),"") -> Fertiger und konkrete Fertigungsvariante festlegen.

Sheet Order_List
A1: Bestellliste für EnvNode-Bausätze
A2: Stückzahlen wählen; die Liste aggregiert gleiche Parts über alle Kits. DNP ist standardmäßig ausgeschlossen.
A4: Kit_ID | B4: Bausatz | C4: Stückzahl | E4: Option | F4: Auswahl
A5: ENK-00001 | B5: EnvNode Mini Bausatz | C5: 1 | E5: Optional bestellen | F5: Nein
A6: ENK-00002 | B6: DuoRelay FullSize Bausatz | C6: 0 | E6: DNP bestellen | F6: Ja
A7: ENK-00003 | B7: AnalogHydroPressure FullSize Bausatz | C7: 0
A8: ENK-00004 | B8: RainDetector Bausatz | C8: 0 | E8: Hinweis | F8: Bestellmenge wird bei hinterlegter Verpackungseinheit auf das nächste Vielfache aufgerundet.
A13: Part_ID | B13: Description | C13: Supplier | D13: Supplier_PN | E13: Bedarf | F13: Packaging_Unit | G13: Bedarf_gerundet | H13: Unit_Price_EUR | I13: Bedarfswert_EUR | J13: Import_Status | K13: URL | L13: Bestand | M13: Bestellt | N13: Deckung | O13: Bestellvorschlag | P13: Bestellmenge
A14: ENP-00003 | B14: =IFERROR(VLOOKUP($A14,Parts!$A$2:$M$200,3,FALSE()),"") -> PinSocket 1x4, 2.54 mm | C14: =IFERROR(VLOOKUP($A14,Stock!$A$5:$I$200,8,FALSE()),"") -> Reichelt | D14: =IFERROR(VLOOKUP($A14,Stock!$A$5:$I$200,9,FALSE()),"") -> BKL 10120946 | E14: =SUMIFS(Kit_BOM!$F$2:$F$204,Kit_BOM!$E$2:$E$204,$A14,Kit_BOM!$A$2:$A$204,$A$5,Kit_BOM!$G$2:$G$204,"Bestücken")*$C$5+SUMIFS(Kit_BOM!$F$2:$F$204,Kit_BOM!$E$2:$E$204,$A14,Kit_BOM!$A$2:$A$204,$A$5,Kit_BOM!$G$2:$G$204,"Mechanical")*$C$5+IF($F$5="Ja",SUMIFS(Kit_BOM!$F$2:$F$204,Kit_BOM!$E$2:$E$204,$A14,Kit_BOM!$A$2:$A$204,$A$5,Kit_BOM!$G$2:$G$204,"Optional")*$C$5,0)+IF($F$6="Ja",SUMIFS(Kit_BOM!$F$2:$F$204,Kit_BOM!$E$2:$E$204,$A14,Kit_BOM!$A$2:$A$204,$A$5,Kit_BOM!$G$2:$G$204,"DNP")*$C$5,0)+SUMIFS(Kit_BOM!$F$2:$F$204,Kit_BOM!$E$2:$E$204,$A14,Kit_BOM!$A$2:$A$204,$A$6,Kit_BOM!$G$2:$G$204,"Bestücken")*$C$6+SUMIFS(Kit_BOM!$F$2:$F$204,Kit_BOM!$E$2:$E$204,$A14,Kit_BOM!$A$2:$A$204,$A$6,Kit_BOM!$G$2:$G$204,"Mechanical")*$C$6+IF($F$5="Ja",SUMIFS(Kit_BOM!$F$2:$F$204,Kit_BOM!$E$2:$E$204,$A14,Kit_BOM!$A$2:$A$204,$A$6,Kit_BOM!$G$2:$G$204,"Optional")*$C$6,0)+IF($F$6="Ja",SUMIFS(Kit_BOM!$F$2:$F$204,Kit_BOM!$E$2:$E$204,$A14,Kit_BOM!$A$2:$A$204,$A$6,Kit_BOM!$G$2:$G$204,"DNP")*$C$6,0)+SUMIFS(Kit_BOM!$F$2:$F$204,Kit_BOM!$E$2:$E$204,$A14,Kit_BOM!$A$2:$A$204,$A$7,Kit_BOM!$G$2:$G$204,"Bestücken")*$C$7+SUMIFS(Kit_BOM!$F$2:$F$204,Kit_BOM!$E$2:$E$204,$A14,Kit_BOM!$A$2:$A$204,$A$7,Kit_BOM!$G$2:$G$204,"Mechanical")*$C$7+IF($F$5="Ja",SUMIFS(Kit_BOM!$F$2:$F$204,Kit_BOM!$E$2:$E$204,$A14,Kit_BOM!$A$2:$A$204,$A$7,Kit_BOM!$G$2:$G$204,"Optional")*$C$7,0)+IF($F$6="Ja",SUMIFS(Kit_BOM!$F$2:$F$204,Kit_BOM!$E$2:$E$204,$A14,Kit_BOM!$A$2:$A$204,$A$7,Kit_BOM!$G$2:$G$204,"DNP")*$C$7,0)+SUMIFS(Kit_BOM!$F$2:$F$204,Kit_BOM!$E$2:$E$204,$A14,Kit_BOM!$A$2:$A$204,$A$8,Kit_BOM!$G$2:$G$204,"Bestücken")*$C$8+SUMIFS(Kit_BOM!$F$2:$F$204,Kit_BOM!$E$2:$E$204,$A14,Kit_BOM!$A$2:$A$204,$A$8,Kit_BOM!$G$2:$G$204,"Mechanical")*$C$8+IF($F$5="Ja",SUMIFS(Kit_BOM!$F$2:$F$204,Kit_BOM!$E$2:$E$204,$A14,Kit_BOM!$A$2:$A$204,$A$8,Kit_BOM!$G$2:$G$204,"Optional")*$C$8,0)+IF($F$6="Ja",SUMIFS(Kit_BOM!$F$2:$F$204,Kit_BOM!$E$2:$E$204,$A14,Kit_BOM!$A$2:$A$204,$A$8,Kit_BOM!$G$2:$G$204,"DNP")*$C$8,0) -> 0 | F14: =IFERROR(IF(INDEX(Part_Suppliers!$G$2:$G$300,MATCH($A14&"|"&$C14,Part_Suppliers!$K$2:$K$300,0))=0,"",INDEX(Part_Suppliers!$G$2:$G$300,MATCH($A14&"|"&$C14,Part_Suppliers!$K$2:$K$300,0))),"") | G14: =IF($E14=0,0,IF(OR($F14="",$F14=0),$E14,CEILING($E14,$F14))) -> 0 | H14: =SUMIFS(Part_Suppliers!$E$2:$E$300,Part_Suppliers!$A$2:$A$300,$A14,Part_Suppliers!$B$2:$B$300,$C14) -> 0.81 | I14: =$G14*$H14 -> 0 | J14: =IF($E14=0,"Nicht benötigt",IF(LOWER($C14)<>"reichelt","Anderer Lieferant",IF($D14="","Supplier-PN fehlt","Reichelt bereit"))) -> Nicht benötigt | K14: =IFERROR(IF(INDEX(Part_Suppliers!$D$2:$D$300,MATCH($A14&"|"&$C14,Part_Suppliers!$K$2:$K$300,0))=0,"",INDEX(Part_Suppliers!$D$2:$D$300,MATCH($A14&"|"&$C14,Part_Suppliers!$K$2:$K$300,0))),"") -> https://www.reichelt.de/de/de/shop/produkt/buchsenleiste_2_54mm_1x4_gerade-266671 | L14: =IFERROR(VLOOKUP($A14,Stock!$A$5:$K$200,10,FALSE()),0) -> 4 | M14: =IFERROR(VLOOKUP($A14,Stock!$A$5:$K$200,11,FALSE()),0) -> 0 | N14: =$L14+$M14-$E14 -> 4 | O14: =IF($N14>=0,0,IF(OR($F14="",$F14=0),-$N14,CEILING(-$N14,$F14))) -> 0 | P14: 0
A15: ENP-00005 | B15: =IFERROR(VLOOKUP($A15,Parts!$A$2:$M$200,3,FALSE()),"") -> 4.7 kOhm 1% SMD 1206 | C15: =IFERROR(VLOOKUP($A15,Stock!$A$5:$I$200,8,FALSE()),"") -> Reichelt | D15: =IFERROR(VLOOKUP($A15,Stock!$A$5:$I$200,9,FALSE()),"") -> VIS CRCW12064K7 | E15: =SUMIFS(Kit_BOM!$F$2:$F$204,Kit_BOM!$E$2:$E$204,$A15,Kit_BOM!$A$2:$A$204,$A$5,Kit_BOM!$G$2:$G$204,"Bestücken")*$C$5+SUMIFS(Kit_BOM!$F$2:$F$204,Kit_BOM!$E$2:$E$204,$A15,Kit_BOM!$A$2:$A$204,$A$5,Kit_BOM!$G$2:$G$204,"Mechanical")*$C$5+IF($F$5="Ja",SUMIFS(Kit_BOM!$F$2:$F$204,Kit_BOM!$E$2:$E$204,$A15,Kit_BOM!$A$2:$A$204,$A$5,Kit_BOM!$G$2:$G$204,"Optional")*$C$5,0)+IF($F$6="Ja",SUMIFS(Kit_BOM!$F$2:$F$204,Kit_BOM!$E$2:$E$204,$A15,Kit_BOM!$A$2:$A$204,$A$5,Kit_BOM!$G$2:$G$204,"DNP")*$C$5,0)+SUMIFS(Kit_BOM!$F$2:$F$204,Kit_BOM!$E$2:$E$204,$A15,Kit_BOM!$A$2:$A$204,$A$6,Kit_BOM!$G$2:$G$204,"Bestücken")*$C$6+SUMIFS(Kit_BOM!$F$2:$F$204,Kit_BOM!$E$2:$E$204,$A15,Kit_BOM!$A$2:$A$204,$A$6,Kit_BOM!$G$2:$G$204,"Mechanical")*$C$6+IF($F$5="Ja",SUMIFS(Kit_BOM!$F$2:$F$204,Kit_BOM!$E$2:$E$204,$A15,Kit_BOM!$A$2:$A$204,$A$6,Kit_BOM!$G$2:$G$204,"Optional")*$C$6,0)+IF($F$6="Ja",SUMIFS(Kit_BOM!$F$2:$F$204,Kit_BOM!$E$2:$E$204,$A15,Kit_BOM!$A$2:$A$204,$A$6,Kit_BOM!$G$2:$G$204,"DNP")*$C$6,0)+SUMIFS(Kit_BOM!$F$2:$F$204,Kit_BOM!$E$2:$E$204,$A15,Kit_BOM!$A$2:$A$204,$A$7,Kit_BOM!$G$2:$G$204,"Bestücken")*$C$7+SUMIFS(Kit_BOM!$F$2:$F$204,Kit_BOM!$E$2:$E$204,$A15,Kit_BOM!$A$2:$A$204,$A$7,Kit_BOM!$G$2:$G$204,"Mechanical")*$C$7+IF($F$5="Ja",SUMIFS(Kit_BOM!$F$2:$F$204,Kit_BOM!$E$2:$E$204,$A15,Kit_BOM!$A$2:$A$204,$A$7,Kit_BOM!$G$2:$G$204,"Optional")*$C$7,0)+IF($F$6="Ja",SUMIFS(Kit_BOM!$F$2:$F$204,Kit_BOM!$E$2:$E$204,$A15,Kit_BOM!$A$2:$A$204,$A$7,Kit_BOM!$G$2:$G$204,"DNP")*$C$7,0)+SUMIFS(Kit_BOM!$F$2:$F$204,Kit_BOM!$E$2:$E$204,$A15,Kit_BOM!$A$2:$A$204,$A$8,Kit_BOM!$G$2:$G$204,"Bestücken")*$C$8+SUMIFS(Kit_BOM!$F$2:$F$204,Kit_BOM!$E$2:$E$204,$A15,Kit_BOM!$A$2:$A$204,$A$8,Kit_BOM!$G$2:$G$204,"Mechanical")*$C$8+IF($F$5="Ja",SUMIFS(Kit_BOM!$F$2:$F$204,Kit_BOM!$E$2:$E$204,$A15,Kit_BOM!$A$2:$A$204,$A$8,Kit_BOM!$G$2:$G$204,"Optional")*$C$8,0)+IF($F$6="Ja",SUMIFS(Kit_BOM!$F$2:$F$204,Kit_BOM!$E$2:$E$204,$A15,Kit_BOM!$A$2:$A$204,$A$8,Kit_BOM!$G$2:$G$204,"DNP")*$C$8,0) -> 4 | F15: =IFERROR(IF(INDEX(Part_Suppliers!$G$2:$G$300,MATCH($A15&"|"&$C15,Part_Suppliers!$K$2:$K$300,0))=0,"",INDEX(Part_Suppliers!$G$2:$G$300,MATCH($A15&"|"&$C15,Part_Suppliers!$K$2:$K$300,0))),"") | G15: =IF($E15=0,0,IF(OR($F15="",$F15=0),$E15,CEILING($E15,$F15))) -> 4 | H15: =SUMIFS(Part_Suppliers!$E$2:$E$300,Part_Suppliers!$A$2:$A$300,$A15,Part_Suppliers!$B$2:$B$300,$C15) -> 0.15 | I15: =$G15*$H15 -> 0.6 | J15: =IF($E15=0,"Nicht benötigt",IF(LOWER($C15)<>"reichelt","Anderer Lieferant",IF($D15="","Supplier-PN fehlt","Reichelt bereit"))) -> Reichelt bereit | K15: =IFERROR(IF(INDEX(Part_Suppliers!$D$2:$D$300,MATCH($A15&"|"&$C15,Part_Suppliers!$K$2:$K$300,0))=0,"",INDEX(Part_Suppliers!$D$2:$D$300,MATCH($A15&"|"&$C15,Part_Suppliers!$K$2:$K$300,0))),"") -> https://www.reichelt.de/de/de/shop/produkt/smd-widerstand_1206_4_7_kohm_250_mw_1_-238119 | L15: =IFERROR(VLOOKUP($A15,Stock!$A$5:$K$200,10,FALSE()),0) -> 12 | M15: =IFERROR(VLOOKUP($A15,Stock!$A$5:$K$200,11,FALSE()),0) -> 0 | N15: =$L15+$M15-$E15 -> 8 | O15: =IF($N15>=0,0,IF(OR($F15="",$F15=0),-$N15,CEILING(-$N15,$F15))) -> 0 | P15: 0
A16: ENP-00006 | B16: =IFERROR(VLOOKUP($A16,Parts!$A$2:$M$200,3,FALSE()),"") -> 100 nF Keramik SMD | C16: =IFERROR(VLOOKUP($A16,Stock!$A$5:$I$200,8,FALSE()),"") -> Reichelt | D16: =IFERROR(VLOOKUP($A16,Stock!$A$5:$I$200,9,FALSE()),"") -> KEM X7R1206A100N | E16: =SUMIFS(Kit_BOM!$F$2:$F$204,Kit_BOM!$E$2:$E$204,$A16,Kit_BOM!$A$2:$A$204,$A$5,Kit_BOM!$G$2:$G$204,"Bestücken")*$C$5+SUMIFS(Kit_BOM!$F$2:$F$204,Kit_BOM!$E$2:$E$204,$A16,Kit_BOM!$A$2:$A$204,$A$5,Kit_BOM!$G$2:$G$204,"Mechanical")*$C$5+IF($F$5="Ja",SUMIFS(Kit_BOM!$F$2:$F$204,Kit_BOM!$E$2:$E$204,$A16,Kit_BOM!$A$2:$A$204,$A$5,Kit_BOM!$G$2:$G$204,"Optional")*$C$5,0)+IF($F$6="Ja",SUMIFS(Kit_BOM!$F$2:$F$204,Kit_BOM!$E$2:$E$204,$A16,Kit_BOM!$A$2:$A$204,$A$5,Kit_BOM!$G$2:$G$204,"DNP")*$C$5,0)+SUMIFS(Kit_BOM!$F$2:$F$204,Kit_BOM!$E$2:$E$204,$A16,Kit_BOM!$A$2:$A$204,$A$6,Kit_BOM!$G$2:$G$204,"Bestücken")*$C$6+SUMIFS(Kit_BOM!$F$2:$F$204,Kit_BOM!$E$2:$E$204,$A16,Kit_BOM!$A$2:$A$204,$A$6,Kit_BOM!$G$2:$G$204,"Mechanical")*$C$6+IF($F$5="Ja",SUMIFS(Kit_BOM!$F$2:$F$204,Kit_BOM!$E$2:$E$204,$A16,Kit_BOM!$A$2:$A$204,$A$6,Kit_BOM!$G$2:$G$204,"Optional")*$C$6,0)+IF($F$6="Ja",SUMIFS(Kit_BOM!$F$2:$F$204,Kit_BOM!$E$2:$E$204,$A16,Kit_BOM!$A$2:$A$204,$A$6,Kit_BOM!$G$2:$G$204,"DNP")*$C$6,0)+SUMIFS(Kit_BOM!$F$2:$F$204,Kit_BOM!$E$2:$E$204,$A16,Kit_BOM!$A$2:$A$204,$A$7,Kit_BOM!$G$2:$G$204,"Bestücken")*$C$7+SUMIFS(Kit_BOM!$F$2:$F$204,Kit_BOM!$E$2:$E$204,$A16,Kit_BOM!$A$2:$A$204,$A$7,Kit_BOM!$G$2:$G$204,"Mechanical")*$C$7+IF($F$5="Ja",SUMIFS(Kit_BOM!$F$2:$F$204,Kit_BOM!$E$2:$E$204,$A16,Kit_BOM!$A$2:$A$204,$A$7,Kit_BOM!$G$2:$G$204,"Optional")*$C$7,0)+IF($F$6="Ja",SUMIFS(Kit_BOM!$F$2:$F$204,Kit_BOM!$E$2:$E$204,$A16,Kit_BOM!$A$2:$A$204,$A$7,Kit_BOM!$G$2:$G$204,"DNP")*$C$7,0)+SUMIFS(Kit_BOM!$F$2:$F$204,Kit_BOM!$E$2:$E$204,$A16,Kit_BOM!$A$2:$A$204,$A$8,Kit_BOM!$G$2:$G$204,"Bestücken")*$C$8+SUMIFS(Kit_BOM!$F$2:$F$204,Kit_BOM!$E$2:$E$204,$A16,Kit_BOM!$A$2:$A$204,$A$8,Kit_BOM!$G$2:$G$204,"Mechanical")*$C$8+IF($F$5="Ja",SUMIFS(Kit_BOM!$F$2:$F$204,Kit_BOM!$E$2:$E$204,$A16,Kit_BOM!$A$2:$A$204,$A$8,Kit_BOM!$G$2:$G$204,"Optional")*$C$8,0)+IF($F$6="Ja",SUMIFS(Kit_BOM!$F$2:$F$204,Kit_BOM!$E$2:$E$204,$A16,Kit_BOM!$A$2:$A$204,$A$8,Kit_BOM!$G$2:$G$204,"DNP")*$C$8,0) -> 3 | F16: =IFERROR(IF(INDEX(Part_Suppliers!$G$2:$G$300,MATCH($A16&"|"&$C16,Part_Suppliers!$K$2:$K$300,0))=0,"",INDEX(Part_Suppliers!$G$2:$G$300,MATCH($A16&"|"&$C16,Part_Suppliers!$K$2:$K$300,0))),"") -> 10 | G16: =IF($E16=0,0,IF(OR($F16="",$F16=0),$E16,CEILING($E16,$F16))) -> 10 | H16: =SUMIFS(Part_Suppliers!$E$2:$E$300,Part_Suppliers!$A$2:$A$300,$A16,Part_Suppliers!$B$2:$B$300,$C16) -> 0.24 | I16: =$G16*$H16 -> 2.4 | J16: =IF($E16=0,"Nicht benötigt",IF(LOWER($C16)<>"reichelt","Anderer Lieferant",IF($D16="","Supplier-PN fehlt","Reichelt bereit"))) -> Reichelt bereit | K16: =IFERROR(IF(INDEX(Part_Suppliers!$D$2:$D$300,MATCH($A16&"|"&$C16,Part_Suppliers!$K$2:$K$300,0))=0,"",INDEX(Part_Suppliers!$D$2:$D$300,MATCH($A16&"|"&$C16,Part_Suppliers!$K$2:$K$300,0))),"") -> https://www.reichelt.de/de/de/shop/produkt/vielschicht_kerko_1206_100_nf_10_x7r_100_v_125_c-207151 | L16: =IFERROR(VLOOKUP($A16,Stock!$A$5:$K$200,10,FALSE()),0) -> 0 | M16: =IFERROR(VLOOKUP($A16,Stock!$A$5:$K$200,11,FALSE()),0) -> 10 | N16: =$L16+$M16-$E16 -> 7 | O16: =IF($N16>=0,0,IF(OR($F16="",$F16=0),-$N16,CEILING(-$N16,$F16))) -> 0 | P16: 0
A17: ENP-00007 | B17: =IFERROR(VLOOKUP($A17,Parts!$A$2:$M$200,3,FALSE()),"") -> 10 uF Keramik SMD | C17: =IFERROR(VLOOKUP($A17,Stock!$A$5:$I$200,8,FALSE()),"") -> Reichelt | D17: =IFERROR(VLOOKUP($A17,Stock!$A$5:$I$200,9,FALSE()),"") -> 12063C106KAT2A | E17: =SUMIFS(Kit_BOM!$F$2:$F$204,Kit_BOM!$E$2:$E$204,$A17,Kit_BOM!$A$2:$A$204,$A$5,Kit_BOM!$G$2:$G$204,"Bestücken")*$C$5+SUMIFS(Kit_BOM!$F$2:$F$204,Kit_BOM!$E$2:$E$204,$A17,Kit_BOM!$A$2:$A$204,$A$5,Kit_BOM!$G$2:$G$204,"Mechanical")*$C$5+IF($F$5="Ja",SUMIFS(Kit_BOM!$F$2:$F$204,Kit_BOM!$E$2:$E$204,$A17,Kit_BOM!$A$2:$A$204,$A$5,Kit_BOM!$G$2:$G$204,"Optional")*$C$5,0)+IF($F$6="Ja",SUMIFS(Kit_BOM!$F$2:$F$204,Kit_BOM!$E$2:$E$204,$A17,Kit_BOM!$A$2:$A$204,$A$5,Kit_BOM!$G$2:$G$204,"DNP")*$C$5,0)+SUMIFS(Kit_BOM!$F$2:$F$204,Kit_BOM!$E$2:$E$204,$A17,Kit_BOM!$A$2:$A$204,$A$6,Kit_BOM!$G$2:$G$204,"Bestücken")*$C$6+SUMIFS(Kit_BOM!$F$2:$F$204,Kit_BOM!$E$2:$E$204,$A17,Kit_BOM!$A$2:$A$204,$A$6,Kit_BOM!$G$2:$G$204,"Mechanical")*$C$6+IF($F$5="Ja",SUMIFS(Kit_BOM!$F$2:$F$204,Kit_BOM!$E$2:$E$204,$A17,Kit_BOM!$A$2:$A$204,$A$6,Kit_BOM!$G$2:$G$204,"Optional")*$C$6,0)+IF($F$6="Ja",SUMIFS(Kit_BOM!$F$2:$F$204,Kit_BOM!$E$2:$E$204,$A17,Kit_BOM!$A$2:$A$204,$A$6,Kit_BOM!$G$2:$G$204,"DNP")*$C$6,0)+SUMIFS(Kit_BOM!$F$2:$F$204,Kit_BOM!$E$2:$E$204,$A17,Kit_BOM!$A$2:$A$204,$A$7,Kit_BOM!$G$2:$G$204,"Bestücken")*$C$7+SUMIFS(Kit_BOM!$F$2:$F$204,Kit_BOM!$E$2:$E$204,$A17,Kit_BOM!$A$2:$A$204,$A$7,Kit_BOM!$G$2:$G$204,"Mechanical")*$C$7+IF($F$5="Ja",SUMIFS(Kit_BOM!$F$2:$F$204,Kit_BOM!$E$2:$E$204,$A17,Kit_BOM!$A$2:$A$204,$A$7,Kit_BOM!$G$2:$G$204,"Optional")*$C$7,0)+IF($F$6="Ja",SUMIFS(Kit_BOM!$F$2:$F$204,Kit_BOM!$E$2:$E$204,$A17,Kit_BOM!$A$2:$A$204,$A$7,Kit_BOM!$G$2:$G$204,"DNP")*$C$7,0)+SUMIFS(Kit_BOM!$F$2:$F$204,Kit_BOM!$E$2:$E$204,$A17,Kit_BOM!$A$2:$A$204,$A$8,Kit_BOM!$G$2:$G$204,"Bestücken")*$C$8+SUMIFS(Kit_BOM!$F$2:$F$204,Kit_BOM!$E$2:$E$204,$A17,Kit_BOM!$A$2:$A$204,$A$8,Kit_BOM!$G$2:$G$204,"Mechanical")*$C$8+IF($F$5="Ja",SUMIFS(Kit_BOM!$F$2:$F$204,Kit_BOM!$E$2:$E$204,$A17,Kit_BOM!$A$2:$A$204,$A$8,Kit_BOM!$G$2:$G$204,"Optional")*$C$8,0)+IF($F$6="Ja",SUMIFS(Kit_BOM!$F$2:$F$204,Kit_BOM!$E$2:$E$204,$A17,Kit_BOM!$A$2:$A$204,$A$8,Kit_BOM!$G$2:$G$204,"DNP")*$C$8,0) -> 1 | F17: =IFERROR(IF(INDEX(Part_Suppliers!$G$2:$G$300,MATCH($A17&"|"&$C17,Part_Suppliers!$K$2:$K$300,0))=0,"",INDEX(Part_Suppliers!$G$2:$G$300,MATCH($A17&"|"&$C17,Part_Suppliers!$K$2:$K$300,0))),"") -> 10 | G17: =IF($E17=0,0,IF(OR($F17="",$F17=0),$E17,CEILING($E17,$F17))) -> 10 | H17: =SUMIFS(Part_Suppliers!$E$2:$E$300,Part_Suppliers!$A$2:$A$300,$A17,Part_Suppliers!$B$2:$B$300,$C17) -> 0.11 | I17: =$G17*$H17 -> 1.1 | J17: =IF($E17=0,"Nicht benötigt",IF(LOWER($C17)<>"reichelt","Anderer Lieferant",IF($D17="","Supplier-PN fehlt","Reichelt bereit"))) -> Reichelt bereit | K17: =IFERROR(IF(INDEX(Part_Suppliers!$D$2:$D$300,MATCH($A17&"|"&$C17,Part_Suppliers!$K$2:$K$300,0))=0,"",INDEX(Part_Suppliers!$D$2:$D$300,MATCH($A17&"|"&$C17,Part_Suppliers!$K$2:$K$300,0))),"") -> https://www.reichelt.de/de/de/shop/produkt/mlcc_1206_10_f_25_v_-10_x7r-409262 | L17: =IFERROR(VLOOKUP($A17,Stock!$A$5:$K$200,10,FALSE()),0) -> 0 | M17: =IFERROR(VLOOKUP($A17,Stock!$A$5:$K$200,11,FALSE()),0) -> 10 | N17: =$L17+$M17-$E17 -> 9 | O17: =IF($N17>=0,0,IF(OR($F17="",$F17=0),-$N17,CEILING(-$N17,$F17))) -> 0 | P17: 0
A18: ENP-00008 | B18: =IFERROR(VLOOKUP($A18,Parts!$A$2:$M$200,3,FALSE()),"") -> 47 uF 10V Tantal | C18: =IFERROR(VLOOKUP($A18,Stock!$A$5:$I$200,8,FALSE()),"") -> Reichelt | D18: =IFERROR(VLOOKUP($A18,Stock!$A$5:$I$200,9,FALSE()),"") -> TAJ 3528 47/10 | E18: =SUMIFS(Kit_BOM!$F$2:$F$204,Kit_BOM!$E$2:$E$204,$A18,Kit_BOM!$A$2:$A$204,$A$5,Kit_BOM!$G$2:$G$204,"Bestücken")*$C$5+SUMIFS(Kit_BOM!$F$2:$F$204,Kit_BOM!$E$2:$E$204,$A18,Kit_BOM!$A$2:$A$204,$A$5,Kit_BOM!$G$2:$G$204,"Mechanical")*$C$5+IF($F$5="Ja",SUMIFS(Kit_BOM!$F$2:$F$204,Kit_BOM!$E$2:$E$204,$A18,Kit_BOM!$A$2:$A$204,$A$5,Kit_BOM!$G$2:$G$204,"Optional")*$C$5,0)+IF($F$6="Ja",SUMIFS(Kit_BOM!$F$2:$F$204,Kit_BOM!$E$2:$E$204,$A18,Kit_BOM!$A$2:$A$204,$A$5,Kit_BOM!$G$2:$G$204,"DNP")*$C$5,0)+SUMIFS(Kit_BOM!$F$2:$F$204,Kit_BOM!$E$2:$E$204,$A18,Kit_BOM!$A$2:$A$204,$A$6,Kit_BOM!$G$2:$G$204,"Bestücken")*$C$6+SUMIFS(Kit_BOM!$F$2:$F$204,Kit_BOM!$E$2:$E$204,$A18,Kit_BOM!$A$2:$A$204,$A$6,Kit_BOM!$G$2:$G$204,"Mechanical")*$C$6+IF($F$5="Ja",SUMIFS(Kit_BOM!$F$2:$F$204,Kit_BOM!$E$2:$E$204,$A18,Kit_BOM!$A$2:$A$204,$A$6,Kit_BOM!$G$2:$G$204,"Optional")*$C$6,0)+IF($F$6="Ja",SUMIFS(Kit_BOM!$F$2:$F$204,Kit_BOM!$E$2:$E$204,$A18,Kit_BOM!$A$2:$A$204,$A$6,Kit_BOM!$G$2:$G$204,"DNP")*$C$6,0)+SUMIFS(Kit_BOM!$F$2:$F$204,Kit_BOM!$E$2:$E$204,$A18,Kit_BOM!$A$2:$A$204,$A$7,Kit_BOM!$G$2:$G$204,"Bestücken")*$C$7+SUMIFS(Kit_BOM!$F$2:$F$204,Kit_BOM!$E$2:$E$204,$A18,Kit_BOM!$A$2:$A$204,$A$7,Kit_BOM!$G$2:$G$204,"Mechanical")*$C$7+IF($F$5="Ja",SUMIFS(Kit_BOM!$F$2:$F$204,Kit_BOM!$E$2:$E$204,$A18,Kit_BOM!$A$2:$A$204,$A$7,Kit_BOM!$G$2:$G$204,"Optional")*$C$7,0)+IF($F$6="Ja",SUMIFS(Kit_BOM!$F$2:$F$204,Kit_BOM!$E$2:$E$204,$A18,Kit_BOM!$A$2:$A$204,$A$7,Kit_BOM!$G$2:$G$204,"DNP")*$C$7,0)+SUMIFS(Kit_BOM!$F$2:$F$204,Kit_BOM!$E$2:$E$204,$A18,Kit_BOM!$A$2:$A$204,$A$8,Kit_BOM!$G$2:$G$204,"Bestücken")*$C$8+SUMIFS(Kit_BOM!$F$2:$F$204,Kit_BOM!$E$2:$E$204,$A18,Kit_BOM!$A$2:$A$204,$A$8,Kit_BOM!$G$2:$G$204,"Mechanical")*$C$8+IF($F$5="Ja",SUMIFS(Kit_BOM!$F$2:$F$204,Kit_BOM!$E$2:$E$204,$A18,Kit_BOM!$A$2:$A$204,$A$8,Kit_BOM!$G$2:$G$204,"Optional")*$C$8,0)+IF($F$6="Ja",SUMIFS(Kit_BOM!$F$2:$F$204,Kit_BOM!$E$2:$E$204,$A18,Kit_BOM!$A$2:$A$204,$A$8,Kit_BOM!$G$2:$G$204,"DNP")*$C$8,0) -> 1 | F18: =IFERROR(IF(INDEX(Part_Suppliers!$G$2:$G$300,MATCH($A18&"|"&$C18,Part_Suppliers!$K$2:$K$300,0))=0,"",INDEX(Part_Suppliers!$G$2:$G$300,MATCH($A18&"|"&$C18,Part_Suppliers!$K$2:$K$300,0))),"") | G18: =IF($E18=0,0,IF(OR($F18="",$F18=0),$E18,CEILING($E18,$F18))) -> 1 | H18: =SUMIFS(Part_Suppliers!$E$2:$E$300,Part_Suppliers!$A$2:$A$300,$A18,Part_Suppliers!$B$2:$B$300,$C18) -> 0.29 | I18: =$G18*$H18 -> 0.29 | J18: =IF($E18=0,"Nicht benötigt",IF(LOWER($C18)<>"reichelt","Anderer Lieferant",IF($D18="","Supplier-PN fehlt","Reichelt bereit"))) -> Reichelt bereit | K18: =IFERROR(IF(INDEX(Part_Suppliers!$D$2:$D$300,MATCH($A18&"|"&$C18,Part_Suppliers!$K$2:$K$300,0))=0,"",INDEX(Part_Suppliers!$D$2:$D$300,MATCH($A18&"|"&$C18,Part_Suppliers!$K$2:$K$300,0))),"") -> https://www.reichelt.de/de/de/shop/produkt/smd-tantal_kondensator_47_f_10_v-167014 | L18: =IFERROR(VLOOKUP($A18,Stock!$A$5:$K$200,10,FALSE()),0) -> 0 | M18: =IFERROR(VLOOKUP($A18,Stock!$A$5:$K$200,11,FALSE()),0) -> 0 | N18: =$L18+$M18-$E18 -> -1 | O18: =IF($N18>=0,0,IF(OR($F18="",$F18=0),-$N18,CEILING(-$N18,$F18))) -> 1 | P18: 0
A19: ENP-00009 | B19: =IFERROR(VLOOKUP($A19,Parts!$A$2:$M$200,3,FALSE()),"") -> LDO 3.3V SOT-223 | C19: =IFERROR(VLOOKUP($A19,Stock!$A$5:$I$200,8,FALSE()),"") -> Reichelt | D19: =IFERROR(VLOOKUP($A19,Stock!$A$5:$I$200,9,FALSE()),"") -> LM 3940 IMP-3 | E19: =SUMIFS(Kit_BOM!$F$2:$F$204,Kit_BOM!$E$2:$E$204,$A19,Kit_BOM!$A$2:$A$204,$A$5,Kit_BOM!$G$2:$G$204,"Bestücken")*$C$5+SUMIFS(Kit_BOM!$F$2:$F$204,Kit_BOM!$E$2:$E$204,$A19,Kit_BOM!$A$2:$A$204,$A$5,Kit_BOM!$G$2:$G$204,"Mechanical")*$C$5+IF($F$5="Ja",SUMIFS(Kit_BOM!$F$2:$F$204,Kit_BOM!$E$2:$E$204,$A19,Kit_BOM!$A$2:$A$204,$A$5,Kit_BOM!$G$2:$G$204,"Optional")*$C$5,0)+IF($F$6="Ja",SUMIFS(Kit_BOM!$F$2:$F$204,Kit_BOM!$E$2:$E$204,$A19,Kit_BOM!$A$2:$A$204,$A$5,Kit_BOM!$G$2:$G$204,"DNP")*$C$5,0)+SUMIFS(Kit_BOM!$F$2:$F$204,Kit_BOM!$E$2:$E$204,$A19,Kit_BOM!$A$2:$A$204,$A$6,Kit_BOM!$G$2:$G$204,"Bestücken")*$C$6+SUMIFS(Kit_BOM!$F$2:$F$204,Kit_BOM!$E$2:$E$204,$A19,Kit_BOM!$A$2:$A$204,$A$6,Kit_BOM!$G$2:$G$204,"Mechanical")*$C$6+IF($F$5="Ja",SUMIFS(Kit_BOM!$F$2:$F$204,Kit_BOM!$E$2:$E$204,$A19,Kit_BOM!$A$2:$A$204,$A$6,Kit_BOM!$G$2:$G$204,"Optional")*$C$6,0)+IF($F$6="Ja",SUMIFS(Kit_BOM!$F$2:$F$204,Kit_BOM!$E$2:$E$204,$A19,Kit_BOM!$A$2:$A$204,$A$6,Kit_BOM!$G$2:$G$204,"DNP")*$C$6,0)+SUMIFS(Kit_BOM!$F$2:$F$204,Kit_BOM!$E$2:$E$204,$A19,Kit_BOM!$A$2:$A$204,$A$7,Kit_BOM!$G$2:$G$204,"Bestücken")*$C$7+SUMIFS(Kit_BOM!$F$2:$F$204,Kit_BOM!$E$2:$E$204,$A19,Kit_BOM!$A$2:$A$204,$A$7,Kit_BOM!$G$2:$G$204,"Mechanical")*$C$7+IF($F$5="Ja",SUMIFS(Kit_BOM!$F$2:$F$204,Kit_BOM!$E$2:$E$204,$A19,Kit_BOM!$A$2:$A$204,$A$7,Kit_BOM!$G$2:$G$204,"Optional")*$C$7,0)+IF($F$6="Ja",SUMIFS(Kit_BOM!$F$2:$F$204,Kit_BOM!$E$2:$E$204,$A19,Kit_BOM!$A$2:$A$204,$A$7,Kit_BOM!$G$2:$G$204,"DNP")*$C$7,0)+SUMIFS(Kit_BOM!$F$2:$F$204,Kit_BOM!$E$2:$E$204,$A19,Kit_BOM!$A$2:$A$204,$A$8,Kit_BOM!$G$2:$G$204,"Bestücken")*$C$8+SUMIFS(Kit_BOM!$F$2:$F$204,Kit_BOM!$E$2:$E$204,$A19,Kit_BOM!$A$2:$A$204,$A$8,Kit_BOM!$G$2:$G$204,"Mechanical")*$C$8+IF($F$5="Ja",SUMIFS(Kit_BOM!$F$2:$F$204,Kit_BOM!$E$2:$E$204,$A19,Kit_BOM!$A$2:$A$204,$A$8,Kit_BOM!$G$2:$G$204,"Optional")*$C$8,0)+IF($F$6="Ja",SUMIFS(Kit_BOM!$F$2:$F$204,Kit_BOM!$E$2:$E$204,$A19,Kit_BOM!$A$2:$A$204,$A$8,Kit_BOM!$G$2:$G$204,"DNP")*$C$8,0) -> 1 | F19: =IFERROR(IF(INDEX(Part_Suppliers!$G$2:$G$300,MATCH($A19&"|"&$C19,Part_Suppliers!$K$2:$K$300,0))=0,"",INDEX(Part_Suppliers!$G$2:$G$300,MATCH($A19&"|"&$C19,Part_Suppliers!$K$2:$K$300,0))),"") -> 3 | G19: =IF($E19=0,0,IF(OR($F19="",$F19=0),$E19,CEILING($E19,$F19))) -> 3 | H19: =SUMIFS(Part_Suppliers!$E$2:$E$300,Part_Suppliers!$A$2:$A$300,$A19,Part_Suppliers!$B$2:$B$300,$C19) -> 1 | I19: =$G19*$H19 -> 3 | J19: =IF($E19=0,"Nicht benötigt",IF(LOWER($C19)<>"reichelt","Anderer Lieferant",IF($D19="","Supplier-PN fehlt","Reichelt bereit"))) -> Reichelt bereit | K19: =IFERROR(IF(INDEX(Part_Suppliers!$D$2:$D$300,MATCH($A19&"|"&$C19,Part_Suppliers!$K$2:$K$300,0))=0,"",INDEX(Part_Suppliers!$D$2:$D$300,MATCH($A19&"|"&$C19,Part_Suppliers!$K$2:$K$300,0))),"") -> https://www.reichelt.de/de/de/shop/produkt/ldo-spannungsregler_fix_3_3_vout_1_a_sot-223-109407?search=LM3940%2520& | L19: =IFERROR(VLOOKUP($A19,Stock!$A$5:$K$200,10,FALSE()),0) -> 0 | M19: =IFERROR(VLOOKUP($A19,Stock!$A$5:$K$200,11,FALSE()),0) -> 3 | N19: =$L19+$M19-$E19 -> 2 | O19: =IF($N19>=0,0,IF(OR($F19="",$F19=0),-$N19,CEILING(-$N19,$F19))) -> 0 | P19: 0
A20: ENP-00010 | B20: =IFERROR(VLOOKUP($A20,Parts!$A$2:$M$200,3,FALSE()),"") -> ESP32-DevKitC | C20: =IFERROR(VLOOKUP($A20,Stock!$A$5:$I$200,8,FALSE()),"") -> Noch festlegen | D20: =IFERROR(VLOOKUP($A20,Stock!$A$5:$I$200,9,FALSE()),"") | E20: =SUMIFS(Kit_BOM!$F$2:$F$204,Kit_BOM!$E$2:$E$204,$A20,Kit_BOM!$A$2:$A$204,$A$5,Kit_BOM!$G$2:$G$204,"Bestücken")*$C$5+SUMIFS(Kit_BOM!$F$2:$F$204,Kit_BOM!$E$2:$E$204,$A20,Kit_BOM!$A$2:$A$204,$A$5,Kit_BOM!$G$2:$G$204,"Mechanical")*$C$5+IF($F$5="Ja",SUMIFS(Kit_BOM!$F$2:$F$204,Kit_BOM!$E$2:$E$204,$A20,Kit_BOM!$A$2:$A$204,$A$5,Kit_BOM!$G$2:$G$204,"Optional")*$C$5,0)+IF($F$6="Ja",SUMIFS(Kit_BOM!$F$2:$F$204,Kit_BOM!$E$2:$E$204,$A20,Kit_BOM!$A$2:$A$204,$A$5,Kit_BOM!$G$2:$G$204,"DNP")*$C$5,0)+SUMIFS(Kit_BOM!$F$2:$F$204,Kit_BOM!$E$2:$E$204,$A20,Kit_BOM!$A$2:$A$204,$A$6,Kit_BOM!$G$2:$G$204,"Bestücken")*$C$6+SUMIFS(Kit_BOM!$F$2:$F$204,Kit_BOM!$E$2:$E$204,$A20,Kit_BOM!$A$2:$A$204,$A$6,Kit_BOM!$G$2:$G$204,"Mechanical")*$C$6+IF($F$5="Ja",SUMIFS(Kit_BOM!$F$2:$F$204,Kit_BOM!$E$2:$E$204,$A20,Kit_BOM!$A$2:$A$204,$A$6,Kit_BOM!$G$2:$G$204,"Optional")*$C$6,0)+IF($F$6="Ja",SUMIFS(Kit_BOM!$F$2:$F$204,Kit_BOM!$E$2:$E$204,$A20,Kit_BOM!$A$2:$A$204,$A$6,Kit_BOM!$G$2:$G$204,"DNP")*$C$6,0)+SUMIFS(Kit_BOM!$F$2:$F$204,Kit_BOM!$E$2:$E$204,$A20,Kit_BOM!$A$2:$A$204,$A$7,Kit_BOM!$G$2:$G$204,"Bestücken")*$C$7+SUMIFS(Kit_BOM!$F$2:$F$204,Kit_BOM!$E$2:$E$204,$A20,Kit_BOM!$A$2:$A$204,$A$7,Kit_BOM!$G$2:$G$204,"Mechanical")*$C$7+IF($F$5="Ja",SUMIFS(Kit_BOM!$F$2:$F$204,Kit_BOM!$E$2:$E$204,$A20,Kit_BOM!$A$2:$A$204,$A$7,Kit_BOM!$G$2:$G$204,"Optional")*$C$7,0)+IF($F$6="Ja",SUMIFS(Kit_BOM!$F$2:$F$204,Kit_BOM!$E$2:$E$204,$A20,Kit_BOM!$A$2:$A$204,$A$7,Kit_BOM!$G$2:$G$204,"DNP")*$C$7,0)+SUMIFS(Kit_BOM!$F$2:$F$204,Kit_BOM!$E$2:$E$204,$A20,Kit_BOM!$A$2:$A$204,$A$8,Kit_BOM!$G$2:$G$204,"Bestücken")*$C$8+SUMIFS(Kit_BOM!$F$2:$F$204,Kit_BOM!$E$2:$E$204,$A20,Kit_BOM!$A$2:$A$204,$A$8,Kit_BOM!$G$2:$G$204,"Mechanical")*$C$8+IF($F$5="Ja",SUMIFS(Kit_BOM!$F$2:$F$204,Kit_BOM!$E$2:$E$204,$A20,Kit_BOM!$A$2:$A$204,$A$8,Kit_BOM!$G$2:$G$204,"Optional")*$C$8,0)+IF($F$6="Ja",SUMIFS(Kit_BOM!$F$2:$F$204,Kit_BOM!$E$2:$E$204,$A20,Kit_BOM!$A$2:$A$204,$A$8,Kit_BOM!$G$2:$G$204,"DNP")*$C$8,0) -> 1 | F20: =IFERROR(IF(INDEX(Part_Suppliers!$G$2:$G$300,MATCH($A20&"|"&$C20,Part_Suppliers!$K$2:$K$300,0))=0,"",INDEX(Part_Suppliers!$G$2:$G$300,MATCH($A20&"|"&$C20,Part_Suppliers!$K$2:$K$300,0))),"") -> 3 | G20: =IF($E20=0,0,IF(OR($F20="",$F20=0),$E20,CEILING($E20,$F20))) -> 3 | H20: =SUMIFS(Part_Suppliers!$E$2:$E$300,Part_Suppliers!$A$2:$A$300,$A20,Part_Suppliers!$B$2:$B$300,$C20) -> 5 | I20: =$G20*$H20 -> 15 | J20: =IF($E20=0,"Nicht benötigt",IF(LOWER($C20)<>"reichelt","Anderer Lieferant",IF($D20="","Supplier-PN fehlt","Reichelt bereit"))) -> Anderer Lieferant | K20: =IFERROR(IF(INDEX(Part_Suppliers!$D$2:$D$300,MATCH($A20&"|"&$C20,Part_Suppliers!$K$2:$K$300,0))=0,"",INDEX(Part_Suppliers!$D$2:$D$300,MATCH($A20&"|"&$C20,Part_Suppliers!$K$2:$K$300,0))),"") | L20: =IFERROR(VLOOKUP($A20,Stock!$A$5:$K$200,10,FALSE()),0) -> 3 | M20: =IFERROR(VLOOKUP($A20,Stock!$A$5:$K$200,11,FALSE()),0) -> 0 | N20: =$L20+$M20-$E20 -> 2 | O20: =IF($N20>=0,0,IF(OR($F20="",$F20=0),-$N20,CEILING(-$N20,$F20))) -> 0 | P20: 0
A21: ENP-00012 | B21: =IFERROR(VLOOKUP($A21,Parts!$A$2:$M$200,3,FALSE()),"") -> JST - Stiftleiste, gerade, 1x2-polig - PH | C21: =IFERROR(VLOOKUP($A21,Stock!$A$5:$I$200,8,FALSE()),"") -> Reichelt | D21: =IFERROR(VLOOKUP($A21,Stock!$A$5:$I$200,9,FALSE()),"") -> JST PH2P ST | E21: =SUMIFS(Kit_BOM!$F$2:$F$204,Kit_BOM!$E$2:$E$204,$A21,Kit_BOM!$A$2:$A$204,$A$5,Kit_BOM!$G$2:$G$204,"Bestücken")*$C$5+SUMIFS(Kit_BOM!$F$2:$F$204,Kit_BOM!$E$2:$E$204,$A21,Kit_BOM!$A$2:$A$204,$A$5,Kit_BOM!$G$2:$G$204,"Mechanical")*$C$5+IF($F$5="Ja",SUMIFS(Kit_BOM!$F$2:$F$204,Kit_BOM!$E$2:$E$204,$A21,Kit_BOM!$A$2:$A$204,$A$5,Kit_BOM!$G$2:$G$204,"Optional")*$C$5,0)+IF($F$6="Ja",SUMIFS(Kit_BOM!$F$2:$F$204,Kit_BOM!$E$2:$E$204,$A21,Kit_BOM!$A$2:$A$204,$A$5,Kit_BOM!$G$2:$G$204,"DNP")*$C$5,0)+SUMIFS(Kit_BOM!$F$2:$F$204,Kit_BOM!$E$2:$E$204,$A21,Kit_BOM!$A$2:$A$204,$A$6,Kit_BOM!$G$2:$G$204,"Bestücken")*$C$6+SUMIFS(Kit_BOM!$F$2:$F$204,Kit_BOM!$E$2:$E$204,$A21,Kit_BOM!$A$2:$A$204,$A$6,Kit_BOM!$G$2:$G$204,"Mechanical")*$C$6+IF($F$5="Ja",SUMIFS(Kit_BOM!$F$2:$F$204,Kit_BOM!$E$2:$E$204,$A21,Kit_BOM!$A$2:$A$204,$A$6,Kit_BOM!$G$2:$G$204,"Optional")*$C$6,0)+IF($F$6="Ja",SUMIFS(Kit_BOM!$F$2:$F$204,Kit_BOM!$E$2:$E$204,$A21,Kit_BOM!$A$2:$A$204,$A$6,Kit_BOM!$G$2:$G$204,"DNP")*$C$6,0)+SUMIFS(Kit_BOM!$F$2:$F$204,Kit_BOM!$E$2:$E$204,$A21,Kit_BOM!$A$2:$A$204,$A$7,Kit_BOM!$G$2:$G$204,"Bestücken")*$C$7+SUMIFS(Kit_BOM!$F$2:$F$204,Kit_BOM!$E$2:$E$204,$A21,Kit_BOM!$A$2:$A$204,$A$7,Kit_BOM!$G$2:$G$204,"Mechanical")*$C$7+IF($F$5="Ja",SUMIFS(Kit_BOM!$F$2:$F$204,Kit_BOM!$E$2:$E$204,$A21,Kit_BOM!$A$2:$A$204,$A$7,Kit_BOM!$G$2:$G$204,"Optional")*$C$7,0)+IF($F$6="Ja",SUMIFS(Kit_BOM!$F$2:$F$204,Kit_BOM!$E$2:$E$204,$A21,Kit_BOM!$A$2:$A$204,$A$7,Kit_BOM!$G$2:$G$204,"DNP")*$C$7,0)+SUMIFS(Kit_BOM!$F$2:$F$204,Kit_BOM!$E$2:$E$204,$A21,Kit_BOM!$A$2:$A$204,$A$8,Kit_BOM!$G$2:$G$204,"Bestücken")*$C$8+SUMIFS(Kit_BOM!$F$2:$F$204,Kit_BOM!$E$2:$E$204,$A21,Kit_BOM!$A$2:$A$204,$A$8,Kit_BOM!$G$2:$G$204,"Mechanical")*$C$8+IF($F$5="Ja",SUMIFS(Kit_BOM!$F$2:$F$204,Kit_BOM!$E$2:$E$204,$A21,Kit_BOM!$A$2:$A$204,$A$8,Kit_BOM!$G$2:$G$204,"Optional")*$C$8,0)+IF($F$6="Ja",SUMIFS(Kit_BOM!$F$2:$F$204,Kit_BOM!$E$2:$E$204,$A21,Kit_BOM!$A$2:$A$204,$A$8,Kit_BOM!$G$2:$G$204,"DNP")*$C$8,0) -> 1 | F21: =IFERROR(IF(INDEX(Part_Suppliers!$G$2:$G$300,MATCH($A21&"|"&$C21,Part_Suppliers!$K$2:$K$300,0))=0,"",INDEX(Part_Suppliers!$G$2:$G$300,MATCH($A21&"|"&$C21,Part_Suppliers!$K$2:$K$300,0))),"") | G21: =IF($E21=0,0,IF(OR($F21="",$F21=0),$E21,CEILING($E21,$F21))) -> 1 | H21: =SUMIFS(Part_Suppliers!$E$2:$E$300,Part_Suppliers!$A$2:$A$300,$A21,Part_Suppliers!$B$2:$B$300,$C21) -> 1.3 | I21: =$G21*$H21 -> 1.3 | J21: =IF($E21=0,"Nicht benötigt",IF(LOWER($C21)<>"reichelt","Anderer Lieferant",IF($D21="","Supplier-PN fehlt","Reichelt bereit"))) -> Reichelt bereit | K21: =IFERROR(IF(INDEX(Part_Suppliers!$D$2:$D$300,MATCH($A21&"|"&$C21,Part_Suppliers!$K$2:$K$300,0))=0,"",INDEX(Part_Suppliers!$D$2:$D$300,MATCH($A21&"|"&$C21,Part_Suppliers!$K$2:$K$300,0))),"") -> https://www.reichelt.de/de/de/shop/produkt/jst_-_stiftleiste_gerade_1x2-polig_-_ph-185049 | L21: =IFERROR(VLOOKUP($A21,Stock!$A$5:$K$200,10,FALSE()),0) -> 0 | M21: =IFERROR(VLOOKUP($A21,Stock!$A$5:$K$200,11,FALSE()),0) -> 0 | N21: =$L21+$M21-$E21 -> -1 | O21: =IF($N21>=0,0,IF(OR($F21="",$F21=0),-$N21,CEILING(-$N21,$F21))) -> 1 | P21: 0
A22: ENP-00013 | B22: =IFERROR(VLOOKUP($A22,Parts!$A$2:$M$200,3,FALSE()),"") -> MOSFET, N-Ch 30V 5,7A 0,018R, SOT-23 | C22: =IFERROR(VLOOKUP($A22,Stock!$A$5:$I$200,8,FALSE()),"") -> Reichelt | D22: =IFERROR(VLOOKUP($A22,Stock!$A$5:$I$200,9,FALSE()),"") -> AO3400A | E22: =SUMIFS(Kit_BOM!$F$2:$F$204,Kit_BOM!$E$2:$E$204,$A22,Kit_BOM!$A$2:$A$204,$A$5,Kit_BOM!$G$2:$G$204,"Bestücken")*$C$5+SUMIFS(Kit_BOM!$F$2:$F$204,Kit_BOM!$E$2:$E$204,$A22,Kit_BOM!$A$2:$A$204,$A$5,Kit_BOM!$G$2:$G$204,"Mechanical")*$C$5+IF($F$5="Ja",SUMIFS(Kit_BOM!$F$2:$F$204,Kit_BOM!$E$2:$E$204,$A22,Kit_BOM!$A$2:$A$204,$A$5,Kit_BOM!$G$2:$G$204,"Optional")*$C$5,0)+IF($F$6="Ja",SUMIFS(Kit_BOM!$F$2:$F$204,Kit_BOM!$E$2:$E$204,$A22,Kit_BOM!$A$2:$A$204,$A$5,Kit_BOM!$G$2:$G$204,"DNP")*$C$5,0)+SUMIFS(Kit_BOM!$F$2:$F$204,Kit_BOM!$E$2:$E$204,$A22,Kit_BOM!$A$2:$A$204,$A$6,Kit_BOM!$G$2:$G$204,"Bestücken")*$C$6+SUMIFS(Kit_BOM!$F$2:$F$204,Kit_BOM!$E$2:$E$204,$A22,Kit_BOM!$A$2:$A$204,$A$6,Kit_BOM!$G$2:$G$204,"Mechanical")*$C$6+IF($F$5="Ja",SUMIFS(Kit_BOM!$F$2:$F$204,Kit_BOM!$E$2:$E$204,$A22,Kit_BOM!$A$2:$A$204,$A$6,Kit_BOM!$G$2:$G$204,"Optional")*$C$6,0)+IF($F$6="Ja",SUMIFS(Kit_BOM!$F$2:$F$204,Kit_BOM!$E$2:$E$204,$A22,Kit_BOM!$A$2:$A$204,$A$6,Kit_BOM!$G$2:$G$204,"DNP")*$C$6,0)+SUMIFS(Kit_BOM!$F$2:$F$204,Kit_BOM!$E$2:$E$204,$A22,Kit_BOM!$A$2:$A$204,$A$7,Kit_BOM!$G$2:$G$204,"Bestücken")*$C$7+SUMIFS(Kit_BOM!$F$2:$F$204,Kit_BOM!$E$2:$E$204,$A22,Kit_BOM!$A$2:$A$204,$A$7,Kit_BOM!$G$2:$G$204,"Mechanical")*$C$7+IF($F$5="Ja",SUMIFS(Kit_BOM!$F$2:$F$204,Kit_BOM!$E$2:$E$204,$A22,Kit_BOM!$A$2:$A$204,$A$7,Kit_BOM!$G$2:$G$204,"Optional")*$C$7,0)+IF($F$6="Ja",SUMIFS(Kit_BOM!$F$2:$F$204,Kit_BOM!$E$2:$E$204,$A22,Kit_BOM!$A$2:$A$204,$A$7,Kit_BOM!$G$2:$G$204,"DNP")*$C$7,0)+SUMIFS(Kit_BOM!$F$2:$F$204,Kit_BOM!$E$2:$E$204,$A22,Kit_BOM!$A$2:$A$204,$A$8,Kit_BOM!$G$2:$G$204,"Bestücken")*$C$8+SUMIFS(Kit_BOM!$F$2:$F$204,Kit_BOM!$E$2:$E$204,$A22,Kit_BOM!$A$2:$A$204,$A$8,Kit_BOM!$G$2:$G$204,"Mechanical")*$C$8+IF($F$5="Ja",SUMIFS(Kit_BOM!$F$2:$F$204,Kit_BOM!$E$2:$E$204,$A22,Kit_BOM!$A$2:$A$204,$A$8,Kit_BOM!$G$2:$G$204,"Optional")*$C$8,0)+IF($F$6="Ja",SUMIFS(Kit_BOM!$F$2:$F$204,Kit_BOM!$E$2:$E$204,$A22,Kit_BOM!$A$2:$A$204,$A$8,Kit_BOM!$G$2:$G$204,"DNP")*$C$8,0) -> 0 | F22: =IFERROR(IF(INDEX(Part_Suppliers!$G$2:$G$300,MATCH($A22&"|"&$C22,Part_Suppliers!$K$2:$K$300,0))=0,"",INDEX(Part_Suppliers!$G$2:$G$300,MATCH($A22&"|"&$C22,Part_Suppliers!$K$2:$K$300,0))),"") | G22: =IF($E22=0,0,IF(OR($F22="",$F22=0),$E22,CEILING($E22,$F22))) -> 0 | H22: =SUMIFS(Part_Suppliers!$E$2:$E$300,Part_Suppliers!$A$2:$A$300,$A22,Part_Suppliers!$B$2:$B$300,$C22) -> 0.18 | I22: =$G22*$H22 -> 0 | J22: =IF($E22=0,"Nicht benötigt",IF(LOWER($C22)<>"reichelt","Anderer Lieferant",IF($D22="","Supplier-PN fehlt","Reichelt bereit"))) -> Nicht benötigt | K22: =IFERROR(IF(INDEX(Part_Suppliers!$D$2:$D$300,MATCH($A22&"|"&$C22,Part_Suppliers!$K$2:$K$300,0))=0,"",INDEX(Part_Suppliers!$D$2:$D$300,MATCH($A22&"|"&$C22,Part_Suppliers!$K$2:$K$300,0))),"") -> https://www.reichelt.de/de/de/shop/produkt/mosfet_n-ch_30v_5_7a_0_018r_sot-23-166490 | L22: =IFERROR(VLOOKUP($A22,Stock!$A$5:$K$200,10,FALSE()),0) -> 0 | M22: =IFERROR(VLOOKUP($A22,Stock!$A$5:$K$200,11,FALSE()),0) -> 5 | N22: =$L22+$M22-$E22 -> 5 | O22: =IF($N22>=0,0,IF(OR($F22="",$F22=0),-$N22,CEILING(-$N22,$F22))) -> 0 | P22: 0
A23: ENP-00016 | B23: =IFERROR(VLOOKUP($A23,Parts!$A$2:$M$200,3,FALSE()),"") -> SMD-Widerstand, 1206, 100 kOhm, 250 mW, 0,1% | C23: =IFERROR(VLOOKUP($A23,Stock!$A$5:$I$200,8,FALSE()),"") -> Reichelt | D23: =IFERROR(VLOOKUP($A23,Stock!$A$5:$I$200,9,FALSE()),"") -> PAN ERA8AEB104V | E23: =SUMIFS(Kit_BOM!$F$2:$F$204,Kit_BOM!$E$2:$E$204,$A23,Kit_BOM!$A$2:$A$204,$A$5,Kit_BOM!$G$2:$G$204,"Bestücken")*$C$5+SUMIFS(Kit_BOM!$F$2:$F$204,Kit_BOM!$E$2:$E$204,$A23,Kit_BOM!$A$2:$A$204,$A$5,Kit_BOM!$G$2:$G$204,"Mechanical")*$C$5+IF($F$5="Ja",SUMIFS(Kit_BOM!$F$2:$F$204,Kit_BOM!$E$2:$E$204,$A23,Kit_BOM!$A$2:$A$204,$A$5,Kit_BOM!$G$2:$G$204,"Optional")*$C$5,0)+IF($F$6="Ja",SUMIFS(Kit_BOM!$F$2:$F$204,Kit_BOM!$E$2:$E$204,$A23,Kit_BOM!$A$2:$A$204,$A$5,Kit_BOM!$G$2:$G$204,"DNP")*$C$5,0)+SUMIFS(Kit_BOM!$F$2:$F$204,Kit_BOM!$E$2:$E$204,$A23,Kit_BOM!$A$2:$A$204,$A$6,Kit_BOM!$G$2:$G$204,"Bestücken")*$C$6+SUMIFS(Kit_BOM!$F$2:$F$204,Kit_BOM!$E$2:$E$204,$A23,Kit_BOM!$A$2:$A$204,$A$6,Kit_BOM!$G$2:$G$204,"Mechanical")*$C$6+IF($F$5="Ja",SUMIFS(Kit_BOM!$F$2:$F$204,Kit_BOM!$E$2:$E$204,$A23,Kit_BOM!$A$2:$A$204,$A$6,Kit_BOM!$G$2:$G$204,"Optional")*$C$6,0)+IF($F$6="Ja",SUMIFS(Kit_BOM!$F$2:$F$204,Kit_BOM!$E$2:$E$204,$A23,Kit_BOM!$A$2:$A$204,$A$6,Kit_BOM!$G$2:$G$204,"DNP")*$C$6,0)+SUMIFS(Kit_BOM!$F$2:$F$204,Kit_BOM!$E$2:$E$204,$A23,Kit_BOM!$A$2:$A$204,$A$7,Kit_BOM!$G$2:$G$204,"Bestücken")*$C$7+SUMIFS(Kit_BOM!$F$2:$F$204,Kit_BOM!$E$2:$E$204,$A23,Kit_BOM!$A$2:$A$204,$A$7,Kit_BOM!$G$2:$G$204,"Mechanical")*$C$7+IF($F$5="Ja",SUMIFS(Kit_BOM!$F$2:$F$204,Kit_BOM!$E$2:$E$204,$A23,Kit_BOM!$A$2:$A$204,$A$7,Kit_BOM!$G$2:$G$204,"Optional")*$C$7,0)+IF($F$6="Ja",SUMIFS(Kit_BOM!$F$2:$F$204,Kit_BOM!$E$2:$E$204,$A23,Kit_BOM!$A$2:$A$204,$A$7,Kit_BOM!$G$2:$G$204,"DNP")*$C$7,0)+SUMIFS(Kit_BOM!$F$2:$F$204,Kit_BOM!$E$2:$E$204,$A23,Kit_BOM!$A$2:$A$204,$A$8,Kit_BOM!$G$2:$G$204,"Bestücken")*$C$8+SUMIFS(Kit_BOM!$F$2:$F$204,Kit_BOM!$E$2:$E$204,$A23,Kit_BOM!$A$2:$A$204,$A$8,Kit_BOM!$G$2:$G$204,"Mechanical")*$C$8+IF($F$5="Ja",SUMIFS(Kit_BOM!$F$2:$F$204,Kit_BOM!$E$2:$E$204,$A23,Kit_BOM!$A$2:$A$204,$A$8,Kit_BOM!$G$2:$G$204,"Optional")*$C$8,0)+IF($F$6="Ja",SUMIFS(Kit_BOM!$F$2:$F$204,Kit_BOM!$E$2:$E$204,$A23,Kit_BOM!$A$2:$A$204,$A$8,Kit_BOM!$G$2:$G$204,"DNP")*$C$8,0) -> 0 | F23: =IFERROR(IF(INDEX(Part_Suppliers!$G$2:$G$300,MATCH($A23&"|"&$C23,Part_Suppliers!$K$2:$K$300,0))=0,"",INDEX(Part_Suppliers!$G$2:$G$300,MATCH($A23&"|"&$C23,Part_Suppliers!$K$2:$K$300,0))),"") | G23: =IF($E23=0,0,IF(OR($F23="",$F23=0),$E23,CEILING($E23,$F23))) -> 0 | H23: =SUMIFS(Part_Suppliers!$E$2:$E$300,Part_Suppliers!$A$2:$A$300,$A23,Part_Suppliers!$B$2:$B$300,$C23) -> 0.83 | I23: =$G23*$H23 -> 0 | J23: =IF($E23=0,"Nicht benötigt",IF(LOWER($C23)<>"reichelt","Anderer Lieferant",IF($D23="","Supplier-PN fehlt","Reichelt bereit"))) -> Nicht benötigt | K23: =IFERROR(IF(INDEX(Part_Suppliers!$D$2:$D$300,MATCH($A23&"|"&$C23,Part_Suppliers!$K$2:$K$300,0))=0,"",INDEX(Part_Suppliers!$D$2:$D$300,MATCH($A23&"|"&$C23,Part_Suppliers!$K$2:$K$300,0))),"") -> https://www.reichelt.de/de/de/shop/produkt/smd-widerstand_1206_100_kohm_250_mw_0_1_-238081 | L23: =IFERROR(VLOOKUP($A23,Stock!$A$5:$K$200,10,FALSE()),0) -> 4 | M23: =IFERROR(VLOOKUP($A23,Stock!$A$5:$K$200,11,FALSE()),0) -> 0 | N23: =$L23+$M23-$E23 -> 4 | O23: =IF($N23>=0,0,IF(OR($F23="",$F23=0),-$N23,CEILING(-$N23,$F23))) -> 0 | P23: 0
A24: ENP-00017 | B24: =IFERROR(VLOOKUP($A24,Parts!$A$2:$M$200,3,FALSE()),"") -> SMD-Widerstand, 1206, 100 Ohm, 250 mW, 5% | C24: =IFERROR(VLOOKUP($A24,Stock!$A$5:$I$200,8,FALSE()),"") -> Reichelt | D24: =IFERROR(VLOOKUP($A24,Stock!$A$5:$I$200,9,FALSE()),"") -> SMD 1/4W 100 | E24: =SUMIFS(Kit_BOM!$F$2:$F$204,Kit_BOM!$E$2:$E$204,$A24,Kit_BOM!$A$2:$A$204,$A$5,Kit_BOM!$G$2:$G$204,"Bestücken")*$C$5+SUMIFS(Kit_BOM!$F$2:$F$204,Kit_BOM!$E$2:$E$204,$A24,Kit_BOM!$A$2:$A$204,$A$5,Kit_BOM!$G$2:$G$204,"Mechanical")*$C$5+IF($F$5="Ja",SUMIFS(Kit_BOM!$F$2:$F$204,Kit_BOM!$E$2:$E$204,$A24,Kit_BOM!$A$2:$A$204,$A$5,Kit_BOM!$G$2:$G$204,"Optional")*$C$5,0)+IF($F$6="Ja",SUMIFS(Kit_BOM!$F$2:$F$204,Kit_BOM!$E$2:$E$204,$A24,Kit_BOM!$A$2:$A$204,$A$5,Kit_BOM!$G$2:$G$204,"DNP")*$C$5,0)+SUMIFS(Kit_BOM!$F$2:$F$204,Kit_BOM!$E$2:$E$204,$A24,Kit_BOM!$A$2:$A$204,$A$6,Kit_BOM!$G$2:$G$204,"Bestücken")*$C$6+SUMIFS(Kit_BOM!$F$2:$F$204,Kit_BOM!$E$2:$E$204,$A24,Kit_BOM!$A$2:$A$204,$A$6,Kit_BOM!$G$2:$G$204,"Mechanical")*$C$6+IF($F$5="Ja",SUMIFS(Kit_BOM!$F$2:$F$204,Kit_BOM!$E$2:$E$204,$A24,Kit_BOM!$A$2:$A$204,$A$6,Kit_BOM!$G$2:$G$204,"Optional")*$C$6,0)+IF($F$6="Ja",SUMIFS(Kit_BOM!$F$2:$F$204,Kit_BOM!$E$2:$E$204,$A24,Kit_BOM!$A$2:$A$204,$A$6,Kit_BOM!$G$2:$G$204,"DNP")*$C$6,0)+SUMIFS(Kit_BOM!$F$2:$F$204,Kit_BOM!$E$2:$E$204,$A24,Kit_BOM!$A$2:$A$204,$A$7,Kit_BOM!$G$2:$G$204,"Bestücken")*$C$7+SUMIFS(Kit_BOM!$F$2:$F$204,Kit_BOM!$E$2:$E$204,$A24,Kit_BOM!$A$2:$A$204,$A$7,Kit_BOM!$G$2:$G$204,"Mechanical")*$C$7+IF($F$5="Ja",SUMIFS(Kit_BOM!$F$2:$F$204,Kit_BOM!$E$2:$E$204,$A24,Kit_BOM!$A$2:$A$204,$A$7,Kit_BOM!$G$2:$G$204,"Optional")*$C$7,0)+IF($F$6="Ja",SUMIFS(Kit_BOM!$F$2:$F$204,Kit_BOM!$E$2:$E$204,$A24,Kit_BOM!$A$2:$A$204,$A$7,Kit_BOM!$G$2:$G$204,"DNP")*$C$7,0)+SUMIFS(Kit_BOM!$F$2:$F$204,Kit_BOM!$E$2:$E$204,$A24,Kit_BOM!$A$2:$A$204,$A$8,Kit_BOM!$G$2:$G$204,"Bestücken")*$C$8+SUMIFS(Kit_BOM!$F$2:$F$204,Kit_BOM!$E$2:$E$204,$A24,Kit_BOM!$A$2:$A$204,$A$8,Kit_BOM!$G$2:$G$204,"Mechanical")*$C$8+IF($F$5="Ja",SUMIFS(Kit_BOM!$F$2:$F$204,Kit_BOM!$E$2:$E$204,$A24,Kit_BOM!$A$2:$A$204,$A$8,Kit_BOM!$G$2:$G$204,"Optional")*$C$8,0)+IF($F$6="Ja",SUMIFS(Kit_BOM!$F$2:$F$204,Kit_BOM!$E$2:$E$204,$A24,Kit_BOM!$A$2:$A$204,$A$8,Kit_BOM!$G$2:$G$204,"DNP")*$C$8,0) -> 0 | F24: =IFERROR(IF(INDEX(Part_Suppliers!$G$2:$G$300,MATCH($A24&"|"&$C24,Part_Suppliers!$K$2:$K$300,0))=0,"",INDEX(Part_Suppliers!$G$2:$G$300,MATCH($A24&"|"&$C24,Part_Suppliers!$K$2:$K$300,0))),"") | G24: =IF($E24=0,0,IF(OR($F24="",$F24=0),$E24,CEILING($E24,$F24))) -> 0 | H24: =SUMIFS(Part_Suppliers!$E$2:$E$300,Part_Suppliers!$A$2:$A$300,$A24,Part_Suppliers!$B$2:$B$300,$C24) -> 0.06 | I24: =$G24*$H24 -> 0 | J24: =IF($E24=0,"Nicht benötigt",IF(LOWER($C24)<>"reichelt","Anderer Lieferant",IF($D24="","Supplier-PN fehlt","Reichelt bereit"))) -> Nicht benötigt | K24: =IFERROR(IF(INDEX(Part_Suppliers!$D$2:$D$300,MATCH($A24&"|"&$C24,Part_Suppliers!$K$2:$K$300,0))=0,"",INDEX(Part_Suppliers!$D$2:$D$300,MATCH($A24&"|"&$C24,Part_Suppliers!$K$2:$K$300,0))),"") -> https://www.reichelt.de/de/de/shop/produkt/smd-widerstand_1206_100_ohm_250_mw_5_-18242 | L24: =IFERROR(VLOOKUP($A24,Stock!$A$5:$K$200,10,FALSE()),0) -> 50 | M24: =IFERROR(VLOOKUP($A24,Stock!$A$5:$K$200,11,FALSE()),0) -> 0 | N24: =$L24+$M24-$E24 -> 50 | O24: =IF($N24>=0,0,IF(OR($F24="",$F24=0),-$N24,CEILING(-$N24,$F24))) -> 0 | P24: 0
A25: ENP-00018 | B25: =IFERROR(VLOOKUP($A25,Parts!$A$2:$M$200,3,FALSE()),"") -> SMD-Widerstand, 1206, 10 kOhm, 250 mW, 0,1% | C25: =IFERROR(VLOOKUP($A25,Stock!$A$5:$I$200,8,FALSE()),"") -> Reichelt | D25: =IFERROR(VLOOKUP($A25,Stock!$A$5:$I$200,9,FALSE()),"") -> PAN ERA8AEB103V | E25: =SUMIFS(Kit_BOM!$F$2:$F$204,Kit_BOM!$E$2:$E$204,$A25,Kit_BOM!$A$2:$A$204,$A$5,Kit_BOM!$G$2:$G$204,"Bestücken")*$C$5+SUMIFS(Kit_BOM!$F$2:$F$204,Kit_BOM!$E$2:$E$204,$A25,Kit_BOM!$A$2:$A$204,$A$5,Kit_BOM!$G$2:$G$204,"Mechanical")*$C$5+IF($F$5="Ja",SUMIFS(Kit_BOM!$F$2:$F$204,Kit_BOM!$E$2:$E$204,$A25,Kit_BOM!$A$2:$A$204,$A$5,Kit_BOM!$G$2:$G$204,"Optional")*$C$5,0)+IF($F$6="Ja",SUMIFS(Kit_BOM!$F$2:$F$204,Kit_BOM!$E$2:$E$204,$A25,Kit_BOM!$A$2:$A$204,$A$5,Kit_BOM!$G$2:$G$204,"DNP")*$C$5,0)+SUMIFS(Kit_BOM!$F$2:$F$204,Kit_BOM!$E$2:$E$204,$A25,Kit_BOM!$A$2:$A$204,$A$6,Kit_BOM!$G$2:$G$204,"Bestücken")*$C$6+SUMIFS(Kit_BOM!$F$2:$F$204,Kit_BOM!$E$2:$E$204,$A25,Kit_BOM!$A$2:$A$204,$A$6,Kit_BOM!$G$2:$G$204,"Mechanical")*$C$6+IF($F$5="Ja",SUMIFS(Kit_BOM!$F$2:$F$204,Kit_BOM!$E$2:$E$204,$A25,Kit_BOM!$A$2:$A$204,$A$6,Kit_BOM!$G$2:$G$204,"Optional")*$C$6,0)+IF($F$6="Ja",SUMIFS(Kit_BOM!$F$2:$F$204,Kit_BOM!$E$2:$E$204,$A25,Kit_BOM!$A$2:$A$204,$A$6,Kit_BOM!$G$2:$G$204,"DNP")*$C$6,0)+SUMIFS(Kit_BOM!$F$2:$F$204,Kit_BOM!$E$2:$E$204,$A25,Kit_BOM!$A$2:$A$204,$A$7,Kit_BOM!$G$2:$G$204,"Bestücken")*$C$7+SUMIFS(Kit_BOM!$F$2:$F$204,Kit_BOM!$E$2:$E$204,$A25,Kit_BOM!$A$2:$A$204,$A$7,Kit_BOM!$G$2:$G$204,"Mechanical")*$C$7+IF($F$5="Ja",SUMIFS(Kit_BOM!$F$2:$F$204,Kit_BOM!$E$2:$E$204,$A25,Kit_BOM!$A$2:$A$204,$A$7,Kit_BOM!$G$2:$G$204,"Optional")*$C$7,0)+IF($F$6="Ja",SUMIFS(Kit_BOM!$F$2:$F$204,Kit_BOM!$E$2:$E$204,$A25,Kit_BOM!$A$2:$A$204,$A$7,Kit_BOM!$G$2:$G$204,"DNP")*$C$7,0)+SUMIFS(Kit_BOM!$F$2:$F$204,Kit_BOM!$E$2:$E$204,$A25,Kit_BOM!$A$2:$A$204,$A$8,Kit_BOM!$G$2:$G$204,"Bestücken")*$C$8+SUMIFS(Kit_BOM!$F$2:$F$204,Kit_BOM!$E$2:$E$204,$A25,Kit_BOM!$A$2:$A$204,$A$8,Kit_BOM!$G$2:$G$204,"Mechanical")*$C$8+IF($F$5="Ja",SUMIFS(Kit_BOM!$F$2:$F$204,Kit_BOM!$E$2:$E$204,$A25,Kit_BOM!$A$2:$A$204,$A$8,Kit_BOM!$G$2:$G$204,"Optional")*$C$8,0)+IF($F$6="Ja",SUMIFS(Kit_BOM!$F$2:$F$204,Kit_BOM!$E$2:$E$204,$A25,Kit_BOM!$A$2:$A$204,$A$8,Kit_BOM!$G$2:$G$204,"DNP")*$C$8,0) -> 0 | F25: =IFERROR(IF(INDEX(Part_Suppliers!$G$2:$G$300,MATCH($A25&"|"&$C25,Part_Suppliers!$K$2:$K$300,0))=0,"",INDEX(Part_Suppliers!$G$2:$G$300,MATCH($A25&"|"&$C25,Part_Suppliers!$K$2:$K$300,0))),"") | G25: =IF($E25=0,0,IF(OR($F25="",$F25=0),$E25,CEILING($E25,$F25))) -> 0 | H25: =SUMIFS(Part_Suppliers!$E$2:$E$300,Part_Suppliers!$A$2:$A$300,$A25,Part_Suppliers!$B$2:$B$300,$C25) -> 0.75 | I25: =$G25*$H25 -> 0 | J25: =IF($E25=0,"Nicht benötigt",IF(LOWER($C25)<>"reichelt","Anderer Lieferant",IF($D25="","Supplier-PN fehlt","Reichelt bereit"))) -> Nicht benötigt | K25: =IFERROR(IF(INDEX(Part_Suppliers!$D$2:$D$300,MATCH($A25&"|"&$C25,Part_Suppliers!$K$2:$K$300,0))=0,"",INDEX(Part_Suppliers!$D$2:$D$300,MATCH($A25&"|"&$C25,Part_Suppliers!$K$2:$K$300,0))),"") -> https://www.reichelt.de/de/de/shop/produkt/smd-widerstand_1206_10_kohm_250_mw_0_1_-238080 | L25: =IFERROR(VLOOKUP($A25,Stock!$A$5:$K$200,10,FALSE()),0) -> 9 | M25: =IFERROR(VLOOKUP($A25,Stock!$A$5:$K$200,11,FALSE()),0) -> 0 | N25: =$L25+$M25-$E25 -> 9 | O25: =IF($N25>=0,0,IF(OR($F25="",$F25=0),-$N25,CEILING(-$N25,$F25))) -> 0 | P25: 0
... A65: ENP-00090 | B65: =IFERROR(VLOOKUP($A65,Parts!$A$2:$M$200,3,FALSE()),"") -> SMD-Widerstand 5,1 kOhm, 1 %, 1206 | C65: =IFERROR(VLOOKUP($A65,Stock!$A$5:$I$200,8,FALSE()),"") -> DigiKey | D65: =IFERROR(VLOOKUP($A65,Stock!$A$5:$I$200,9,FALSE()),"") -> 541-5.10KFCT-ND | E65: =SUMIFS(Kit_BOM!$F$2:$F$204,Kit_BOM!$E$2:$E$204,$A65,Kit_BOM!$A$2:$A$204,$A$5,Kit_BOM!$G$2:$G$204,"Bestücken")*$C$5+SUMIFS(Kit_BOM!$F$2:$F$204,Kit_BOM!$E$2:$E$204,$A65,Kit_BOM!$A$2:$A$204,$A$5,Kit_BOM!$G$2:$G$204,"Mechanical")*$C$5+IF($F$5="Ja",SUMIFS(Kit_BOM!$F$2:$F$204,Kit_BOM!$E$2:$E$204,$A65,Kit_BOM!$A$2:$A$204,$A$5,Kit_BOM!$G$2:$G$204,"Optional")*$C$5,0)+IF($F$6="Ja",SUMIFS(Kit_BOM!$F$2:$F$204,Kit_BOM!$E$2:$E$204,$A65,Kit_BOM!$A$2:$A$204,$A$5,Kit_BOM!$G$2:$G$204,"DNP")*$C$5,0)+SUMIFS(Kit_BOM!$F$2:$F$204,Kit_BOM!$E$2:$E$204,$A65,Kit_BOM!$A$2:$A$204,$A$6,Kit_BOM!$G$2:$G$204,"Bestücken")*$C$6+SUMIFS(Kit_BOM!$F$2:$F$204,Kit_BOM!$E$2:$E$204,$A65,Kit_BOM!$A$2:$A$204,$A$6,Kit_BOM!$G$2:$G$204,"Mechanical")*$C$6+IF($F$5="Ja",SUMIFS(Kit_BOM!$F$2:$F$204,Kit_BOM!$E$2:$E$204,$A65,Kit_BOM!$A$2:$A$204,$A$6,Kit_BOM!$G$2:$G$204,"Optional")*$C$6,0)+IF($F$6="Ja",SUMIFS(Kit_BOM!$F$2:$F$204,Kit_BOM!$E$2:$E$204,$A65,Kit_BOM!$A$2:$A$204,$A$6,Kit_BOM!$G$2:$G$204,"DNP")*$C$6,0)+SUMIFS(Kit_BOM!$F$2:$F$204,Kit_BOM!$E$2:$E$204,$A65,Kit_BOM!$A$2:$A$204,$A$7,Kit_BOM!$G$2:$G$204,"Bestücken")*$C$7+SUMIFS(Kit_BOM!$F$2:$F$204,Kit_BOM!$E$2:$E$204,$A65,Kit_BOM!$A$2:$A$204,$A$7,Kit_BOM!$G$2:$G$204,"Mechanical")*$C$7+IF($F$5="Ja",SUMIFS(Kit_BOM!$F$2:$F$204,Kit_BOM!$E$2:$E$204,$A65,Kit_BOM!$A$2:$A$204,$A$7,Kit_BOM!$G$2:$G$204,"Optional")*$C$7,0)+IF($F$6="Ja",SUMIFS(Kit_BOM!$F$2:$F$204,Kit_BOM!$E$2:$E$204,$A65,Kit_BOM!$A$2:$A$204,$A$7,Kit_BOM!$G$2:$G$204,"DNP")*$C$7,0)+SUMIFS(Kit_BOM!$F$2:$F$204,Kit_BOM!$E$2:$E$204,$A65,Kit_BOM!$A$2:$A$204,$A$8,Kit_BOM!$G$2:$G$204,"Bestücken")*$C$8+SUMIFS(Kit_BOM!$F$2:$F$204,Kit_BOM!$E$2:$E$204,$A65,Kit_BOM!$A$2:$A$204,$A$8,Kit_BOM!$G$2:$G$204,"Mechanical")*$C$8+IF($F$5="Ja",SUMIFS(Kit_BOM!$F$2:$F$204,Kit_BOM!$E$2:$E$204,$A65,Kit_BOM!$A$2:$A$204,$A$8,Kit_BOM!$G$2:$G$204,"Optional")*$C$8,0)+IF($F$6="Ja",SUMIFS(Kit_BOM!$F$2:$F$204,Kit_BOM!$E$2:$E$204,$A65,Kit_BOM!$A$2:$A$204,$A$8,Kit_BOM!$G$2:$G$204,"DNP")*$C$8,0) -> 2 | F65: =IFERROR(IF(INDEX(Part_Suppliers!$G$2:$G$300,MATCH($A65&"|"&$C65,Part_Suppliers!$K$2:$K$300,0))=0,"",INDEX(Part_Suppliers!$G$2:$G$300,MATCH($A65&"|"&$C65,Part_Suppliers!$K$2:$K$300,0))),"") | G65: =IF($E65=0,0,IF(OR($F65="",$F65=0),$E65,CEILING($E65,$F65))) -> 2 | H65: =SUMIFS(Part_Suppliers!$E$2:$E$300,Part_Suppliers!$A$2:$A$300,$A65,Part_Suppliers!$B$2:$B$300,$C65) -> 0.09 | I65: =$G65*$H65 -> 0.18 | J65: =IF($E65=0,"Nicht benötigt",IF(LOWER($C65)<>"reichelt","Anderer Lieferant",IF($D65="","Supplier-PN fehlt","Reichelt bereit"))) -> Anderer Lieferant | K65: =IFERROR(IF(INDEX(Part_Suppliers!$D$2:$D$300,MATCH($A65&"|"&$C65,Part_Suppliers!$K$2:$K$300,0))=0,"",INDEX(Part_Suppliers!$D$2:$D$300,MATCH($A65&"|"&$C65,Part_Suppliers!$K$2:$K$300,0))),"") -> https://www.digikey.com/en/products/detail/vishay-dale/CRCW12065K10FKEA/1176724 | L65: =IFERROR(VLOOKUP($A65,Stock!$A$5:$K$200,10,FALSE()),0) -> 0 | M65: =IFERROR(VLOOKUP($A65,Stock!$A$5:$K$200,11,FALSE()),0) -> 0 | N65: =$L65+$M65-$E65 -> -2 | O65: =IF($N65>=0,0,IF(OR($F65="",$F65=0),-$N65,CEILING(-$N65,$F65))) -> 2 | P65: 0
N66: =SUM(N14:N65) -> 89 | O66: =SUM(O14:O65) -> 31 | P66: =SUM(P14:P65) -> 0

Sheet Stock
A1: Bestand und offene Bestellungen | Q1: Etikettendruck Avery 6173
A2: Gelb markierte Felder werden manuell gepflegt: Lieferant, Bestand, Bestellt, voraussichtlicher Termin und Etikett. Technische Angaben stammen aus Parts; Bestelldaten aus Part_Suppliers. | Q2: Startetikett | R2: 13
Q3: Startzeile | R3: =INT((R2-1)/3)+1 -> 5
A4: Part_Number | B4: Category | C4: Description | D4: Value_Rating | E4: Package_Footprint | F4: Manufacturer | G4: MPN | H4: Supplier | I4: Supplier_PN | J4: Bestand | K4: Bestellt | L4: Found_In | M4: Notes | N4: Voraussichtlicher_Termin | O4: Etikett | Q4: Startspalte | R4: =MOD(R2-1,3)+1 -> 1 | S4: _Druckfolge
A5: ENP-00001 | B5: =IFERROR(IF(VLOOKUP($A5,Parts!$A$2:$M$200,2,FALSE())=0,"",VLOOKUP($A5,Parts!$A$2:$M$200,2,FALSE())),"") -> Kabelsatz | C5: =IFERROR(IF(VLOOKUP($A5,Parts!$A$2:$M$200,3,FALSE())=0,"",VLOOKUP($A5,Parts!$A$2:$M$200,3,FALSE())),"") -> Set, SET JST-PH 4-polig 2.00mm vertikaler PCB-Stecker, Buchse THT | D5: =IFERROR(IF(VLOOKUP($A5,Parts!$A$2:$M$200,4,FALSE())=0,"",VLOOKUP($A5,Parts!$A$2:$M$200,4,FALSE())),"") -> JST-PH, 4-polig, Set | E5: =IFERROR(IF(VLOOKUP($A5,Parts!$A$2:$M$200,5,FALSE())=0,"",VLOOKUP($A5,Parts!$A$2:$M$200,5,FALSE())),"") | F5: =IFERROR(IF(VLOOKUP($A5,Parts!$A$2:$M$200,6,FALSE())=0,"",VLOOKUP($A5,Parts!$A$2:$M$200,6,FALSE())),"") -> JST | G5: =IFERROR(IF(VLOOKUP($A5,Parts!$A$2:$M$200,7,FALSE())=0,"",VLOOKUP($A5,Parts!$A$2:$M$200,7,FALSE())),"") | H5: eBay | I5: =IF(OR($A5="",$H5=""),"",IFERROR(IF(INDEX(Part_Suppliers!$C$2:$C$300,MATCH($A5&"|"&$H5,Part_Suppliers!$K$2:$K$300,0))=0,"",INDEX(Part_Suppliers!$C$2:$C$300,MATCH($A5&"|"&$H5,Part_Suppliers!$K$2:$K$300,0))),"")) | J5: 10 | K5: 0 | L5: =IFERROR(IF(VLOOKUP($A5,Parts!$A$2:$M$200,8,FALSE())=0,"",VLOOKUP($A5,Parts!$A$2:$M$200,8,FALSE())),"") -> EnvNode | M5: =IFERROR(IF(VLOOKUP($A5,Parts!$A$2:$M$200,12,FALSE())=0,"",VLOOKUP($A5,Parts!$A$2:$M$200,12,FALSE())),"") -> GPIO-Anschlüsse; exakte Herstellerartikelnummer vor Bestellung gegen Footprint und Orientierung prüfen Set-Inhalt gegenüber dem separat aus KiCad abgeleiteten PCB-Header prüfen. | O5: nicht drucken | Q5: Raster | R5: 3 x 8 (24) | S5: =IF(O5="drucken",COUNTIF($O$5:O5,"drucken"),"")
A6: ENP-00002 | B6: =IFERROR(IF(VLOOKUP($A6,Parts!$A$2:$M$200,2,FALSE())=0,"",VLOOKUP($A6,Parts!$A$2:$M$200,2,FALSE())),"") -> Kabelsatz | C6: =IFERROR(IF(VLOOKUP($A6,Parts!$A$2:$M$200,3,FALSE())=0,"",VLOOKUP($A6,Parts!$A$2:$M$200,3,FALSE())),"") -> Qwiic/JST-SH, 4-poliges Pigtail JST | D6: =IFERROR(IF(VLOOKUP($A6,Parts!$A$2:$M$200,4,FALSE())=0,"",VLOOKUP($A6,Parts!$A$2:$M$200,4,FALSE())),"") -> JST-SH/Qwiic, 4-polig | E6: =IFERROR(IF(VLOOKUP($A6,Parts!$A$2:$M$200,5,FALSE())=0,"",VLOOKUP($A6,Parts!$A$2:$M$200,5,FALSE())),"") | F6: =IFERROR(IF(VLOOKUP($A6,Parts!$A$2:$M$200,6,FALSE())=0,"",VLOOKUP($A6,Parts!$A$2:$M$200,6,FALSE())),"") -> JST | G6: =IFERROR(IF(VLOOKUP($A6,Parts!$A$2:$M$200,7,FALSE())=0,"",VLOOKUP($A6,Parts!$A$2:$M$200,7,FALSE())),"") | H6: eBay | I6: =IF(OR($A6="",$H6=""),"",IFERROR(IF(INDEX(Part_Suppliers!$C$2:$C$300,MATCH($A6&"|"&$H6,Part_Suppliers!$K$2:$K$300,0))=0,"",INDEX(Part_Suppliers!$C$2:$C$300,MATCH($A6&"|"&$H6,Part_Suppliers!$K$2:$K$300,0))),"")) | J6: 10 | K6: 0 | L6: =IFERROR(IF(VLOOKUP($A6,Parts!$A$2:$M$200,8,FALSE())=0,"",VLOOKUP($A6,Parts!$A$2:$M$200,8,FALSE())),"") -> EnvNode | M6: =IFERROR(IF(VLOOKUP($A6,Parts!$A$2:$M$200,12,FALSE())=0,"",VLOOKUP($A6,Parts!$A$2:$M$200,12,FALSE())),"") -> Qwiic-Konvention: GND=schwarz, 3V3=rot, SDA=blau, SCL=gelb; Kabelbelegung vor Anschluss prüfen Pigtail ist ein Beschaffungsartikel und nicht der PCB-Steckverbinder. | O6: nicht drucken | Q6: Auswahl | R6: Etikett = drucken | S6: =IF(O6="drucken",COUNTIF($O$5:O6,"drucken"),"")
A7: ENP-00003 | B7: =IFERROR(IF(VLOOKUP($A7,Parts!$A$2:$M$200,2,FALSE())=0,"",VLOOKUP($A7,Parts!$A$2:$M$200,2,FALSE())),"") -> Steckverbinder | C7: =IFERROR(IF(VLOOKUP($A7,Parts!$A$2:$M$200,3,FALSE())=0,"",VLOOKUP($A7,Parts!$A$2:$M$200,3,FALSE())),"") -> PinSocket 1x4, 2.54 mm | D7: =IFERROR(IF(VLOOKUP($A7,Parts!$A$2:$M$200,4,FALSE())=0,"",VLOOKUP($A7,Parts!$A$2:$M$200,4,FALSE())),"") -> 1x4, 2,54 mm | E7: =IFERROR(IF(VLOOKUP($A7,Parts!$A$2:$M$200,5,FALSE())=0,"",VLOOKUP($A7,Parts!$A$2:$M$200,5,FALSE())),"") -> PinSocket_1x04_P2.54mm_Vertical | F7: =IFERROR(IF(VLOOKUP($A7,Parts!$A$2:$M$200,6,FALSE())=0,"",VLOOKUP($A7,Parts!$A$2:$M$200,6,FALSE())),"") -> fischer Elektronik | G7: =IFERROR(IF(VLOOKUP($A7,Parts!$A$2:$M$200,7,FALSE())=0,"",VLOOKUP($A7,Parts!$A$2:$M$200,7,FALSE())),"") -> 10120946 | H7: Reichelt | I7: =IF(OR($A7="",$H7=""),"",IFERROR(IF(INDEX(Part_Suppliers!$C$2:$C$300,MATCH($A7&"|"&$H7,Part_Suppliers!$K$2:$K$300,0))=0,"",INDEX(Part_Suppliers!$C$2:$C$300,MATCH($A7&"|"&$H7,Part_Suppliers!$K$2:$K$300,0))),"")) -> BKL 10120946 | J7: 4 | K7: 0 | L7: =IFERROR(IF(VLOOKUP($A7,Parts!$A$2:$M$200,8,FALSE())=0,"",VLOOKUP($A7,Parts!$A$2:$M$200,8,FALSE())),"") -> EnvNode; RainDetector | M7: =IFERROR(IF(VLOOKUP($A7,Parts!$A$2:$M$200,12,FALSE())=0,"",VLOOKUP($A7,Parts!$A$2:$M$200,12,FALSE())),"") -> Für interne Qwiic-Breakouts; Bauhöhe und Ausführung passend zur Mechanik wählen | O7: nicht drucken | Q7: Drucken | R7: Blatt Etiketten_Druck | S7: =IF(O7="drucken",COUNTIF($O$5:O7,"drucken"),"")
A8: ENP-00004 | B8: =IFERROR(IF(VLOOKUP($A8,Parts!$A$2:$M$200,2,FALSE())=0,"",VLOOKUP($A8,Parts!$A$2:$M$200,2,FALSE())),"") -> Steckverbinder | C8: =IFERROR(IF(VLOOKUP($A8,Parts!$A$2:$M$200,3,FALSE())=0,"",VLOOKUP($A8,Parts!$A$2:$M$200,3,FALSE())),"") -> PinSocket 1x20, 2.54mm, cut to 19 Pins | D8: =IFERROR(IF(VLOOKUP($A8,Parts!$A$2:$M$200,4,FALSE())=0,"",VLOOKUP($A8,Parts!$A$2:$M$200,4,FALSE())),"") -> 1x20, 2,54 mm, trennbar | E8: =IFERROR(IF(VLOOKUP($A8,Parts!$A$2:$M$200,5,FALSE())=0,"",VLOOKUP($A8,Parts!$A$2:$M$200,5,FALSE())),"") | F8: =IFERROR(IF(VLOOKUP($A8,Parts!$A$2:$M$200,6,FALSE())=0,"",VLOOKUP($A8,Parts!$A$2:$M$200,6,FALSE())),"") -> fischer Elektronik | G8: =IFERROR(IF(VLOOKUP($A8,Parts!$A$2:$M$200,7,FALSE())=0,"",VLOOKUP($A8,Parts!$A$2:$M$200,7,FALSE())),"") -> BL1.20 G | H8: Reichelt | I8: =IF(OR($A8="",$H8=""),"",IFERROR(IF(INDEX(Part_Suppliers!$C$2:$C$300,MATCH($A8&"|"&$H8,Part_Suppliers!$K$2:$K$300,0))=0,"",INDEX(Part_Suppliers!$C$2:$C$300,MATCH($A8&"|"&$H8,Part_Suppliers!$K$2:$K$300,0))),"")) -> FIS BL1 20 G | J8: 0 | K8: 0 | L8: =IFERROR(IF(VLOOKUP($A8,Parts!$A$2:$M$200,8,FALSE())=0,"",VLOOKUP($A8,Parts!$A$2:$M$200,8,FALSE())),"") -> EnvNode | M8: =IFERROR(IF(VLOOKUP($A8,Parts!$A$2:$M$200,12,FALSE())=0,"",VLOOKUP($A8,Parts!$A$2:$M$200,12,FALSE())),"") -> Für ESP32-DevKitC mit 38 Pins; alternativ eine geeignete 38-Pin-ESP32-Fassung verwenden | O8: nicht drucken | S8: =IF(O8="drucken",COUNTIF($O$5:O8,"drucken"),"")
A9: ENP-00005 | B9: =IFERROR(IF(VLOOKUP($A9,Parts!$A$2:$M$200,2,FALSE())=0,"",VLOOKUP($A9,Parts!$A$2:$M$200,2,FALSE())),"") -> Widerstand | C9: =IFERROR(IF(VLOOKUP($A9,Parts!$A$2:$M$200,3,FALSE())=0,"",VLOOKUP($A9,Parts!$A$2:$M$200,3,FALSE())),"") -> 4.7 kOhm 1% SMD 1206 | D9: =IFERROR(IF(VLOOKUP($A9,Parts!$A$2:$M$200,4,FALSE())=0,"",VLOOKUP($A9,Parts!$A$2:$M$200,4,FALSE())),"") -> 4,7 kΩ, 1 %, 250 mW | E9: =IFERROR(IF(VLOOKUP($A9,Parts!$A$2:$M$200,5,FALSE())=0,"",VLOOKUP($A9,Parts!$A$2:$M$200,5,FALSE())),"") -> Resistor_SMD:R_1206_3216Metric_Pad1.30x1.75mm_HandSolder | F9: =IFERROR(IF(VLOOKUP($A9,Parts!$A$2:$M$200,6,FALSE())=0,"",VLOOKUP($A9,Parts!$A$2:$M$200,6,FALSE())),"") -> Vishay | G9: =IFERROR(IF(VLOOKUP($A9,Parts!$A$2:$M$200,7,FALSE())=0,"",VLOOKUP($A9,Parts!$A$2:$M$200,7,FALSE())),"") -> CRCW12064K70FKEA | H9: Reichelt | I9: =IF(OR($A9="",$H9=""),"",IFERROR(IF(INDEX(Part_Suppliers!$C$2:$C$300,MATCH($A9&"|"&$H9,Part_Suppliers!$K$2:$K$300,0))=0,"",INDEX(Part_Suppliers!$C$2:$C$300,MATCH($A9&"|"&$H9,Part_Suppliers!$K$2:$K$300,0))),"")) -> VIS CRCW12064K7 | J9: 12 | K9: 0 | L9: =IFERROR(IF(VLOOKUP($A9,Parts!$A$2:$M$200,8,FALSE())=0,"",VLOOKUP($A9,Parts!$A$2:$M$200,8,FALSE())),"") -> EnvNode; EnvNodeMini Rev 0.2; AnalogInput Rev 0.1; AnalogHydroPressure | M9: =IFERROR(IF(VLOOKUP($A9,Parts!$A$2:$M$200,12,FALSE())=0,"",VLOOKUP($A9,Parts!$A$2:$M$200,12,FALSE())),"") -> I2C-Pull-ups für die beiden I2C-Busse | O9: nicht drucken | S9: =IF(O9="drucken",COUNTIF($O$5:O9,"drucken"),"")
A10: ENP-00006 | B10: =IFERROR(IF(VLOOKUP($A10,Parts!$A$2:$M$200,2,FALSE())=0,"",VLOOKUP($A10,Parts!$A$2:$M$200,2,FALSE())),"") -> Kondensator | C10: =IFERROR(IF(VLOOKUP($A10,Parts!$A$2:$M$200,3,FALSE())=0,"",VLOOKUP($A10,Parts!$A$2:$M$200,3,FALSE())),"") -> 100 nF Keramik SMD | D10: =IFERROR(IF(VLOOKUP($A10,Parts!$A$2:$M$200,4,FALSE())=0,"",VLOOKUP($A10,Parts!$A$2:$M$200,4,FALSE())),"") -> 100 nF, 10 %, X7R, 100 V | E10: =IFERROR(IF(VLOOKUP($A10,Parts!$A$2:$M$200,5,FALSE())=0,"",VLOOKUP($A10,Parts!$A$2:$M$200,5,FALSE())),"") -> Capacitor_SMD:C_1206_3216Metric_Pad1.33x1.80mm_HandSolder | F10: =IFERROR(IF(VLOOKUP($A10,Parts!$A$2:$M$200,6,FALSE())=0,"",VLOOKUP($A10,Parts!$A$2:$M$200,6,FALSE())),"") -> Kyocera | G10: =IFERROR(IF(VLOOKUP($A10,Parts!$A$2:$M$200,7,FALSE())=0,"",VLOOKUP($A10,Parts!$A$2:$M$200,7,FALSE())),"") -> C1206F104K1RACTU | H10: Reichelt | I10: =IF(OR($A10="",$H10=""),"",IFERROR(IF(INDEX(Part_Suppliers!$C$2:$C$300,MATCH($A10&"|"&$H10,Part_Suppliers!$K$2:$K$300,0))=0,"",INDEX(Part_Suppliers!$C$2:$C$300,MATCH($A10&"|"&$H10,Part_Suppliers!$K$2:$K$300,0))),"")) -> KEM X7R1206A100N | J10: 0 | K10: 10 | L10: =IFERROR(IF(VLOOKUP($A10,Parts!$A$2:$M$200,8,FALSE())=0,"",VLOOKUP($A10,Parts!$A$2:$M$200,8,FALSE())),"") -> EnvNode; EnvNodeMini Rev 0.2; AnalogHydroPressure; RainDetector; SolarRadiation; Empty FullSize/HalfSize SMD/THT; DuoRelay Rev 0.2 | M10: =IFERROR(IF(VLOOKUP($A10,Parts!$A$2:$M$200,12,FALSE())=0,"",VLOOKUP($A10,Parts!$A$2:$M$200,12,FALSE())),"") -> Spannungsfestigkeit, Dielektrikum und Bauform vor Bestellung gegen Schaltplan und Footprint prüfen; C1 ist in allen vier aktuellen Empty-Schemata derzeit DNP; C1 ist im aktuellen DuoRelay-Schema derzeit DNP | N10: ab Lager | O10: nicht drucken | S10: =IF(O10="drucken",COUNTIF($O$5:O10,"drucken"),"")
A11: ENP-00007 | B11: =IFERROR(IF(VLOOKUP($A11,Parts!$A$2:$M$200,2,FALSE())=0,"",VLOOKUP($A11,Parts!$A$2:$M$200,2,FALSE())),"") -> Kondensator | C11: =IFERROR(IF(VLOOKUP($A11,Parts!$A$2:$M$200,3,FALSE())=0,"",VLOOKUP($A11,Parts!$A$2:$M$200,3,FALSE())),"") -> 10 uF Keramik SMD | D11: =IFERROR(IF(VLOOKUP($A11,Parts!$A$2:$M$200,4,FALSE())=0,"",VLOOKUP($A11,Parts!$A$2:$M$200,4,FALSE())),"") -> 10 µF, 25 V, X7R | E11: =IFERROR(IF(VLOOKUP($A11,Parts!$A$2:$M$200,5,FALSE())=0,"",VLOOKUP($A11,Parts!$A$2:$M$200,5,FALSE())),"") -> Capacitor_SMD:C_1206_3216Metric_Pad1.33x1.80mm_HandSolder | F11: =IFERROR(IF(VLOOKUP($A11,Parts!$A$2:$M$200,6,FALSE())=0,"",VLOOKUP($A11,Parts!$A$2:$M$200,6,FALSE())),"") -> Kyocera AVX | G11: =IFERROR(IF(VLOOKUP($A11,Parts!$A$2:$M$200,7,FALSE())=0,"",VLOOKUP($A11,Parts!$A$2:$M$200,7,FALSE())),"") -> 12063C106KAT2A | H11: Reichelt | I11: =IF(OR($A11="",$H11=""),"",IFERROR(IF(INDEX(Part_Suppliers!$C$2:$C$300,MATCH($A11&"|"&$H11,Part_Suppliers!$K$2:$K$300,0))=0,"",INDEX(Part_Suppliers!$C$2:$C$300,MATCH($A11&"|"&$H11,Part_Suppliers!$K$2:$K$300,0))),"")) -> 12063C106KAT2A | J11: 0 | K11: 10 | L11: =IFERROR(IF(VLOOKUP($A11,Parts!$A$2:$M$200,8,FALSE())=0,"",VLOOKUP($A11,Parts!$A$2:$M$200,8,FALSE())),"") -> EnvNode; EnvNodeMini Rev 0.2 | M11: =IFERROR(IF(VLOOKUP($A11,Parts!$A$2:$M$200,12,FALSE())=0,"",VLOOKUP($A11,Parts!$A$2:$M$200,12,FALSE())),"") -> Spannungsfestigkeit, Dielektrikum und Bauform vor Bestellung gegen Schaltplan und Footprint prüfen | N11: ab Lager | O11: nicht drucken | S11: =IF(O11="drucken",COUNTIF($O$5:O11,"drucken"),"")
A12: ENP-00008 | B12: =IFERROR(IF(VLOOKUP($A12,Parts!$A$2:$M$200,2,FALSE())=0,"",VLOOKUP($A12,Parts!$A$2:$M$200,2,FALSE())),"") -> Kondensator | C12: =IFERROR(IF(VLOOKUP($A12,Parts!$A$2:$M$200,3,FALSE())=0,"",VLOOKUP($A12,Parts!$A$2:$M$200,3,FALSE())),"") -> 47 uF 10V Tantal | D12: =IFERROR(IF(VLOOKUP($A12,Parts!$A$2:$M$200,4,FALSE())=0,"",VLOOKUP($A12,Parts!$A$2:$M$200,4,FALSE())),"") -> 47 µF, 10 V | E12: =IFERROR(IF(VLOOKUP($A12,Parts!$A$2:$M$200,5,FALSE())=0,"",VLOOKUP($A12,Parts!$A$2:$M$200,5,FALSE())),"") -> Capacitor_Tantalum_SMD:CP_EIA-3528-21_Kemet-B | F12: =IFERROR(IF(VLOOKUP($A12,Parts!$A$2:$M$200,6,FALSE())=0,"",VLOOKUP($A12,Parts!$A$2:$M$200,6,FALSE())),"") -> Kyocera AVX | G12: =IFERROR(IF(VLOOKUP($A12,Parts!$A$2:$M$200,7,FALSE())=0,"",VLOOKUP($A12,Parts!$A$2:$M$200,7,FALSE())),"") -> TAJB476K010RNJ | H12: Reichelt | I12: =IF(OR($A12="",$H12=""),"",IFERROR(IF(INDEX(Part_Suppliers!$C$2:$C$300,MATCH($A12&"|"&$H12,Part_Suppliers!$K$2:$K$300,0))=0,"",INDEX(Part_Suppliers!$C$2:$C$300,MATCH($A12&"|"&$H12,Part_Suppliers!$K$2:$K$300,0))),"")) -> TAJ 3528 47/10 | J12: 0 | K12: 0 | L12: =IFERROR(IF(VLOOKUP($A12,Parts!$A$2:$M$200,8,FALSE())=0,"",VLOOKUP($A12,Parts!$A$2:$M$200,8,FALSE())),"") -> EnvNode; EnvNodeMini Rev 0.2 | M12: =IFERROR(IF(VLOOKUP($A12,Parts!$A$2:$M$200,12,FALSE())=0,"",VLOOKUP($A12,Parts!$A$2:$M$200,12,FALSE())),"") -> Polarisiert; Bauform B | O12: nicht drucken | S12: =IF(O12="drucken",COUNTIF($O$5:O12,"drucken"),"")
A13: ENP-00009 | B13: =IFERROR(IF(VLOOKUP($A13,Parts!$A$2:$M$200,2,FALSE())=0,"",VLOOKUP($A13,Parts!$A$2:$M$200,2,FALSE())),"") -> Spannungsregler | C13: =IFERROR(IF(VLOOKUP($A13,Parts!$A$2:$M$200,3,FALSE())=0,"",VLOOKUP($A13,Parts!$A$2:$M$200,3,FALSE())),"") -> LDO 3.3V SOT-223 | D13: =IFERROR(IF(VLOOKUP($A13,Parts!$A$2:$M$200,4,FALSE())=0,"",VLOOKUP($A13,Parts!$A$2:$M$200,4,FALSE())),"") -> 3,3 V, 1 A | E13: =IFERROR(IF(VLOOKUP($A13,Parts!$A$2:$M$200,5,FALSE())=0,"",VLOOKUP($A13,Parts!$A$2:$M$200,5,FALSE())),"") -> Package_TO_SOT_SMD:SOT-223-3_TabPin2 | F13: =IFERROR(IF(VLOOKUP($A13,Parts!$A$2:$M$200,6,FALSE())=0,"",VLOOKUP($A13,Parts!$A$2:$M$200,6,FALSE())),"") -> Texas Instruments | G13: =IFERROR(IF(VLOOKUP($A13,Parts!$A$2:$M$200,7,FALSE())=0,"",VLOOKUP($A13,Parts!$A$2:$M$200,7,FALSE())),"") -> LM3940IMP-3.3/NOPB | H13: Reichelt | I13: =IF(OR($A13="",$H13=""),"",IFERROR(IF(INDEX(Part_Suppliers!$C$2:$C$300,MATCH($A13&"|"&$H13,Part_Suppliers!$K$2:$K$300,0))=0,"",INDEX(Part_Suppliers!$C$2:$C$300,MATCH($A13&"|"&$H13,Part_Suppliers!$K$2:$K$300,0))),"")) -> LM 3940 IMP-3 | J13: 0 | K13: 3 | L13: =IFERROR(IF(VLOOKUP($A13,Parts!$A$2:$M$200,8,FALSE())=0,"",VLOOKUP($A13,Parts!$A$2:$M$200,8,FALSE())),"") -> EnvNode; EnvNodeMini Rev 0.2 | M13: =IFERROR(IF(VLOOKUP($A13,Parts!$A$2:$M$200,12,FALSE())=0,"",VLOOKUP($A13,Parts!$A$2:$M$200,12,FALSE())),"") -> Footprint und thermische Auslegung vor Bestückung prüfen | N13: ab Lager | O13: nicht drucken | S13: =IF(O13="drucken",COUNTIF($O$5:O13,"drucken"),"")
A14: ENP-00010 | B14: =IFERROR(IF(VLOOKUP($A14,Parts!$A$2:$M$200,2,FALSE())=0,"",VLOOKUP($A14,Parts!$A$2:$M$200,2,FALSE())),"") -> Entwicklungsmodul | C14: =IFERROR(IF(VLOOKUP($A14,Parts!$A$2:$M$200,3,FALSE())=0,"",VLOOKUP($A14,Parts!$A$2:$M$200,3,FALSE())),"") -> ESP32-DevKitC | D14: =IFERROR(IF(VLOOKUP($A14,Parts!$A$2:$M$200,4,FALSE())=0,"",VLOOKUP($A14,Parts!$A$2:$M$200,4,FALSE())),"") -> 38 Pin | E14: =IFERROR(IF(VLOOKUP($A14,Parts!$A$2:$M$200,5,FALSE())=0,"",VLOOKUP($A14,Parts!$A$2:$M$200,5,FALSE())),"") -> PCM_Espressif:ESP32-DevKitC | F14: =IFERROR(IF(VLOOKUP($A14,Parts!$A$2:$M$200,6,FALSE())=0,"",VLOOKUP($A14,Parts!$A$2:$M$200,6,FALSE())),"") -> Espressif Systems | G14: =IFERROR(IF(VLOOKUP($A14,Parts!$A$2:$M$200,7,FALSE())=0,"",VLOOKUP($A14,Parts!$A$2:$M$200,7,FALSE())),"") | H14: Noch festlegen | I14: =IF(OR($A14="",$H14=""),"",IFERROR(IF(INDEX(Part_Suppliers!$C$2:$C$300,MATCH($A14&"|"&$H14,Part_Suppliers!$K$2:$K$300,0))=0,"",INDEX(Part_Suppliers!$C$2:$C$300,MATCH($A14&"|"&$H14,Part_Suppliers!$K$2:$K$300,0))),"")) | J14: 3 | K14: 0 | L14: =IFERROR(IF(VLOOKUP($A14,Parts!$A$2:$M$200,8,FALSE())=0,"",VLOOKUP($A14,Parts!$A$2:$M$200,8,FALSE())),"") -> EnvNode; EnvNodeMini Rev 0.2 | M14: =IFERROR(IF(VLOOKUP($A14,Parts!$A$2:$M$200,12,FALSE())=0,"",VLOOKUP($A14,Parts!$A$2:$M$200,12,FALSE())),"") -> Exakte Modulvariante und Pinout vor Bestückung prüfen Hersteller/MPN aus verschobenen Altdaten korrigiert; genaue DevKitC-Variante fehlt. | O14: nicht drucken | S14: =IF(O14="drucken",COUNTIF($O$5:O14,"drucken"),"")
A15: ENP-00011 | B15: =IFERROR(IF(VLOOKUP($A15,Parts!$A$2:$M$200,2,FALSE())=0,"",VLOOKUP($A15,Parts!$A$2:$M$200,2,FALSE())),"") -> PCB | C15: =IFERROR(IF(VLOOKUP($A15,Parts!$A$2:$M$200,3,FALSE())=0,"",VLOOKUP($A15,Parts!$A$2:$M$200,3,FALSE())),"") -> EnvNode Mainboard Rev 0.1 | D15: =IFERROR(IF(VLOOKUP($A15,Parts!$A$2:$M$200,4,FALSE())=0,"",VLOOKUP($A15,Parts!$A$2:$M$200,4,FALSE())),"") -> Revision 0.1 | E15: =IFERROR(IF(VLOOKUP($A15,Parts!$A$2:$M$200,5,FALSE())=0,"",VLOOKUP($A15,Parts!$A$2:$M$200,5,FALSE())),"") | F15: =IFERROR(IF(VLOOKUP($A15,Parts!$A$2:$M$200,6,FALSE())=0,"",VLOOKUP($A15,Parts!$A$2:$M$200,6,FALSE())),"") -> JLCPCB | G15: =IFERROR(IF(VLOOKUP($A15,Parts!$A$2:$M$200,7,FALSE())=0,"",VLOOKUP($A15,Parts!$A$2:$M$200,7,FALSE())),"") | H15: JLCPCB | I15: =IF(OR($A15="",$H15=""),"",IFERROR(IF(INDEX(Part_Suppliers!$C$2:$C$300,MATCH($A15&"|"&$H15,Part_Suppliers!$K$2:$K$300,0))=0,"",INDEX(Part_Suppliers!$C$2:$C$300,MATCH($A15&"|"&$H15,Part_Suppliers!$K$2:$K$300,0))),"")) | J15: 5 | K15: 0 | L15: =IFERROR(IF(VLOOKUP($A15,Parts!$A$2:$M$200,8,FALSE())=0,"",VLOOKUP($A15,Parts!$A$2:$M$200,8,FALSE())),"") -> EnvNode | M15: =IFERROR(IF(VLOOKUP($A15,Parts!$A$2:$M$200,12,FALSE())=0,"",VLOOKUP($A15,Parts!$A$2:$M$200,12,FALSE())),"") -> Unbestückte Leiterplatte; SMD-Lötjumper sind PCB-Strukturen und keine Kaufteile Historische PCB-Revision; aktueller KiCad-Stand ist Revision 0.2. | O15: nicht drucken | S15: =IF(O15="drucken",COUNTIF($O$5:O15,"drucken"),"")
A16: ENP-00012 | B16: =IFERROR(IF(VLOOKUP($A16,Parts!$A$2:$M$200,2,FALSE())=0,"",VLOOKUP($A16,Parts!$A$2:$M$200,2,FALSE())),"") -> Steckverbinder | C16: =IFERROR(IF(VLOOKUP($A16,Parts!$A$2:$M$200,3,FALSE())=0,"",VLOOKUP($A16,Parts!$A$2:$M$200,3,FALSE())),"") -> JST - Stiftleiste, gerade, 1x2-polig - PH | D16: =IFERROR(IF(VLOOKUP($A16,Parts!$A$2:$M$200,4,FALSE())=0,"",VLOOKUP($A16,Parts!$A$2:$M$200,4,FALSE())),"") -> JST-PH, 2-polig, 2,00 mm | E16: =IFERROR(IF(VLOOKUP($A16,Parts!$A$2:$M$200,5,FALSE())=0,"",VLOOKUP($A16,Parts!$A$2:$M$200,5,FALSE())),"") -> Connector_JST:JST_PH_B2B-PH-K_1x02_P2.00mm_Vertical | F16: =IFERROR(IF(VLOOKUP($A16,Parts!$A$2:$M$200,6,FALSE())=0,"",VLOOKUP($A16,Parts!$A$2:$M$200,6,FALSE())),"") -> JST | G16: =IFERROR(IF(VLOOKUP($A16,Parts!$A$2:$M$200,7,FALSE())=0,"",VLOOKUP($A16,Parts!$A$2:$M$200,7,FALSE())),"") -> B2B-PH-K-S | H16: Reichelt | I16: =IF(OR($A16="",$H16=""),"",IFERROR(IF(INDEX(Part_Suppliers!$C$2:$C$300,MATCH($A16&"|"&$H16,Part_Suppliers!$K$2:$K$300,0))=0,"",INDEX(Part_Suppliers!$C$2:$C$300,MATCH($A16&"|"&$H16,Part_Suppliers!$K$2:$K$300,0))),"")) -> JST PH2P ST | J16: 0 | K16: 0 | L16: =IFERROR(IF(VLOOKUP($A16,Parts!$A$2:$M$200,8,FALSE())=0,"",VLOOKUP($A16,Parts!$A$2:$M$200,8,FALSE())),"") -> EnvNode; EnvNodeMini Rev 0.2 | M16: =IFERROR(IF(VLOOKUP($A16,Parts!$A$2:$M$200,12,FALSE())=0,"",VLOOKUP($A16,Parts!$A$2:$M$200,12,FALSE())),"") | O16: nicht drucken | S16: =IF(O16="drucken",COUNTIF($O$5:O16,"drucken"),"")
A17: ENP-00013 | B17: =IFERROR(IF(VLOOKUP($A17,Parts!$A$2:$M$200,2,FALSE())=0,"",VLOOKUP($A17,Parts!$A$2:$M$200,2,FALSE())),"") -> MOSFET | C17: =IFERROR(IF(VLOOKUP($A17,Parts!$A$2:$M$200,3,FALSE())=0,"",VLOOKUP($A17,Parts!$A$2:$M$200,3,FALSE())),"") -> MOSFET, N-Ch 30V 5,7A 0,018R, SOT-23 | D17: =IFERROR(IF(VLOOKUP($A17,Parts!$A$2:$M$200,4,FALSE())=0,"",VLOOKUP($A17,Parts!$A$2:$M$200,4,FALSE())),"") -> N-Kanal, 30 V, 5,7 A | E17: =IFERROR(IF(VLOOKUP($A17,Parts!$A$2:$M$200,5,FALSE())=0,"",VLOOKUP($A17,Parts!$A$2:$M$200,5,FALSE())),"") -> Package_TO_SOT_SMD:SOT-23 | F17: =IFERROR(IF(VLOOKUP($A17,Parts!$A$2:$M$200,6,FALSE())=0,"",VLOOKUP($A17,Parts!$A$2:$M$200,6,FALSE())),"") -> Alpha&Omega Semiconductor | G17: =IFERROR(IF(VLOOKUP($A17,Parts!$A$2:$M$200,7,FALSE())=0,"",VLOOKUP($A17,Parts!$A$2:$M$200,7,FALSE())),"") -> AO3400A | H17: Reichelt | I17: =IF(OR($A17="",$H17=""),"",IFERROR(IF(INDEX(Part_Suppliers!$C$2:$C$300,MATCH($A17&"|"&$H17,Part_Suppliers!$K$2:$K$300,0))=0,"",INDEX(Part_Suppliers!$C$2:$C$300,MATCH($A17&"|"&$H17,Part_Suppliers!$K$2:$K$300,0))),"")) -> AO3400A | J17: 0 | K17: 5 | L17: =IFERROR(IF(VLOOKUP($A17,Parts!$A$2:$M$200,8,FALSE())=0,"",VLOOKUP($A17,Parts!$A$2:$M$200,8,FALSE())),"") -> RainDetector | M17: =IFERROR(IF(VLOOKUP($A17,Parts!$A$2:$M$200,12,FALSE())=0,"",VLOOKUP($A17,Parts!$A$2:$M$200,12,FALSE())),"") | N17: ab Lager | O17: nicht drucken | S17: =IF(O17="drucken",COUNTIF($O$5:O17,"drucken"),"")
A18: ENP-00014 | B18: =IFERROR(IF(VLOOKUP($A18,Parts!$A$2:$M$200,2,FALSE())=0,"",VLOOKUP($A18,Parts!$A$2:$M$200,2,FALSE())),"") -> Sensormodul | C18: =IFERROR(IF(VLOOKUP($A18,Parts!$A$2:$M$200,3,FALSE())=0,"",VLOOKUP($A18,Parts!$A$2:$M$200,3,FALSE())),"") -> Arduino - Temperatur- & Feuchtigkeitssensor, SHTC3 | D18: =IFERROR(IF(VLOOKUP($A18,Parts!$A$2:$M$200,4,FALSE())=0,"",VLOOKUP($A18,Parts!$A$2:$M$200,4,FALSE())),"") -> SHTC3 Breakout | E18: =IFERROR(IF(VLOOKUP($A18,Parts!$A$2:$M$200,5,FALSE())=0,"",VLOOKUP($A18,Parts!$A$2:$M$200,5,FALSE())),"") | F18: =IFERROR(IF(VLOOKUP($A18,Parts!$A$2:$M$200,6,FALSE())=0,"",VLOOKUP($A18,Parts!$A$2:$M$200,6,FALSE())),"") -> Soldered | G18: =IFERROR(IF(VLOOKUP($A18,Parts!$A$2:$M$200,7,FALSE())=0,"",VLOOKUP($A18,Parts!$A$2:$M$200,7,FALSE())),"") -> 333032 | H18: Reichelt | I18: =IF(OR($A18="",$H18=""),"",IFERROR(IF(INDEX(Part_Suppliers!$C$2:$C$300,MATCH($A18&"|"&$H18,Part_Suppliers!$K$2:$K$300,0))=0,"",INDEX(Part_Suppliers!$C$2:$C$300,MATCH($A18&"|"&$H18,Part_Suppliers!$K$2:$K$300,0))),"")) -> DEBO SENS SHTC3 | J18: 0 | K18: 1 | L18: =IFERROR(IF(VLOOKUP($A18,Parts!$A$2:$M$200,8,FALSE())=0,"",VLOOKUP($A18,Parts!$A$2:$M$200,8,FALSE())),"") -> Sensor | M18: =IFERROR(IF(VLOOKUP($A18,Parts!$A$2:$M$200,12,FALSE())=0,"",VLOOKUP($A18,Parts!$A$2:$M$200,12,FALSE())),"") | N18: ab Lager | O18: nicht drucken | S18: =IF(O18="drucken",COUNTIF($O$5:O18,"drucken"),"")
A19: ENP-00015 | B19: =IFERROR(IF(VLOOKUP($A19,Parts!$A$2:$M$200,2,FALSE())=0,"",VLOOKUP($A19,Parts!$A$2:$M$200,2,FALSE())),"") -> Entwicklungsmodul | C19: =IFERROR(IF(VLOOKUP($A19,Parts!$A$2:$M$200,3,FALSE())=0,"",VLOOKUP($A19,Parts!$A$2:$M$200,3,FALSE())),"") -> Entwicklerboards - ADC, 4 Kanal, 16-Bit, ADS1115 | D19: =IFERROR(IF(VLOOKUP($A19,Parts!$A$2:$M$200,4,FALSE())=0,"",VLOOKUP($A19,Parts!$A$2:$M$200,4,FALSE())),"") -> ADS1115 Breakout, 4 Kanal, 16 Bit | E19: =IFERROR(IF(VLOOKUP($A19,Parts!$A$2:$M$200,5,FALSE())=0,"",VLOOKUP($A19,Parts!$A$2:$M$200,5,FALSE())),"") | F19: =IFERROR(IF(VLOOKUP($A19,Parts!$A$2:$M$200,6,FALSE())=0,"",VLOOKUP($A19,Parts!$A$2:$M$200,6,FALSE())),"") -> Soldered | G19: =IFERROR(IF(VLOOKUP($A19,Parts!$A$2:$M$200,7,FALSE())=0,"",VLOOKUP($A19,Parts!$A$2:$M$200,7,FALSE())),"") -> 333095 | H19: Reichelt | I19: =IF(OR($A19="",$H19=""),"",IFERROR(IF(INDEX(Part_Suppliers!$C$2:$C$300,MATCH($A19&"|"&$H19,Part_Suppliers!$K$2:$K$300,0))=0,"",INDEX(Part_Suppliers!$C$2:$C$300,MATCH($A19&"|"&$H19,Part_Suppliers!$K$2:$K$300,0))),"")) -> DEBO ADC 16BIT | J19: 0 | K19: 1 | L19: =IFERROR(IF(VLOOKUP($A19,Parts!$A$2:$M$200,8,FALSE())=0,"",VLOOKUP($A19,Parts!$A$2:$M$200,8,FALSE())),"") -> A/D Wandler | M19: =IFERROR(IF(VLOOKUP($A19,Parts!$A$2:$M$200,12,FALSE())=0,"",VLOOKUP($A19,Parts!$A$2:$M$200,12,FALSE())),"") | N19: 28.08.2026 | O19: nicht drucken | S19: =IF(O19="drucken",COUNTIF($O$5:O19,"drucken"),"")
A20: ENP-00016 | B20: =IFERROR(IF(VLOOKUP($A20,Parts!$A$2:$M$200,2,FALSE())=0,"",VLOOKUP($A20,Parts!$A$2:$M$200,2,FALSE())),"") -> Widerstand | C20: =IFERROR(IF(VLOOKUP($A20,Parts!$A$2:$M$200,3,FALSE())=0,"",VLOOKUP($A20,Parts!$A$2:$M$200,3,FALSE())),"") -> SMD-Widerstand, 1206, 100 kOhm, 250 mW, 0,1% | D20: =IFERROR(IF(VLOOKUP($A20,Parts!$A$2:$M$200,4,FALSE())=0,"",VLOOKUP($A20,Parts!$A$2:$M$200,4,FALSE())),"") -> 100 kΩ, 0,1 %, 250 mW | E20: =IFERROR(IF(VLOOKUP($A20,Parts!$A$2:$M$200,5,FALSE())=0,"",VLOOKUP($A20,Parts!$A$2:$M$200,5,FALSE())),"") -> Resistor_SMD:R_1206_3216Metric_Pad1.30x1.75mm_HandSolder | F20: =IFERROR(IF(VLOOKUP($A20,Parts!$A$2:$M$200,6,FALSE())=0,"",VLOOKUP($A20,Parts!$A$2:$M$200,6,FALSE())),"") -> Panasonic | G20: =IFERROR(IF(VLOOKUP($A20,Parts!$A$2:$M$200,7,FALSE())=0,"",VLOOKUP($A20,Parts!$A$2:$M$200,7,FALSE())),"") -> ERA8AEB104V | H20: Reichelt | I20: =IF(OR($A20="",$H20=""),"",IFERROR(IF(INDEX(Part_Suppliers!$C$2:$C$300,MATCH($A20&"|"&$H20,Part_Suppliers!$K$2:$K$300,0))=0,"",INDEX(Part_Suppliers!$C$2:$C$300,MATCH($A20&"|"&$H20,Part_Suppliers!$K$2:$K$300,0))),"")) -> PAN ERA8AEB104V | J20: 4 | K20: 0 | L20: =IFERROR(IF(VLOOKUP($A20,Parts!$A$2:$M$200,8,FALSE())=0,"",VLOOKUP($A20,Parts!$A$2:$M$200,8,FALSE())),"") -> RainDetector; DuoRelay; AnalogHydroPressure | M20: =IFERROR(IF(VLOOKUP($A20,Parts!$A$2:$M$200,12,FALSE())=0,"",VLOOKUP($A20,Parts!$A$2:$M$200,12,FALSE())),"") -> Lieferanten-Bestellnummer in der Altdatei enthält vermischte Angaben. | O20: nicht drucken | S20: =IF(O20="drucken",COUNTIF($O$5:O20,"drucken"),"")
A21: ENP-00017 | B21: =IFERROR(IF(VLOOKUP($A21,Parts!$A$2:$M$200,2,FALSE())=0,"",VLOOKUP($A21,Parts!$A$2:$M$200,2,FALSE())),"") -> Widerstand | C21: =IFERROR(IF(VLOOKUP($A21,Parts!$A$2:$M$200,3,FALSE())=0,"",VLOOKUP($A21,Parts!$A$2:$M$200,3,FALSE())),"") -> SMD-Widerstand, 1206, 100 Ohm, 250 mW, 5% | D21: =IFERROR(IF(VLOOKUP($A21,Parts!$A$2:$M$200,4,FALSE())=0,"",VLOOKUP($A21,Parts!$A$2:$M$200,4,FALSE())),"") -> 100 Ω, 5 %, 250 mW | E21: =IFERROR(IF(VLOOKUP($A21,Parts!$A$2:$M$200,5,FALSE())=0,"",VLOOKUP($A21,Parts!$A$2:$M$200,5,FALSE())),"") -> Resistor_SMD:R_1206_3216Metric_Pad1.30x1.75mm_HandSolder | F21: =IFERROR(IF(VLOOKUP($A21,Parts!$A$2:$M$200,6,FALSE())=0,"",VLOOKUP($A21,Parts!$A$2:$M$200,6,FALSE())),"") -> YAGEO | G21: =IFERROR(IF(VLOOKUP($A21,Parts!$A$2:$M$200,7,FALSE())=0,"",VLOOKUP($A21,Parts!$A$2:$M$200,7,FALSE())),"") -> RC1206JR-07100RL | H21: Reichelt | I21: =IF(OR($A21="",$H21=""),"",IFERROR(IF(INDEX(Part_Suppliers!$C$2:$C$300,MATCH($A21&"|"&$H21,Part_Suppliers!$K$2:$K$300,0))=0,"",INDEX(Part_Suppliers!$C$2:$C$300,MATCH($A21&"|"&$H21,Part_Suppliers!$K$2:$K$300,0))),"")) -> SMD 1/4W 100 | J21: 50 | K21: 0 | L21: =IFERROR(IF(VLOOKUP($A21,Parts!$A$2:$M$200,8,FALSE())=0,"",VLOOKUP($A21,Parts!$A$2:$M$200,8,FALSE())),"") -> RainDetector; SolarRadiation | M21: =IFERROR(IF(VLOOKUP($A21,Parts!$A$2:$M$200,12,FALSE())=0,"",VLOOKUP($A21,Parts!$A$2:$M$200,12,FALSE())),"") | O21: nicht drucken | S21: =IF(O21="drucken",COUNTIF($O$5:O21,"drucken"),"")
A22: ENP-00018 | B22: =IFERROR(IF(VLOOKUP($A22,Parts!$A$2:$M$200,2,FALSE())=0,"",VLOOKUP($A22,Parts!$A$2:$M$200,2,FALSE())),"") -> Widerstand | C22: =IFERROR(IF(VLOOKUP($A22,Parts!$A$2:$M$200,3,FALSE())=0,"",VLOOKUP($A22,Parts!$A$2:$M$200,3,FALSE())),"") -> SMD-Widerstand, 1206, 10 kOhm, 250 mW, 0,1% | D22: =IFERROR(IF(VLOOKUP($A22,Parts!$A$2:$M$200,4,FALSE())=0,"",VLOOKUP($A22,Parts!$A$2:$M$200,4,FALSE())),"") -> 10 kΩ, 0,1 %, 250 mW | E22: =IFERROR(IF(VLOOKUP($A22,Parts!$A$2:$M$200,5,FALSE())=0,"",VLOOKUP($A22,Parts!$A$2:$M$200,5,FALSE())),"") -> Resistor_SMD:R_1206_3216Metric_Pad1.30x1.75mm_HandSolder | F22: =IFERROR(IF(VLOOKUP($A22,Parts!$A$2:$M$200,6,FALSE())=0,"",VLOOKUP($A22,Parts!$A$2:$M$200,6,FALSE())),"") -> Panasonic | G22: =IFERROR(IF(VLOOKUP($A22,Parts!$A$2:$M$200,7,FALSE())=0,"",VLOOKUP($A22,Parts!$A$2:$M$200,7,FALSE())),"") -> ERA8AEB103V | H22: Reichelt | I22: =IF(OR($A22="",$H22=""),"",IFERROR(IF(INDEX(Part_Suppliers!$C$2:$C$300,MATCH($A22&"|"&$H22,Part_Suppliers!$K$2:$K$300,0))=0,"",INDEX(Part_Suppliers!$C$2:$C$300,MATCH($A22&"|"&$H22,Part_Suppliers!$K$2:$K$300,0))),"")) -> PAN ERA8AEB103V | J22: 9 | K22: 0 | L22: =IFERROR(IF(VLOOKUP($A22,Parts!$A$2:$M$200,8,FALSE())=0,"",VLOOKUP($A22,Parts!$A$2:$M$200,8,FALSE())),"") -> RainDetector | M22: =IFERROR(IF(VLOOKUP($A22,Parts!$A$2:$M$200,12,FALSE())=0,"",VLOOKUP($A22,Parts!$A$2:$M$200,12,FALSE())),"") -> Offensichtlich zusammengesetzte MPN aus Altdaten normalisiert. | O22: drucken | S22: =IF(O22="drucken",COUNTIF($O$5:O22,"drucken"),"") -> 1
A23: ENP-00019 | B23: =IFERROR(IF(VLOOKUP($A23,Parts!$A$2:$M$200,2,FALSE())=0,"",VLOOKUP($A23,Parts!$A$2:$M$200,2,FALSE())),"") -> Steckverbinder | C23: =IFERROR(IF(VLOOKUP($A23,Parts!$A$2:$M$200,3,FALSE())=0,"",VLOOKUP($A23,Parts!$A$2:$M$200,3,FALSE())),"") -> Stiftleiste, 8-polig, Raster 2,54mm | D23: =IFERROR(IF(VLOOKUP($A23,Parts!$A$2:$M$200,4,FALSE())=0,"",VLOOKUP($A23,Parts!$A$2:$M$200,4,FALSE())),"") -> 1x8, 2,54 mm | E23: =IFERROR(IF(VLOOKUP($A23,Parts!$A$2:$M$200,5,FALSE())=0,"",VLOOKUP($A23,Parts!$A$2:$M$200,5,FALSE())),"") -> Connector_PinHeader_2.54mm:PinHeader_1x08_P2.54mm_Vertical | F23: =IFERROR(IF(VLOOKUP($A23,Parts!$A$2:$M$200,6,FALSE())=0,"",VLOOKUP($A23,Parts!$A$2:$M$200,6,FALSE())),"") -> BKL Electronic | G23: =IFERROR(IF(VLOOKUP($A23,Parts!$A$2:$M$200,7,FALSE())=0,"",VLOOKUP($A23,Parts!$A$2:$M$200,7,FALSE())),"") -> 10120505 | H23: Reichelt | I23: =IF(OR($A23="",$H23=""),"",IFERROR(IF(INDEX(Part_Suppliers!$C$2:$C$300,MATCH($A23&"|"&$H23,Part_Suppliers!$K$2:$K$300,0))=0,"",INDEX(Part_Suppliers!$C$2:$C$300,MATCH($A23&"|"&$H23,Part_Suppliers!$K$2:$K$300,0))),"")) -> BKL 10120505 | J23: 0 | K23: 0 | L23: =IFERROR(IF(VLOOKUP($A23,Parts!$A$2:$M$200,8,FALSE())=0,"",VLOOKUP($A23,Parts!$A$2:$M$200,8,FALSE())),"") -> RainDetector | M23: =IFERROR(IF(VLOOKUP($A23,Parts!$A$2:$M$200,12,FALSE())=0,"",VLOOKUP($A23,Parts!$A$2:$M$200,12,FALSE())),"") | O23: nicht drucken | S23: =IF(O23="drucken",COUNTIF($O$5:O23,"drucken"),"")
A24: ENP-00020 | B24: =IFERROR(IF(VLOOKUP($A24,Parts!$A$2:$M$200,2,FALSE())=0,"",VLOOKUP($A24,Parts!$A$2:$M$200,2,FALSE())),"") -> IC | C24: =IFERROR(IF(VLOOKUP($A24,Parts!$A$2:$M$200,3,FALSE())=0,"",VLOOKUP($A24,Parts!$A$2:$M$200,3,FALSE())),"") -> Timer-IC, Typ 555, SO-8 | D24: =IFERROR(IF(VLOOKUP($A24,Parts!$A$2:$M$200,4,FALSE())=0,"",VLOOKUP($A24,Parts!$A$2:$M$200,4,FALSE())),"") -> CMOS 555 | E24: =IFERROR(IF(VLOOKUP($A24,Parts!$A$2:$M$200,5,FALSE())=0,"",VLOOKUP($A24,Parts!$A$2:$M$200,5,FALSE())),"") -> Package_SO:SOIC-8_3.9x4.9mm_P1.27mm | F24: =IFERROR(IF(VLOOKUP($A24,Parts!$A$2:$M$200,6,FALSE())=0,"",VLOOKUP($A24,Parts!$A$2:$M$200,6,FALSE())),"") -> Renesas | G24: =IFERROR(IF(VLOOKUP($A24,Parts!$A$2:$M$200,7,FALSE())=0,"",VLOOKUP($A24,Parts!$A$2:$M$200,7,FALSE())),"") -> ICM7555IBAZ | H24: Reichelt | I24: =IF(OR($A24="",$H24=""),"",IFERROR(IF(INDEX(Part_Suppliers!$C$2:$C$300,MATCH($A24&"|"&$H24,Part_Suppliers!$K$2:$K$300,0))=0,"",INDEX(Part_Suppliers!$C$2:$C$300,MATCH($A24&"|"&$H24,Part_Suppliers!$K$2:$K$300,0))),"")) -> ICM 7555 IBAZ | J24: 3 | K24: 0 | L24: =IFERROR(IF(VLOOKUP($A24,Parts!$A$2:$M$200,8,FALSE())=0,"",VLOOKUP($A24,Parts!$A$2:$M$200,8,FALSE())),"") -> RainDetector | M24: =IFERROR(IF(VLOOKUP($A24,Parts!$A$2:$M$200,12,FALSE())=0,"",VLOOKUP($A24,Parts!$A$2:$M$200,12,FALSE())),"") | O24: nicht drucken | S24: =IF(O24="drucken",COUNTIF($O$5:O24,"drucken"),"")
A25: ENP-00021 | B25: =IFERROR(IF(VLOOKUP($A25,Parts!$A$2:$M$200,2,FALSE())=0,"",VLOOKUP($A25,Parts!$A$2:$M$200,2,FALSE())),"") -> Steckverbinder | C25: =IFERROR(IF(VLOOKUP($A25,Parts!$A$2:$M$200,3,FALSE())=0,"",VLOOKUP($A25,Parts!$A$2:$M$200,3,FALSE())),"") -> PinSocket 1x8, 2,54mm SMD | D25: =IFERROR(IF(VLOOKUP($A25,Parts!$A$2:$M$200,4,FALSE())=0,"",VLOOKUP($A25,Parts!$A$2:$M$200,4,FALSE())),"") -> 1x8, 2,54 mm, SMD | E25: =IFERROR(IF(VLOOKUP($A25,Parts!$A$2:$M$200,5,FALSE())=0,"",VLOOKUP($A25,Parts!$A$2:$M$200,5,FALSE())),"") | F25: =IFERROR(IF(VLOOKUP($A25,Parts!$A$2:$M$200,6,FALSE())=0,"",VLOOKUP($A25,Parts!$A$2:$M$200,6,FALSE())),"") -> fischer Elektronik | G25: =IFERROR(IF(VLOOKUP($A25,Parts!$A$2:$M$200,7,FALSE())=0,"",VLOOKUP($A25,Parts!$A$2:$M$200,7,FALSE())),"") -> BL 3 8 G | H25: Reichelt | I25: =IF(OR($A25="",$H25=""),"",IFERROR(IF(INDEX(Part_Suppliers!$C$2:$C$300,MATCH($A25&"|"&$H25,Part_Suppliers!$K$2:$K$300,0))=0,"",INDEX(Part_Suppliers!$C$2:$C$300,MATCH($A25&"|"&$H25,Part_Suppliers!$K$2:$K$300,0))),"")) -> FIS BL 3 8G | J25: 2 | K25: 0 | L25: =IFERROR(IF(VLOOKUP($A25,Parts!$A$2:$M$200,8,FALSE())=0,"",VLOOKUP($A25,Parts!$A$2:$M$200,8,FALSE())),"") -> Stall.biz/Weatherman-Detektorplatine | M25: =IFERROR(IF(VLOOKUP($A25,Parts!$A$2:$M$200,12,FALSE())=0,"",VLOOKUP($A25,Parts!$A$2:$M$200,12,FALSE())),"") -> 1×8-SMD-Buchsenleiste sitzt physisch auf der Stall.biz/Weatherman-Detektorplatine. Auf der RainDetector-Platine werden für J1/J2 die 1×8-THT-Stiftleisten ENP-00019 bestückt. | O25: nicht drucken | S25: =IF(O25="drucken",COUNTIF($O$5:O25,"drucken"),"")
A26: ENP-00022 | B26: =IFERROR(IF(VLOOKUP($A26,Parts!$A$2:$M$200,2,FALSE())=0,"",VLOOKUP($A26,Parts!$A$2:$M$200,2,FALSE())),"") -> Widerstand | C26: =IFERROR(IF(VLOOKUP($A26,Parts!$A$2:$M$200,3,FALSE())=0,"",VLOOKUP($A26,Parts!$A$2:$M$200,3,FALSE())),"") -> SMD-Widerstand, 1206, 47 Ohm, 250 mW, 5% | D26: =IFERROR(IF(VLOOKUP($A26,Parts!$A$2:$M$200,4,FALSE())=0,"",VLOOKUP($A26,Parts!$A$2:$M$200,4,FALSE())),"") -> 47 Ω | E26: =IFERROR(IF(VLOOKUP($A26,Parts!$A$2:$M$200,5,FALSE())=0,"",VLOOKUP($A26,Parts!$A$2:$M$200,5,FALSE())),"") -> Resistor_SMD:R_1206_3216Metric_Pad1.30x1.75mm_HandSolder | F26: =IFERROR(IF(VLOOKUP($A26,Parts!$A$2:$M$200,6,FALSE())=0,"",VLOOKUP($A26,Parts!$A$2:$M$200,6,FALSE())),"") -> RND components | G26: =IFERROR(IF(VLOOKUP($A26,Parts!$A$2:$M$200,7,FALSE())=0,"",VLOOKUP($A26,Parts!$A$2:$M$200,7,FALSE())),"") -> RND 1551206S4J0470T5E | H26: Reichelt | I26: =IF(OR($A26="",$H26=""),"",IFERROR(IF(INDEX(Part_Suppliers!$C$2:$C$300,MATCH($A26&"|"&$H26,Part_Suppliers!$K$2:$K$300,0))=0,"",INDEX(Part_Suppliers!$C$2:$C$300,MATCH($A26&"|"&$H26,Part_Suppliers!$K$2:$K$300,0))),"")) -> RND 1551206 AF | J26: 0 | K26: 0 | L26: =IFERROR(IF(VLOOKUP($A26,Parts!$A$2:$M$200,8,FALSE())=0,"",VLOOKUP($A26,Parts!$A$2:$M$200,8,FALSE())),"") -> Detector | M26: =IFERROR(IF(VLOOKUP($A26,Parts!$A$2:$M$200,12,FALSE())=0,"",VLOOKUP($A26,Parts!$A$2:$M$200,12,FALSE())),"") | O26: nicht drucken | S26: =IF(O26="drucken",COUNTIF($O$5:O26,"drucken"),"")
A27: ENP-00023 | B27: =IFERROR(IF(VLOOKUP($A27,Parts!$A$2:$M$200,2,FALSE())=0,"",VLOOKUP($A27,Parts!$A$2:$M$200,2,FALSE())),"") -> Relais | C27: =IFERROR(IF(VLOOKUP($A27,Parts!$A$2:$M$200,3,FALSE())=0,"",VLOOKUP($A27,Parts!$A$2:$M$200,3,FALSE())),"") -> Steck-Printrelais, 1 CO, 6 A, 5 V DC sensitiv | D27: =IFERROR(IF(VLOOKUP($A27,Parts!$A$2:$M$200,4,FALSE())=0,"",VLOOKUP($A27,Parts!$A$2:$M$200,4,FALSE())),"") -> 5 V, 1 Wechsler, 6 A | E27: =IFERROR(IF(VLOOKUP($A27,Parts!$A$2:$M$200,5,FALSE())=0,"",VLOOKUP($A27,Parts!$A$2:$M$200,5,FALSE())),"") -> Relay_THT:Relay_SPDT_Finder_34.51_Vertical | F27: =IFERROR(IF(VLOOKUP($A27,Parts!$A$2:$M$200,6,FALSE())=0,"",VLOOKUP($A27,Parts!$A$2:$M$200,6,FALSE())),"") -> finder | G27: =IFERROR(IF(VLOOKUP($A27,Parts!$A$2:$M$200,7,FALSE())=0,"",VLOOKUP($A27,Parts!$A$2:$M$200,7,FALSE())),"") -> 34.51.7.005.0010 | H27: Reichelt | I27: =IF(OR($A27="",$H27=""),"",IFERROR(IF(INDEX(Part_Suppliers!$C$2:$C$300,MATCH($A27&"|"&$H27,Part_Suppliers!$K$2:$K$300,0))=0,"",INDEX(Part_Suppliers!$C$2:$C$300,MATCH($A27&"|"&$H27,Part_Suppliers!$K$2:$K$300,0))),"")) -> FIN 34.51.7 5V | J27: 0 | K27: 0 | L27: =IFERROR(IF(VLOOKUP($A27,Parts!$A$2:$M$200,8,FALSE())=0,"",VLOOKUP($A27,Parts!$A$2:$M$200,8,FALSE())),"") -> DuoRelay | M27: =IFERROR(IF(VLOOKUP($A27,Parts!$A$2:$M$200,12,FALSE())=0,"",VLOOKUP($A27,Parts!$A$2:$M$200,12,FALSE())),"") | O27: nicht drucken | S27: =IF(O27="drucken",COUNTIF($O$5:O27,"drucken"),"")
A28: ENP-00024 | B28: =IFERROR(IF(VLOOKUP($A28,Parts!$A$2:$M$200,2,FALSE())=0,"",VLOOKUP($A28,Parts!$A$2:$M$200,2,FALSE())),"") -> IC | C28: =IFERROR(IF(VLOOKUP($A28,Parts!$A$2:$M$200,3,FALSE())=0,"",VLOOKUP($A28,Parts!$A$2:$M$200,3,FALSE())),"") -> I²C-EEPROM 2 Kbit mit vorprogrammierter EUI-64 und zwei Adresspins | D28: =IFERROR(IF(VLOOKUP($A28,Parts!$A$2:$M$200,4,FALSE())=0,"",VLOOKUP($A28,Parts!$A$2:$M$200,4,FALSE())),"") -> 2 Kbit, I²C, EUI-64, A0/A1, 1,7–5,5 V | E28: =IFERROR(IF(VLOOKUP($A28,Parts!$A$2:$M$200,5,FALSE())=0,"",VLOOKUP($A28,Parts!$A$2:$M$200,5,FALSE())),"") -> Package_TO_SOT_SMD:SOT-23-6 | F28: =IFERROR(IF(VLOOKUP($A28,Parts!$A$2:$M$200,6,FALSE())=0,"",VLOOKUP($A28,Parts!$A$2:$M$200,6,FALSE())),"") -> Microchip Technology | G28: =IFERROR(IF(VLOOKUP($A28,Parts!$A$2:$M$200,7,FALSE())=0,"",VLOOKUP($A28,Parts!$A$2:$M$200,7,FALSE())),"") -> 24AA025E64T-I/OT | H28: DigiKey | I28: =IF(OR($A28="",$H28=""),"",IFERROR(IF(INDEX(Part_Suppliers!$C$2:$C$300,MATCH($A28&"|"&$H28,Part_Suppliers!$K$2:$K$300,0))=0,"",INDEX(Part_Suppliers!$C$2:$C$300,MATCH($A28&"|"&$H28,Part_Suppliers!$K$2:$K$300,0))),"")) -> 24AA025E64T-I/OTCT-ND | J28: 0 | K28: 0 | L28: =IFERROR(IF(VLOOKUP($A28,Parts!$A$2:$M$200,8,FALSE())=0,"",VLOOKUP($A28,Parts!$A$2:$M$200,8,FALSE())),"") -> EnvNode; EnvNodeMini Rev 0.2; Empty FullSize/HalfSize SMD/THT; DuoRelay; AnalogHydroPressure | M28: =IFERROR(IF(VLOOKUP($A28,Parts!$A$2:$M$200,12,FALSE())=0,"",VLOOKUP($A28,Parts!$A$2:$M$200,12,FALSE())),"") -> Gemeinsamer Identifikations-EEPROM für alle Boards. Frühere Lieferantendaten gehörten zur falschen SPI-Version 25AA02E64T-I/OT und wurden entfernt; Bezugsquelle, Bestellnummer und Preis neu ergänzen. Auf Modulboards derzeit DNP.; In allen vier aktuellen Empty-Schemata derzeit DNP; A1 liegt an +3V3_SYS, A0 wird über J1 herausgeführt; U1 ist in den aktuellen DuoRelay- und AnalogHydroPressure-Schemata derzeit DNP Bezug als Cut Tape bei DigiKey; keine parametrischen Ersatztypen ohne vorprogrammierte EUI-64 verwenden. | O28: nicht drucken | S28: =IF(O28="drucken",COUNTIF($O$5:O28,"drucken"),"")
A29: ENP-00025 | B29: =IFERROR(IF(VLOOKUP($A29,Parts!$A$2:$M$200,2,FALSE())=0,"",VLOOKUP($A29,Parts!$A$2:$M$200,2,FALSE())),"") -> Steckverbinder | C29: =IFERROR(IF(VLOOKUP($A29,Parts!$A$2:$M$200,3,FALSE())=0,"",VLOOKUP($A29,Parts!$A$2:$M$200,3,FALSE())),"") -> JST-PH Stiftleiste, 4-polig, vertikal | D29: =IFERROR(IF(VLOOKUP($A29,Parts!$A$2:$M$200,4,FALSE())=0,"",VLOOKUP($A29,Parts!$A$2:$M$200,4,FALSE())),"") -> 4-polig, 2,00 mm | E29: =IFERROR(IF(VLOOKUP($A29,Parts!$A$2:$M$200,5,FALSE())=0,"",VLOOKUP($A29,Parts!$A$2:$M$200,5,FALSE())),"") -> Connector_JST:JST_PH_B4B-PH-K_1x04_P2.00mm_Vertical | F29: =IFERROR(IF(VLOOKUP($A29,Parts!$A$2:$M$200,6,FALSE())=0,"",VLOOKUP($A29,Parts!$A$2:$M$200,6,FALSE())),"") -> JST | G29: =IFERROR(IF(VLOOKUP($A29,Parts!$A$2:$M$200,7,FALSE())=0,"",VLOOKUP($A29,Parts!$A$2:$M$200,7,FALSE())),"") -> B4B-PH-K-S | H29: Reichelt | I29: =IF(OR($A29="",$H29=""),"",IFERROR(IF(INDEX(Part_Suppliers!$C$2:$C$300,MATCH($A29&"|"&$H29,Part_Suppliers!$K$2:$K$300,0))=0,"",INDEX(Part_Suppliers!$C$2:$C$300,MATCH($A29&"|"&$H29,Part_Suppliers!$K$2:$K$300,0))),"")) -> JST PH4P ST | J29: 0 | K29: 0 | L29: =IFERROR(IF(VLOOKUP($A29,Parts!$A$2:$M$200,8,FALSE())=0,"",VLOOKUP($A29,Parts!$A$2:$M$200,8,FALSE())),"") -> EnvNode | M29: =IFERROR(IF(VLOOKUP($A29,Parts!$A$2:$M$200,12,FALSE())=0,"",VLOOKUP($A29,Parts!$A$2:$M$200,12,FALSE())),"") -> Mögliche Überschneidung mit dem vorhandenen JST-PH-Set prüfen. | O29: nicht drucken | S29: =IF(O29="drucken",COUNTIF($O$5:O29,"drucken"),"")
A30: ENP-00026 | B30: =IFERROR(IF(VLOOKUP($A30,Parts!$A$2:$M$200,2,FALSE())=0,"",VLOOKUP($A30,Parts!$A$2:$M$200,2,FALSE())),"") -> Steckverbinder | C30: =IFERROR(IF(VLOOKUP($A30,Parts!$A$2:$M$200,3,FALSE())=0,"",VLOOKUP($A30,Parts!$A$2:$M$200,3,FALSE())),"") -> JST-SH Stiftleiste, 4-polig, horizontal | D30: =IFERROR(IF(VLOOKUP($A30,Parts!$A$2:$M$200,4,FALSE())=0,"",VLOOKUP($A30,Parts!$A$2:$M$200,4,FALSE())),"") -> 4-polig, 1,00 mm | E30: =IFERROR(IF(VLOOKUP($A30,Parts!$A$2:$M$200,5,FALSE())=0,"",VLOOKUP($A30,Parts!$A$2:$M$200,5,FALSE())),"") -> Connector_JST:JST_SH_SM04B-SRSS-TB_1x04-1MP_P1.00mm_Horizontal | F30: =IFERROR(IF(VLOOKUP($A30,Parts!$A$2:$M$200,6,FALSE())=0,"",VLOOKUP($A30,Parts!$A$2:$M$200,6,FALSE())),"") -> JST | G30: =IFERROR(IF(VLOOKUP($A30,Parts!$A$2:$M$200,7,FALSE())=0,"",VLOOKUP($A30,Parts!$A$2:$M$200,7,FALSE())),"") -> SM04B-SRSS-TB | H30: RS | I30: =IF(OR($A30="",$H30=""),"",IFERROR(IF(INDEX(Part_Suppliers!$C$2:$C$300,MATCH($A30&"|"&$H30,Part_Suppliers!$K$2:$K$300,0))=0,"",INDEX(Part_Suppliers!$C$2:$C$300,MATCH($A30&"|"&$H30,Part_Suppliers!$K$2:$K$300,0))),"")) -> 515-1513 | J30: 0 | K30: 0 | L30: =IFERROR(IF(VLOOKUP($A30,Parts!$A$2:$M$200,8,FALSE())=0,"",VLOOKUP($A30,Parts!$A$2:$M$200,8,FALSE())),"") -> EnvNode; EnvNodeMini Rev 0.2; SolarRadiation | M30: =IFERROR(IF(VLOOKUP($A30,Parts!$A$2:$M$200,12,FALSE())=0,"",VLOOKUP($A30,Parts!$A$2:$M$200,12,FALSE())),"") -> MPN-Suffix und Verpackungsform festlegen; nicht mit Qwiic-Pigtail zusammenführen. | O30: nicht drucken | S30: =IF(O30="drucken",COUNTIF($O$5:O30,"drucken"),"")
A31: ENP-00027 | B31: =IFERROR(IF(VLOOKUP($A31,Parts!$A$2:$M$200,2,FALSE())=0,"",VLOOKUP($A31,Parts!$A$2:$M$200,2,FALSE())),"") -> IC | C31: =IFERROR(IF(VLOOKUP($A31,Parts!$A$2:$M$200,3,FALSE())=0,"",VLOOKUP($A31,Parts!$A$2:$M$200,3,FALSE())),"") -> 16-Bit ADC mit I²C | D31: =IFERROR(IF(VLOOKUP($A31,Parts!$A$2:$M$200,4,FALSE())=0,"",VLOOKUP($A31,Parts!$A$2:$M$200,4,FALSE())),"") -> ADS1115IDGS | E31: =IFERROR(IF(VLOOKUP($A31,Parts!$A$2:$M$200,5,FALSE())=0,"",VLOOKUP($A31,Parts!$A$2:$M$200,5,FALSE())),"") -> Package_SO:TSSOP-10_3x3mm_P0.5mm | F31: =IFERROR(IF(VLOOKUP($A31,Parts!$A$2:$M$200,6,FALSE())=0,"",VLOOKUP($A31,Parts!$A$2:$M$200,6,FALSE())),"") -> Texas Instruments | G31: =IFERROR(IF(VLOOKUP($A31,Parts!$A$2:$M$200,7,FALSE())=0,"",VLOOKUP($A31,Parts!$A$2:$M$200,7,FALSE())),"") -> ADS1115IDGS | H31: Noch festlegen | I31: =IF(OR($A31="",$H31=""),"",IFERROR(IF(INDEX(Part_Suppliers!$C$2:$C$300,MATCH($A31&"|"&$H31,Part_Suppliers!$K$2:$K$300,0))=0,"",INDEX(Part_Suppliers!$C$2:$C$300,MATCH($A31&"|"&$H31,Part_Suppliers!$K$2:$K$300,0))),"")) | J31: 0 | K31: 0 | L31: =IFERROR(IF(VLOOKUP($A31,Parts!$A$2:$M$200,8,FALSE())=0,"",VLOOKUP($A31,Parts!$A$2:$M$200,8,FALSE())),"") -> AnalogInput; SolarRadiation; AnalogHydroPressure | M31: =IFERROR(IF(VLOOKUP($A31,Parts!$A$2:$M$200,12,FALSE())=0,"",VLOOKUP($A31,Parts!$A$2:$M$200,12,FALSE())),"") -> Nicht mit dem vorhandenen ADS1115-Entwicklungsboard zusammenführen. | O31: nicht drucken | S31: =IF(O31="drucken",COUNTIF($O$5:O31,"drucken"),"")
... A80: ENP-00076 | B80: =IFERROR(IF(VLOOKUP($A80,Parts!$A$2:$M$200,2,FALSE())=0,"",VLOOKUP($A80,Parts!$A$2:$M$200,2,FALSE())),"") -> PCB | C80: =IFERROR(IF(VLOOKUP($A80,Parts!$A$2:$M$200,3,FALSE())=0,"",VLOOKUP($A80,Parts!$A$2:$M$200,3,FALSE())),"") -> AnalogHydroPressure FullSize PCB Rev 0.2 | D80: =IFERROR(IF(VLOOKUP($A80,Parts!$A$2:$M$200,4,FALSE())=0,"",VLOOKUP($A80,Parts!$A$2:$M$200,4,FALSE())),"") -> Revision 0.2 | E80: =IFERROR(IF(VLOOKUP($A80,Parts!$A$2:$M$200,5,FALSE())=0,"",VLOOKUP($A80,Parts!$A$2:$M$200,5,FALSE())),"") -> PCB: Modules/FullSize/AnalogHydroPressure/AnalogHydroPressure.kicad_pcb | F80: =IFERROR(IF(VLOOKUP($A80,Parts!$A$2:$M$200,6,FALSE())=0,"",VLOOKUP($A80,Parts!$A$2:$M$200,6,FALSE())),"") -> JLCPCB | G80: =IFERROR(IF(VLOOKUP($A80,Parts!$A$2:$M$200,7,FALSE())=0,"",VLOOKUP($A80,Parts!$A$2:$M$200,7,FALSE())),"") | H80: JLCPCB | I80: =IF(OR($A80="",$H80=""),"",IFERROR(IF(INDEX(Part_Suppliers!$C$2:$C$300,MATCH($A80&"|"&$H80,Part_Suppliers!$K$2:$K$300,0))=0,"",INDEX(Part_Suppliers!$C$2:$C$300,MATCH($A80&"|"&$H80,Part_Suppliers!$K$2:$K$300,0))),"")) | J80: 0 | K80: 0 | L80: =IFERROR(IF(VLOOKUP($A80,Parts!$A$2:$M$200,8,FALSE())=0,"",VLOOKUP($A80,Parts!$A$2:$M$200,8,FALSE())),"") -> AnalogHydroPressure | M80: =IFERROR(IF(VLOOKUP($A80,Parts!$A$2:$M$200,12,FALSE())=0,"",VLOOKUP($A80,Parts!$A$2:$M$200,12,FALSE())),"") -> Aktueller KiCad-Stand einschließlich Busumschaltung auf Modulseite und F.Cu-Backfill; Fertiger und Fertigungsvariante festlegen. | O80: nicht drucken | S80: =IF(O80="drucken",COUNTIF($O$5:O80,"drucken"),"")
A81: ENP-00077 | B81: =IFERROR(IF(VLOOKUP($A81,Parts!$A$2:$M$200,2,FALSE())=0,"",VLOOKUP($A81,Parts!$A$2:$M$200,2,FALSE())),"") -> Adapter | C81: =IFERROR(IF(VLOOKUP($A81,Parts!$A$2:$M$200,3,FALSE())=0,"",VLOOKUP($A81,Parts!$A$2:$M$200,3,FALSE())),"") -> SMD-Adapter SOT23-3 auf Raster 2,54 mm | D81: =IFERROR(IF(VLOOKUP($A81,Parts!$A$2:$M$200,4,FALSE())=0,"",VLOOKUP($A81,Parts!$A$2:$M$200,4,FALSE())),"") -> SOT23-3, Pitch 0,95 mm auf RM 2,54 mm | E81: =IFERROR(IF(VLOOKUP($A81,Parts!$A$2:$M$200,5,FALSE())=0,"",VLOOKUP($A81,Parts!$A$2:$M$200,5,FALSE())),"") | F81: =IFERROR(IF(VLOOKUP($A81,Parts!$A$2:$M$200,6,FALSE())=0,"",VLOOKUP($A81,Parts!$A$2:$M$200,6,FALSE())),"") -> ROTH-ELEKTRONIK | G81: =IFERROR(IF(VLOOKUP($A81,Parts!$A$2:$M$200,7,FALSE())=0,"",VLOOKUP($A81,Parts!$A$2:$M$200,7,FALSE())),"") -> RE909 | H81: Reichelt | I81: =IF(OR($A81="",$H81=""),"",IFERROR(IF(INDEX(Part_Suppliers!$C$2:$C$300,MATCH($A81&"|"&$H81,Part_Suppliers!$K$2:$K$300,0))=0,"",INDEX(Part_Suppliers!$C$2:$C$300,MATCH($A81&"|"&$H81,Part_Suppliers!$K$2:$K$300,0))),"")) -> RE 909 | J81: 0 | K81: 2 | L81: =IFERROR(IF(VLOOKUP($A81,Parts!$A$2:$M$200,8,FALSE())=0,"",VLOOKUP($A81,Parts!$A$2:$M$200,8,FALSE())),"") -> Bestand/Werkstatt | M81: =IFERROR(IF(VLOOKUP($A81,Parts!$A$2:$M$200,12,FALSE())=0,"",VLOOKUP($A81,Parts!$A$2:$M$200,12,FALSE())),"") -> Prototyping-Adapter, 8,6 × 13,2 mm; derzeit keinem Kit oder KiCad-BOM zugeordnet. | N81: 14.09.2026 | O81: nicht drucken | S81: =IF(O81="drucken",COUNTIF($O$5:O81,"drucken"),"")
A82: ENP-00078 | B82: =IFERROR(IF(VLOOKUP($A82,Parts!$A$2:$M$200,2,FALSE())=0,"",VLOOKUP($A82,Parts!$A$2:$M$200,2,FALSE())),"") -> Widerstand | C82: =IFERROR(IF(VLOOKUP($A82,Parts!$A$2:$M$200,3,FALSE())=0,"",VLOOKUP($A82,Parts!$A$2:$M$200,3,FALSE())),"") -> Metalloxidwiderstand 100 Ohm, 1 W, 5 % | D82: =IFERROR(IF(VLOOKUP($A82,Parts!$A$2:$M$200,4,FALSE())=0,"",VLOOKUP($A82,Parts!$A$2:$M$200,4,FALSE())),"") -> 100 Ω, 1 W, 5 %, 500 V | E82: =IFERROR(IF(VLOOKUP($A82,Parts!$A$2:$M$200,5,FALSE())=0,"",VLOOKUP($A82,Parts!$A$2:$M$200,5,FALSE())),"") -> Resistor_THT:R_Axial_DIN0207_L6.3mm_D2.5mm_P10.16mm_Horizontal | F82: =IFERROR(IF(VLOOKUP($A82,Parts!$A$2:$M$200,6,FALSE())=0,"",VLOOKUP($A82,Parts!$A$2:$M$200,6,FALSE())),"") -> VITROHM | G82: =IFERROR(IF(VLOOKUP($A82,Parts!$A$2:$M$200,7,FALSE())=0,"",VLOOKUP($A82,Parts!$A$2:$M$200,7,FALSE())),"") -> POS100JT-52-100RAA | H82: Reichelt | I82: =IF(OR($A82="",$H82=""),"",IFERROR(IF(INDEX(Part_Suppliers!$C$2:$C$300,MATCH($A82&"|"&$H82,Part_Suppliers!$K$2:$K$300,0))=0,"",INDEX(Part_Suppliers!$C$2:$C$300,MATCH($A82&"|"&$H82,Part_Suppliers!$K$2:$K$300,0))),"")) -> 1W 100 | J82: 0 | K82: 10 | L82: =IFERROR(IF(VLOOKUP($A82,Parts!$A$2:$M$200,8,FALSE())=0,"",VLOOKUP($A82,Parts!$A$2:$M$200,8,FALSE())),"") -> Bestand/Werkstatt | M82: =IFERROR(IF(VLOOKUP($A82,Parts!$A$2:$M$200,12,FALSE())=0,"",VLOOKUP($A82,Parts!$A$2:$M$200,12,FALSE())),"") -> Gegurteter THT-Metalloxidwiderstand, Bauform 0207; derzeit keinem Kit oder KiCad-BOM zugeordnet. | N82: ab Lager | O82: nicht drucken | S82: =IF(O82="drucken",COUNTIF($O$5:O82,"drucken"),"")
A83: ENP-00079 | B83: =IFERROR(IF(VLOOKUP($A83,Parts!$A$2:$M$200,2,FALSE())=0,"",VLOOKUP($A83,Parts!$A$2:$M$200,2,FALSE())),"") -> Widerstand | C83: =IFERROR(IF(VLOOKUP($A83,Parts!$A$2:$M$200,3,FALSE())=0,"",VLOOKUP($A83,Parts!$A$2:$M$200,3,FALSE())),"") -> Metalloxidwiderstand 100 kOhm, 1 W, 5 % | D83: =IFERROR(IF(VLOOKUP($A83,Parts!$A$2:$M$200,4,FALSE())=0,"",VLOOKUP($A83,Parts!$A$2:$M$200,4,FALSE())),"") -> 100 kΩ, 1 W, 5 %, 500 V | E83: =IFERROR(IF(VLOOKUP($A83,Parts!$A$2:$M$200,5,FALSE())=0,"",VLOOKUP($A83,Parts!$A$2:$M$200,5,FALSE())),"") -> Resistor_THT:R_Axial_DIN0207_L6.3mm_D2.5mm_P10.16mm_Horizontal | F83: =IFERROR(IF(VLOOKUP($A83,Parts!$A$2:$M$200,6,FALSE())=0,"",VLOOKUP($A83,Parts!$A$2:$M$200,6,FALSE())),"") -> VITROHM | G83: =IFERROR(IF(VLOOKUP($A83,Parts!$A$2:$M$200,7,FALSE())=0,"",VLOOKUP($A83,Parts!$A$2:$M$200,7,FALSE())),"") -> POS100JT-52-100KAA | H83: Reichelt | I83: =IF(OR($A83="",$H83=""),"",IFERROR(IF(INDEX(Part_Suppliers!$C$2:$C$300,MATCH($A83&"|"&$H83,Part_Suppliers!$K$2:$K$300,0))=0,"",INDEX(Part_Suppliers!$C$2:$C$300,MATCH($A83&"|"&$H83,Part_Suppliers!$K$2:$K$300,0))),"")) -> 1W 100K | J83: 0 | K83: 10 | L83: =IFERROR(IF(VLOOKUP($A83,Parts!$A$2:$M$200,8,FALSE())=0,"",VLOOKUP($A83,Parts!$A$2:$M$200,8,FALSE())),"") -> Bestand/Werkstatt | M83: =IFERROR(IF(VLOOKUP($A83,Parts!$A$2:$M$200,12,FALSE())=0,"",VLOOKUP($A83,Parts!$A$2:$M$200,12,FALSE())),"") -> Gegurteter THT-Metalloxidwiderstand, Bauform 0207; derzeit keinem Kit oder KiCad-BOM zugeordnet. | N83: ab Lager | O83: nicht drucken | S83: =IF(O83="drucken",COUNTIF($O$5:O83,"drucken"),"")
A84: ENP-00080 | B84: =IFERROR(IF(VLOOKUP($A84,Parts!$A$2:$M$200,2,FALSE())=0,"",VLOOKUP($A84,Parts!$A$2:$M$200,2,FALSE())),"") -> Steckverbinder | C84: =IFERROR(IF(VLOOKUP($A84,Parts!$A$2:$M$200,3,FALSE())=0,"",VLOOKUP($A84,Parts!$A$2:$M$200,3,FALSE())),"") -> WEIPU SP13 Gehäusebuchse, 2-polig | D84: =IFERROR(IF(VLOOKUP($A84,Parts!$A$2:$M$200,4,FALSE())=0,"",VLOOKUP($A84,Parts!$A$2:$M$200,4,FALSE())),"") -> 2-polig, Buchsenkontakte, IP68 gesteckt, Lötanschluss, Hinterwandmontage | E84: =IFERROR(IF(VLOOKUP($A84,Parts!$A$2:$M$200,5,FALSE())=0,"",VLOOKUP($A84,Parts!$A$2:$M$200,5,FALSE())),"") -> WEIPU SP13 Gehäusebuchse, 2-polig | F84: =IFERROR(IF(VLOOKUP($A84,Parts!$A$2:$M$200,6,FALSE())=0,"",VLOOKUP($A84,Parts!$A$2:$M$200,6,FALSE())),"") -> WEIPU | G84: =IFERROR(IF(VLOOKUP($A84,Parts!$A$2:$M$200,7,FALSE())=0,"",VLOOKUP($A84,Parts!$A$2:$M$200,7,FALSE())),"") -> SP1312/S2-N | H84: Noch festlegen | I84: =IF(OR($A84="",$H84=""),"",IFERROR(IF(INDEX(Part_Suppliers!$C$2:$C$300,MATCH($A84&"|"&$H84,Part_Suppliers!$K$2:$K$300,0))=0,"",INDEX(Part_Suppliers!$C$2:$C$300,MATCH($A84&"|"&$H84,Part_Suppliers!$K$2:$K$300,0))),"")) | J84: 0 | K84: 0 | L84: =IFERROR(IF(VLOOKUP($A84,Parts!$A$2:$M$200,8,FALSE())=0,"",VLOOKUP($A84,Parts!$A$2:$M$200,8,FALSE())),"") -> Gehäusemontage (offen) | M84: =IFERROR(IF(VLOOKUP($A84,Parts!$A$2:$M$200,12,FALSE())=0,"",VLOOKUP($A84,Parts!$A$2:$M$200,12,FALSE())),"") -> Passend zu Kabelstecker SP1310/P2-N (ENP-00081). 13 A / 250 V AC; Panel-Ausschnitt Ø13 mm. Einsatz und Pinbelegung im Kit festlegen. | O84: nicht drucken | S84: =IF(O84="drucken",COUNTIF($O$5:O84,"drucken"),"")
A85: ENP-00081 | B85: =IFERROR(IF(VLOOKUP($A85,Parts!$A$2:$M$200,2,FALSE())=0,"",VLOOKUP($A85,Parts!$A$2:$M$200,2,FALSE())),"") -> Steckverbinder | C85: =IFERROR(IF(VLOOKUP($A85,Parts!$A$2:$M$200,3,FALSE())=0,"",VLOOKUP($A85,Parts!$A$2:$M$200,3,FALSE())),"") -> WEIPU SP13 Kabelstecker, 2-polig | D85: =IFERROR(IF(VLOOKUP($A85,Parts!$A$2:$M$200,4,FALSE())=0,"",VLOOKUP($A85,Parts!$A$2:$M$200,4,FALSE())),"") -> 2-polig, Stiftkontakte, IP68 gesteckt, Lötanschluss | E85: =IFERROR(IF(VLOOKUP($A85,Parts!$A$2:$M$200,5,FALSE())=0,"",VLOOKUP($A85,Parts!$A$2:$M$200,5,FALSE())),"") -> WEIPU SP13 Kabelstecker, 2-polig | F85: =IFERROR(IF(VLOOKUP($A85,Parts!$A$2:$M$200,6,FALSE())=0,"",VLOOKUP($A85,Parts!$A$2:$M$200,6,FALSE())),"") -> WEIPU | G85: =IFERROR(IF(VLOOKUP($A85,Parts!$A$2:$M$200,7,FALSE())=0,"",VLOOKUP($A85,Parts!$A$2:$M$200,7,FALSE())),"") -> SP1310/P2-N | H85: Noch festlegen | I85: =IF(OR($A85="",$H85=""),"",IFERROR(IF(INDEX(Part_Suppliers!$C$2:$C$300,MATCH($A85&"|"&$H85,Part_Suppliers!$K$2:$K$300,0))=0,"",INDEX(Part_Suppliers!$C$2:$C$300,MATCH($A85&"|"&$H85,Part_Suppliers!$K$2:$K$300,0))),"")) | J85: 0 | K85: 0 | L85: =IFERROR(IF(VLOOKUP($A85,Parts!$A$2:$M$200,8,FALSE())=0,"",VLOOKUP($A85,Parts!$A$2:$M$200,8,FALSE())),"") -> Gehäusemontage (offen) | M85: =IFERROR(IF(VLOOKUP($A85,Parts!$A$2:$M$200,12,FALSE())=0,"",VLOOKUP($A85,Parts!$A$2:$M$200,12,FALSE())),"") -> Passend zu Gehäusebuchse SP1312/S2-N (ENP-00080). 13 A / 250 V AC. Standardvariante I für Kabel-Ø 4–6,5 mm; Variante II für 5–8 mm vor Bestellung prüfen. | O85: nicht drucken | S85: =IF(O85="drucken",COUNTIF($O$5:O85,"drucken"),"")
A86: ENP-00082 | B86: =IFERROR(IF(VLOOKUP($A86,Parts!$A$2:$M$200,2,FALSE())=0,"",VLOOKUP($A86,Parts!$A$2:$M$200,2,FALSE())),"") -> Steckverbinder | C86: =IFERROR(IF(VLOOKUP($A86,Parts!$A$2:$M$200,3,FALSE())=0,"",VLOOKUP($A86,Parts!$A$2:$M$200,3,FALSE())),"") -> WEIPU SP13 Gehäusestecker, 2-polig | D86: =IFERROR(IF(VLOOKUP($A86,Parts!$A$2:$M$200,4,FALSE())=0,"",VLOOKUP($A86,Parts!$A$2:$M$200,4,FALSE())),"") -> 2-polig, Stiftkontakte, IP68 gesteckt, Lötanschluss, Hinterwandmontage | E86: =IFERROR(IF(VLOOKUP($A86,Parts!$A$2:$M$200,5,FALSE())=0,"",VLOOKUP($A86,Parts!$A$2:$M$200,5,FALSE())),"") -> WEIPU SP13 Gehäusestecker, 2-polig | F86: =IFERROR(IF(VLOOKUP($A86,Parts!$A$2:$M$200,6,FALSE())=0,"",VLOOKUP($A86,Parts!$A$2:$M$200,6,FALSE())),"") -> WEIPU | G86: =IFERROR(IF(VLOOKUP($A86,Parts!$A$2:$M$200,7,FALSE())=0,"",VLOOKUP($A86,Parts!$A$2:$M$200,7,FALSE())),"") -> SP1312/P2-N | H86: Noch festlegen | I86: =IF(OR($A86="",$H86=""),"",IFERROR(IF(INDEX(Part_Suppliers!$C$2:$C$300,MATCH($A86&"|"&$H86,Part_Suppliers!$K$2:$K$300,0))=0,"",INDEX(Part_Suppliers!$C$2:$C$300,MATCH($A86&"|"&$H86,Part_Suppliers!$K$2:$K$300,0))),"")) | J86: 0 | K86: 0 | L86: =IFERROR(IF(VLOOKUP($A86,Parts!$A$2:$M$200,8,FALSE())=0,"",VLOOKUP($A86,Parts!$A$2:$M$200,8,FALSE())),"") -> Gehäusemontage (offen) | M86: =IFERROR(IF(VLOOKUP($A86,Parts!$A$2:$M$200,12,FALSE())=0,"",VLOOKUP($A86,Parts!$A$2:$M$200,12,FALSE())),"") -> Passend zu Kabelbuchse SP1310/S2-N (ENP-00083). 13 A / 250 V AC; Panel-Ausschnitt Ø13 mm. Einsatz und Pinbelegung im Kit festlegen. | O86: nicht drucken | S86: =IF(O86="drucken",COUNTIF($O$5:O86,"drucken"),"")
A87: ENP-00083 | B87: =IFERROR(IF(VLOOKUP($A87,Parts!$A$2:$M$200,2,FALSE())=0,"",VLOOKUP($A87,Parts!$A$2:$M$200,2,FALSE())),"") -> Steckverbinder | C87: =IFERROR(IF(VLOOKUP($A87,Parts!$A$2:$M$200,3,FALSE())=0,"",VLOOKUP($A87,Parts!$A$2:$M$200,3,FALSE())),"") -> WEIPU SP13 Kabelbuchse, 2-polig | D87: =IFERROR(IF(VLOOKUP($A87,Parts!$A$2:$M$200,4,FALSE())=0,"",VLOOKUP($A87,Parts!$A$2:$M$200,4,FALSE())),"") -> 2-polig, Buchsenkontakte, IP68 gesteckt, Lötanschluss | E87: =IFERROR(IF(VLOOKUP($A87,Parts!$A$2:$M$200,5,FALSE())=0,"",VLOOKUP($A87,Parts!$A$2:$M$200,5,FALSE())),"") -> WEIPU SP13 Kabelbuchse, 2-polig | F87: =IFERROR(IF(VLOOKUP($A87,Parts!$A$2:$M$200,6,FALSE())=0,"",VLOOKUP($A87,Parts!$A$2:$M$200,6,FALSE())),"") -> WEIPU | G87: =IFERROR(IF(VLOOKUP($A87,Parts!$A$2:$M$200,7,FALSE())=0,"",VLOOKUP($A87,Parts!$A$2:$M$200,7,FALSE())),"") -> SP1310/S2-N | H87: Noch festlegen | I87: =IF(OR($A87="",$H87=""),"",IFERROR(IF(INDEX(Part_Suppliers!$C$2:$C$300,MATCH($A87&"|"&$H87,Part_Suppliers!$K$2:$K$300,0))=0,"",INDEX(Part_Suppliers!$C$2:$C$300,MATCH($A87&"|"&$H87,Part_Suppliers!$K$2:$K$300,0))),"")) | J87: 0 | K87: 0 | L87: =IFERROR(IF(VLOOKUP($A87,Parts!$A$2:$M$200,8,FALSE())=0,"",VLOOKUP($A87,Parts!$A$2:$M$200,8,FALSE())),"") -> Gehäusemontage (offen) | M87: =IFERROR(IF(VLOOKUP($A87,Parts!$A$2:$M$200,12,FALSE())=0,"",VLOOKUP($A87,Parts!$A$2:$M$200,12,FALSE())),"") -> Passend zu Gehäusestecker SP1312/P2-N (ENP-00082). 13 A / 250 V AC. Standardvariante I für Kabel-Ø 4–6,5 mm; Variante II für 5–8 mm vor Bestellung prüfen. | O87: nicht drucken | S87: =IF(O87="drucken",COUNTIF($O$5:O87,"drucken"),"")
A88: ENP-00084 | B88: =IFERROR(IF(VLOOKUP($A88,Parts!$A$2:$M$200,2,FALSE())=0,"",VLOOKUP($A88,Parts!$A$2:$M$200,2,FALSE())),"") -> Steckverbinder | C88: =IFERROR(IF(VLOOKUP($A88,Parts!$A$2:$M$200,3,FALSE())=0,"",VLOOKUP($A88,Parts!$A$2:$M$200,3,FALSE())),"") -> WEIPU SP13 Gehäusebuchse, 4-polig | D88: =IFERROR(IF(VLOOKUP($A88,Parts!$A$2:$M$200,4,FALSE())=0,"",VLOOKUP($A88,Parts!$A$2:$M$200,4,FALSE())),"") -> 4-polig, Buchsenkontakte, IP68 gesteckt, Lötanschluss, Hinterwandmontage | E88: =IFERROR(IF(VLOOKUP($A88,Parts!$A$2:$M$200,5,FALSE())=0,"",VLOOKUP($A88,Parts!$A$2:$M$200,5,FALSE())),"") -> WEIPU SP13 Gehäusebuchse, 4-polig | F88: =IFERROR(IF(VLOOKUP($A88,Parts!$A$2:$M$200,6,FALSE())=0,"",VLOOKUP($A88,Parts!$A$2:$M$200,6,FALSE())),"") -> WEIPU | G88: =IFERROR(IF(VLOOKUP($A88,Parts!$A$2:$M$200,7,FALSE())=0,"",VLOOKUP($A88,Parts!$A$2:$M$200,7,FALSE())),"") -> SP1312/S4-N | H88: Noch festlegen | I88: =IF(OR($A88="",$H88=""),"",IFERROR(IF(INDEX(Part_Suppliers!$C$2:$C$300,MATCH($A88&"|"&$H88,Part_Suppliers!$K$2:$K$300,0))=0,"",INDEX(Part_Suppliers!$C$2:$C$300,MATCH($A88&"|"&$H88,Part_Suppliers!$K$2:$K$300,0))),"")) | J88: 0 | K88: 0 | L88: =IFERROR(IF(VLOOKUP($A88,Parts!$A$2:$M$200,8,FALSE())=0,"",VLOOKUP($A88,Parts!$A$2:$M$200,8,FALSE())),"") -> Gehäusemontage (offen) | M88: =IFERROR(IF(VLOOKUP($A88,Parts!$A$2:$M$200,12,FALSE())=0,"",VLOOKUP($A88,Parts!$A$2:$M$200,12,FALSE())),"") -> Passend zu Kabelstecker SP1310/P4-N (ENP-00085). 5 A / 200 V AC; Panel-Ausschnitt Ø13 mm. Vorgesehen für I2C/GPIO/Sensorik. | O88: nicht drucken | S88: =IF(O88="drucken",COUNTIF($O$5:O88,"drucken"),"")
A89: ENP-00085 | B89: =IFERROR(IF(VLOOKUP($A89,Parts!$A$2:$M$200,2,FALSE())=0,"",VLOOKUP($A89,Parts!$A$2:$M$200,2,FALSE())),"") -> Steckverbinder | C89: =IFERROR(IF(VLOOKUP($A89,Parts!$A$2:$M$200,3,FALSE())=0,"",VLOOKUP($A89,Parts!$A$2:$M$200,3,FALSE())),"") -> WEIPU SP13 Kabelstecker, 4-polig | D89: =IFERROR(IF(VLOOKUP($A89,Parts!$A$2:$M$200,4,FALSE())=0,"",VLOOKUP($A89,Parts!$A$2:$M$200,4,FALSE())),"") -> 4-polig, Stiftkontakte, IP68 gesteckt, Lötanschluss | E89: =IFERROR(IF(VLOOKUP($A89,Parts!$A$2:$M$200,5,FALSE())=0,"",VLOOKUP($A89,Parts!$A$2:$M$200,5,FALSE())),"") -> WEIPU SP13 Kabelstecker, 4-polig | F89: =IFERROR(IF(VLOOKUP($A89,Parts!$A$2:$M$200,6,FALSE())=0,"",VLOOKUP($A89,Parts!$A$2:$M$200,6,FALSE())),"") -> WEIPU | G89: =IFERROR(IF(VLOOKUP($A89,Parts!$A$2:$M$200,7,FALSE())=0,"",VLOOKUP($A89,Parts!$A$2:$M$200,7,FALSE())),"") -> SP1310/P4-N | H89: Noch festlegen | I89: =IF(OR($A89="",$H89=""),"",IFERROR(IF(INDEX(Part_Suppliers!$C$2:$C$300,MATCH($A89&"|"&$H89,Part_Suppliers!$K$2:$K$300,0))=0,"",INDEX(Part_Suppliers!$C$2:$C$300,MATCH($A89&"|"&$H89,Part_Suppliers!$K$2:$K$300,0))),"")) | J89: 0 | K89: 0 | L89: =IFERROR(IF(VLOOKUP($A89,Parts!$A$2:$M$200,8,FALSE())=0,"",VLOOKUP($A89,Parts!$A$2:$M$200,8,FALSE())),"") -> Gehäusemontage (offen) | M89: =IFERROR(IF(VLOOKUP($A89,Parts!$A$2:$M$200,12,FALSE())=0,"",VLOOKUP($A89,Parts!$A$2:$M$200,12,FALSE())),"") -> Passend zu Gehäusebuchse SP1312/S4-N (ENP-00084). 5 A / 200 V AC. Standardvariante I für Kabel-Ø 4–6,5 mm; Variante II für 5–8 mm vor Bestellung prüfen. | O89: nicht drucken | S89: =IF(O89="drucken",COUNTIF($O$5:O89,"drucken"),"")
A90: ENP-00086 | B90: =IFERROR(IF(VLOOKUP($A90,Parts!$A$2:$M$200,2,FALSE())=0,"",VLOOKUP($A90,Parts!$A$2:$M$200,2,FALSE())),"") -> Steckverbinder | C90: =IFERROR(IF(VLOOKUP($A90,Parts!$A$2:$M$200,3,FALSE())=0,"",VLOOKUP($A90,Parts!$A$2:$M$200,3,FALSE())),"") -> WEIPU SP13 Gehäusestecker, 4-polig | D90: =IFERROR(IF(VLOOKUP($A90,Parts!$A$2:$M$200,4,FALSE())=0,"",VLOOKUP($A90,Parts!$A$2:$M$200,4,FALSE())),"") -> 4-polig, Stiftkontakte, IP68 gesteckt, Lötanschluss, Hinterwandmontage | E90: =IFERROR(IF(VLOOKUP($A90,Parts!$A$2:$M$200,5,FALSE())=0,"",VLOOKUP($A90,Parts!$A$2:$M$200,5,FALSE())),"") -> WEIPU SP13 Gehäusestecker, 4-polig | F90: =IFERROR(IF(VLOOKUP($A90,Parts!$A$2:$M$200,6,FALSE())=0,"",VLOOKUP($A90,Parts!$A$2:$M$200,6,FALSE())),"") -> WEIPU | G90: =IFERROR(IF(VLOOKUP($A90,Parts!$A$2:$M$200,7,FALSE())=0,"",VLOOKUP($A90,Parts!$A$2:$M$200,7,FALSE())),"") -> SP1312/P4-N | H90: Noch festlegen | I90: =IF(OR($A90="",$H90=""),"",IFERROR(IF(INDEX(Part_Suppliers!$C$2:$C$300,MATCH($A90&"|"&$H90,Part_Suppliers!$K$2:$K$300,0))=0,"",INDEX(Part_Suppliers!$C$2:$C$300,MATCH($A90&"|"&$H90,Part_Suppliers!$K$2:$K$300,0))),"")) | J90: 0 | K90: 0 | L90: =IFERROR(IF(VLOOKUP($A90,Parts!$A$2:$M$200,8,FALSE())=0,"",VLOOKUP($A90,Parts!$A$2:$M$200,8,FALSE())),"") -> Gehäusemontage (offen) | M90: =IFERROR(IF(VLOOKUP($A90,Parts!$A$2:$M$200,12,FALSE())=0,"",VLOOKUP($A90,Parts!$A$2:$M$200,12,FALSE())),"") -> Passend zu Kabelbuchse SP1310/S4-N (ENP-00087). 5 A / 200 V AC; Panel-Ausschnitt Ø13 mm. Vorgesehen für I2C/GPIO/Sensorik. | O90: nicht drucken | S90: =IF(O90="drucken",COUNTIF($O$5:O90,"drucken"),"")
A91: ENP-00087 | B91: =IFERROR(IF(VLOOKUP($A91,Parts!$A$2:$M$200,2,FALSE())=0,"",VLOOKUP($A91,Parts!$A$2:$M$200,2,FALSE())),"") -> Steckverbinder | C91: =IFERROR(IF(VLOOKUP($A91,Parts!$A$2:$M$200,3,FALSE())=0,"",VLOOKUP($A91,Parts!$A$2:$M$200,3,FALSE())),"") -> WEIPU SP13 Kabelbuchse, 4-polig | D91: =IFERROR(IF(VLOOKUP($A91,Parts!$A$2:$M$200,4,FALSE())=0,"",VLOOKUP($A91,Parts!$A$2:$M$200,4,FALSE())),"") -> 4-polig, Buchsenkontakte, IP68 gesteckt, Lötanschluss | E91: =IFERROR(IF(VLOOKUP($A91,Parts!$A$2:$M$200,5,FALSE())=0,"",VLOOKUP($A91,Parts!$A$2:$M$200,5,FALSE())),"") -> WEIPU SP13 Kabelbuchse, 4-polig | F91: =IFERROR(IF(VLOOKUP($A91,Parts!$A$2:$M$200,6,FALSE())=0,"",VLOOKUP($A91,Parts!$A$2:$M$200,6,FALSE())),"") -> WEIPU | G91: =IFERROR(IF(VLOOKUP($A91,Parts!$A$2:$M$200,7,FALSE())=0,"",VLOOKUP($A91,Parts!$A$2:$M$200,7,FALSE())),"") -> SP1310/S4-N | H91: Noch festlegen | I91: =IF(OR($A91="",$H91=""),"",IFERROR(IF(INDEX(Part_Suppliers!$C$2:$C$300,MATCH($A91&"|"&$H91,Part_Suppliers!$K$2:$K$300,0))=0,"",INDEX(Part_Suppliers!$C$2:$C$300,MATCH($A91&"|"&$H91,Part_Suppliers!$K$2:$K$300,0))),"")) | J91: 0 | K91: 0 | L91: =IFERROR(IF(VLOOKUP($A91,Parts!$A$2:$M$200,8,FALSE())=0,"",VLOOKUP($A91,Parts!$A$2:$M$200,8,FALSE())),"") -> Gehäusemontage (offen) | M91: =IFERROR(IF(VLOOKUP($A91,Parts!$A$2:$M$200,12,FALSE())=0,"",VLOOKUP($A91,Parts!$A$2:$M$200,12,FALSE())),"") -> Passend zu Gehäusestecker SP1312/P4-N (ENP-00086). 5 A / 200 V AC. Standardvariante I für Kabel-Ø 4–6,5 mm; Variante II für 5–8 mm vor Bestellung prüfen. | O91: nicht drucken | S91: =IF(O91="drucken",COUNTIF($O$5:O91,"drucken"),"")
A92: ENP-00088 | B92: =IFERROR(IF(VLOOKUP($A92,Parts!$A$2:$M$200,2,FALSE())=0,"",VLOOKUP($A92,Parts!$A$2:$M$200,2,FALSE())),"") -> Steckverbinder | C92: =IFERROR(IF(VLOOKUP($A92,Parts!$A$2:$M$200,3,FALSE())=0,"",VLOOKUP($A92,Parts!$A$2:$M$200,3,FALSE())),"") -> DC-Einbaubuchse 5,5/2,1 mm – EnvNode 5-V-Versorgung | D92: =IFERROR(IF(VLOOKUP($A92,Parts!$A$2:$M$200,4,FALSE())=0,"",VLOOKUP($A92,Parts!$A$2:$M$200,4,FALSE())),"") -> 5,5 × 2,1 mm, 2-polig, 20 V DC / 10 A, Lötanschluss | E92: =IFERROR(IF(VLOOKUP($A92,Parts!$A$2:$M$200,5,FALSE())=0,"",VLOOKUP($A92,Parts!$A$2:$M$200,5,FALSE())),"") | F92: =IFERROR(IF(VLOOKUP($A92,Parts!$A$2:$M$200,6,FALSE())=0,"",VLOOKUP($A92,Parts!$A$2:$M$200,6,FALSE())),"") -> Delock | G92: =IFERROR(IF(VLOOKUP($A92,Parts!$A$2:$M$200,7,FALSE())=0,"",VLOOKUP($A92,Parts!$A$2:$M$200,7,FALSE())),"") -> 90174 | H92: Reichelt | I92: =IF(OR($A92="",$H92=""),"",IFERROR(IF(INDEX(Part_Suppliers!$C$2:$C$300,MATCH($A92&"|"&$H92,Part_Suppliers!$K$2:$K$300,0))=0,"",INDEX(Part_Suppliers!$C$2:$C$300,MATCH($A92&"|"&$H92,Part_Suppliers!$K$2:$K$300,0))),"")) -> DELOCK 90174 | J92: 0 | K92: 0 | L92: =IFERROR(IF(VLOOKUP($A92,Parts!$A$2:$M$200,8,FALSE())=0,"",VLOOKUP($A92,Parts!$A$2:$M$200,8,FALSE())),"") -> Gehäusemontage (offen) | M92: =IFERROR(IF(VLOOKUP($A92,Parts!$A$2:$M$200,12,FALSE())=0,"",VLOOKUP($A92,Parts!$A$2:$M$200,12,FALSE())),"") -> Für 5-V-Versorgung in trockener Umgebung. Passend für DC-Stecker 5,5/2,1 mm mit 9,5 oder 12 mm Stiftlänge. Polarität im Kit verbindlich festlegen, empfohlen: Plus am Innenkontakt. | O92: nicht drucken | S92: =IF(O92="drucken",COUNTIF($O$5:O92,"drucken"),"")
A93: ENP-00089 | B93: =IFERROR(IF(VLOOKUP($A93,Parts!$A$2:$M$200,2,FALSE())=0,"",VLOOKUP($A93,Parts!$A$2:$M$200,2,FALSE())),"") -> Steckverbinder | C93: =IFERROR(IF(VLOOKUP($A93,Parts!$A$2:$M$200,3,FALSE())=0,"",VLOOKUP($A93,Parts!$A$2:$M$200,3,FALSE())),"") -> USB-C-Buchse, 16-polig, USB 2.0, Top-Mount | D93: =IFERROR(IF(VLOOKUP($A93,Parts!$A$2:$M$200,4,FALSE())=0,"",VLOOKUP($A93,Parts!$A$2:$M$200,4,FALSE())),"") -> USB Type-C Receptacle, 16 Signalpins (+ 8 Dummy), 5 A, 48 V DC, SMD/TH, horizontal | E93: =IFERROR(IF(VLOOKUP($A93,Parts!$A$2:$M$200,5,FALSE())=0,"",VLOOKUP($A93,Parts!$A$2:$M$200,5,FALSE())),"") -> Connector_USB:USB_C_Receptacle_GCT_USB4105-xx-A_16P_TopMnt_Horizontal | F93: =IFERROR(IF(VLOOKUP($A93,Parts!$A$2:$M$200,6,FALSE())=0,"",VLOOKUP($A93,Parts!$A$2:$M$200,6,FALSE())),"") -> GCT | G93: =IFERROR(IF(VLOOKUP($A93,Parts!$A$2:$M$200,7,FALSE())=0,"",VLOOKUP($A93,Parts!$A$2:$M$200,7,FALSE())),"") -> USB4105-GF-A | H93: DigiKey | I93: =IF(OR($A93="",$H93=""),"",IFERROR(IF(INDEX(Part_Suppliers!$C$2:$C$300,MATCH($A93&"|"&$H93,Part_Suppliers!$K$2:$K$300,0))=0,"",INDEX(Part_Suppliers!$C$2:$C$300,MATCH($A93&"|"&$H93,Part_Suppliers!$K$2:$K$300,0))),"")) -> 2073-USB4105-GF-ACT-ND | J93: 0 | K93: 0 | L93: =IFERROR(IF(VLOOKUP($A93,Parts!$A$2:$M$200,8,FALSE())=0,"",VLOOKUP($A93,Parts!$A$2:$M$200,8,FALSE())),"") -> EnvNode Rev 0.2 | M93: =IFERROR(IF(VLOOKUP($A93,Parts!$A$2:$M$200,12,FALSE())=0,"",VLOOKUP($A93,Parts!$A$2:$M$200,12,FALSE())),"") -> Power-only mit Symbol Connector:USB_C_Receptacle_USB2.0_16P. Robuste Top-Mount-Ausführung mit vier durchkontaktierten Shield-/Haltezungen. D+/D− und SBU1/SBU2 NC; Shield an GND; CC1 und CC2 jeweils separat über 5,1 kΩ nach GND. | O93: nicht drucken | S93: =IF(O93="drucken",COUNTIF($O$5:O93,"drucken"),"")
A94: ENP-00090 | B94: =IFERROR(IF(VLOOKUP($A94,Parts!$A$2:$M$200,2,FALSE())=0,"",VLOOKUP($A94,Parts!$A$2:$M$200,2,FALSE())),"") -> Widerstand | C94: =IFERROR(IF(VLOOKUP($A94,Parts!$A$2:$M$200,3,FALSE())=0,"",VLOOKUP($A94,Parts!$A$2:$M$200,3,FALSE())),"") -> SMD-Widerstand 5,1 kOhm, 1 %, 1206 | D94: =IFERROR(IF(VLOOKUP($A94,Parts!$A$2:$M$200,4,FALSE())=0,"",VLOOKUP($A94,Parts!$A$2:$M$200,4,FALSE())),"") -> 5,1 kΩ, 1 %, 250 mW | E94: =IFERROR(IF(VLOOKUP($A94,Parts!$A$2:$M$200,5,FALSE())=0,"",VLOOKUP($A94,Parts!$A$2:$M$200,5,FALSE())),"") -> Resistor_SMD:R_1206_3216Metric_Pad1.30x1.75mm_HandSolder | F94: =IFERROR(IF(VLOOKUP($A94,Parts!$A$2:$M$200,6,FALSE())=0,"",VLOOKUP($A94,Parts!$A$2:$M$200,6,FALSE())),"") -> Vishay Dale | G94: =IFERROR(IF(VLOOKUP($A94,Parts!$A$2:$M$200,7,FALSE())=0,"",VLOOKUP($A94,Parts!$A$2:$M$200,7,FALSE())),"") -> CRCW12065K10FKEA | H94: DigiKey | I94: =IF(OR($A94="",$H94=""),"",IFERROR(IF(INDEX(Part_Suppliers!$C$2:$C$300,MATCH($A94&"|"&$H94,Part_Suppliers!$K$2:$K$300,0))=0,"",INDEX(Part_Suppliers!$C$2:$C$300,MATCH($A94&"|"&$H94,Part_Suppliers!$K$2:$K$300,0))),"")) -> 541-5.10KFCT-ND | J94: 0 | K94: 0 | L94: =IFERROR(IF(VLOOKUP($A94,Parts!$A$2:$M$200,8,FALSE())=0,"",VLOOKUP($A94,Parts!$A$2:$M$200,8,FALSE())),"") -> EnvNode Rev 0.2 | M94: =IFERROR(IF(VLOOKUP($A94,Parts!$A$2:$M$200,12,FALSE())=0,"",VLOOKUP($A94,Parts!$A$2:$M$200,12,FALSE())),"") -> Zwei Stück als getrennte Rd-Widerstände: je einer von CC1 bzw. CC2 nach GND; CC1 und CC2 nicht miteinander verbinden. | O94: nicht drucken | S94: =IF(O94="drucken",COUNTIF($O$5:O94,"drucken"),"")
A95: ENP-00091 | B95: =IFERROR(IF(VLOOKUP($A95,Parts!$A$2:$M$200,2,FALSE())=0,"",VLOOKUP($A95,Parts!$A$2:$M$200,2,FALSE())),"") -> Steckverbinder | C95: =IFERROR(IF(VLOOKUP($A95,Parts!$A$2:$M$200,3,FALSE())=0,"",VLOOKUP($A95,Parts!$A$2:$M$200,3,FALSE())),"") -> Präzisions-Buchsenleiste 1x8, 2,54 mm, gerade | D95: =IFERROR(IF(VLOOKUP($A95,Parts!$A$2:$M$200,4,FALSE())=0,"",VLOOKUP($A95,Parts!$A$2:$M$200,4,FALSE())),"") -> 1x8, 2,54 mm, THT, gerade, Präzisionskontakte, 3 A / 150 V | E95: =IFERROR(IF(VLOOKUP($A95,Parts!$A$2:$M$200,5,FALSE())=0,"",VLOOKUP($A95,Parts!$A$2:$M$200,5,FALSE())),"") -> Connector_PinSocket_2.54mm:PinSocket_1x08_P2.54mm_Vertical | F95: =IFERROR(IF(VLOOKUP($A95,Parts!$A$2:$M$200,6,FALSE())=0,"",VLOOKUP($A95,Parts!$A$2:$M$200,6,FALSE())),"") -> Binder MPE | G95: =IFERROR(IF(VLOOKUP($A95,Parts!$A$2:$M$200,7,FALSE())=0,"",VLOOKUP($A95,Parts!$A$2:$M$200,7,FALSE())),"") -> 115-1-008-1-0-MTF-XS0 | H95: Reichelt | I95: =IF(OR($A95="",$H95=""),"",IFERROR(IF(INDEX(Part_Suppliers!$C$2:$C$300,MATCH($A95&"|"&$H95,Part_Suppliers!$K$2:$K$300,0))=0,"",INDEX(Part_Suppliers!$C$2:$C$300,MATCH($A95&"|"&$H95,Part_Suppliers!$K$2:$K$300,0))),"")) -> MPE 115-1-008 | J95: 4 | K95: 0 | L95: =IFERROR(IF(VLOOKUP($A95,Parts!$A$2:$M$200,8,FALSE())=0,"",VLOOKUP($A95,Parts!$A$2:$M$200,8,FALSE())),"") -> Bestand/Werkstatt | M95: =IFERROR(IF(VLOOKUP($A95,Parts!$A$2:$M$200,12,FALSE())=0,"",VLOOKUP($A95,Parts!$A$2:$M$200,12,FALSE())),"") -> Gerade THT-Präzisionsbuchsenleiste mit gedrehten Kontakten; Höhe 7 mm, UL 94V-0, Temperaturbereich −55 bis +125 °C. Derzeit keinem Kit oder KiCad-BOM zugeordnet. | O95: drucken | S95: =IF(O95="drucken",COUNTIF($O$5:O95,"drucken"),"") -> 2
... A105: ENP-00101 | B105: =IFERROR(IF(VLOOKUP($A105,Parts!$A$2:$M$200,2,FALSE())=0,"",VLOOKUP($A105,Parts!$A$2:$M$200,2,FALSE())),"") -> Steckbrücke | C105: =IFERROR(IF(VLOOKUP($A105,Parts!$A$2:$M$200,3,FALSE())=0,"",VLOOKUP($A105,Parts!$A$2:$M$200,3,FALSE())),"") -> Kurzschlussbrücke 2,54 mm, schwarz, mit Grifflasche | D105: =IFERROR(IF(VLOOKUP($A105,Parts!$A$2:$M$200,4,FALSE())=0,"",VLOOKUP($A105,Parts!$A$2:$M$200,4,FALSE())),"") -> 2-polig, Raster 2,54 mm, vergoldet, schwarz, mit Grifflasche | E105: =IFERROR(IF(VLOOKUP($A105,Parts!$A$2:$M$200,5,FALSE())=0,"",VLOOKUP($A105,Parts!$A$2:$M$200,5,FALSE())),"") | F105: =IFERROR(IF(VLOOKUP($A105,Parts!$A$2:$M$200,6,FALSE())=0,"",VLOOKUP($A105,Parts!$A$2:$M$200,6,FALSE())),"") -> FREI | G105: =IFERROR(IF(VLOOKUP($A105,Parts!$A$2:$M$200,7,FALSE())=0,"",VLOOKUP($A105,Parts!$A$2:$M$200,7,FALSE())),"") | H105: Reichelt | I105: =IF(OR($A105="",$H105=""),"",IFERROR(IF(INDEX(Part_Suppliers!$C$2:$C$300,MATCH($A105&"|"&$H105,Part_Suppliers!$K$2:$K$300,0))=0,"",INDEX(Part_Suppliers!$C$2:$C$300,MATCH($A105&"|"&$H105,Part_Suppliers!$K$2:$K$300,0))),"")) -> JUMPER 2,54GL SW | J105: 9 | K105: 0 | L105: =IFERROR(IF(VLOOKUP($A105,Parts!$A$2:$M$200,8,FALSE())=0,"",VLOOKUP($A105,Parts!$A$2:$M$200,8,FALSE())),"") -> Bestand/Werkstatt | M105: =IFERROR(IF(VLOOKUP($A105,Parts!$A$2:$M$200,12,FALSE())=0,"",VLOOKUP($A105,Parts!$A$2:$M$200,12,FALSE())),"") -> Reichelt nennt keinen konkreten Hersteller und keine MPN. Lose Steckbrücke für 2,54-mm-Stiftleisten; derzeit keinem Kit oder KiCad-BOM zugeordnet. | O105: drucken | S105: =IF(O105="drucken",COUNTIF($O$5:O105,"drucken"),"") -> 12
S106: =IF(O106="drucken",COUNTIF($O$5:O106,"drucken"),"")
S107: =IF(O107="drucken",COUNTIF($O$5:O107,"drucken"),"")
S108: =IF(O108="drucken",COUNTIF($O$5:O108,"drucken"),"")
S109: =IF(O109="drucken",COUNTIF($O$5:O109,"drucken"),"")
S110: =IF(O110="drucken",COUNTIF($O$5:O110,"drucken"),"")
S111: =IF(O111="drucken",COUNTIF($O$5:O111,"drucken"),"")
S112: =IF(O112="drucken",COUNTIF($O$5:O112,"drucken"),"")
S113: =IF(O113="drucken",COUNTIF($O$5:O113,"drucken"),"")
S114: =IF(O114="drucken",COUNTIF($O$5:O114,"drucken"),"")
S115: =IF(O115="drucken",COUNTIF($O$5:O115,"drucken"),"")
S116: =IF(O116="drucken",COUNTIF($O$5:O116,"drucken"),"")
S117: =IF(O117="drucken",COUNTIF($O$5:O117,"drucken"),"")
... S500: =IF(O500="drucken",COUNTIF($O$5:O500,"drucken"),"")

Sheet Etiketten_Druck
