Workbook

Sheet Parts
A1: Part_ID | B1: Category | C1: Description | D1: Value_Rating | E1: Package_Footprint | F1: Manufacturer | G1: MPN | H1: Supplier | I1: Supplier_PN | J1: URL | K1: Unit_Price_EUR | L1: Purchase_Unit | M1: Packaging_Unit | N1: Found_In | O1: KiCad_References | P1: Source | Q1: Review_Status | R1: Notes | S1: Duplicate_Check_Key
A2: ENP-00001 | B2: Kabelsatz | C2: Set, SET JST-PH 4-polig 2.00mm vertikaler PCB-Stecker, Buchse THT | D2: JST-PH, 4-polig, Set | F2: JST | H2: eBay | J2: https://www.ebay.de/itm/175537690511?_skw=jst+ph+set&itmmeta=01M0AMR98NFGJV2FS30RR17BQ3&hash=item28dedc978f:g:A3kAAOSw229j0YAt&itmprp=enc%3AAQALAAAA0GfYFPkwiKCW4ZNSs2u11xAqJnJgTdJ%2FIJ1I2fxZKRMDiu6X0YrWY5D3w4DQOc5o%2FaOXGmcjIgTnzr6ZSr5vXhmBWytsd%2BVqmj0wzTE8DG%2BTs8RqbjdKpejAkG5A8BZqR0CHVQRoh5S5YInpcAcul6x8Wctn1VQHQBXPR%2FXsSs9oWck2%2BQ7koAWk9BEZEN9dagXH6v3Mmz5PHheo1V3%2ByPo1rz9Au%2BRLA4rvEIjR474lCC3Jyl3mD3occXmLZjl7i6IY9cBlKcCfkbIa4zkXYnk%3D%7Ctkp%3ABk9SR9aU4dSCaA | K2: 15.3 | L2: Stk | M2: 10 | N2: EnvNode | O2: GPIO's | P2: BOM_Mainboard.xlsx | Q2: OK | R2: GPIO-Anschlüsse; exakte Herstellerartikelnummer vor Bestellung gegen Footprint und Orientierung prüfen Set-Inhalt gegenüber dem separat aus KiCad abgeleiteten PCB-Header prüfen. | S2: =IF(G2<>"",UPPER(TRIM(G2)),UPPER(TRIM(C2&"|"&E2))) -> SET, SET JST-PH 4-POLIG 2.00MM VERTIKALER PCB-STECKER, BUCHSE THT|
A3: ENP-00002 | B3: Kabelsatz | C3: Qwiic/JST-SH, 4-poliges Pigtail JST | D3: JST-SH/Qwiic, 4-polig | F3: JST | H3: eBay | J3: https://www.ebay.de/itm/173373182853?var=472082388514&mkevt=1&mkcid=1&mkrid=707-53477-19255-0&campid=5338900900&toolid=20006&_ul=DE&customid=56357.a3ed6a6e290d515ebd3c2719dda804fc89ac0aba&gclid=Cj0KCQjwkOvTBhDgARIsAKUNyRushMKf0tSoocu00ZtebiM-JK-GbXhf7yKDhPSZVdsZL-EEyywLbIcaAndsEALw_wcB&gbraid=0AAAAAqbaHat7Q_3DRZ3ZEIWwp68U1IjOi&adtype=pla&loc_physical_ms=9041684 | K3: 6.69 | L3: Stk | M3: 10 | N3: EnvNode | O3: I2CA0 1-3 I2C1 1-3 | P3: BOM_Mainboard.xlsx | Q3: OK | R3: Qwiic-Konvention: GND=schwarz, 3V3=rot, SDA=blau, SCL=gelb; Kabelbelegung vor Anschluss prüfen Pigtail ist ein Beschaffungsartikel und nicht der PCB-Steckverbinder. | S3: =IF(G3<>"",UPPER(TRIM(G3)),UPPER(TRIM(C3&"|"&E3))) -> QWIIC/JST-SH, 4-POLIGES PIGTAIL JST|
A4: ENP-00003 | B4: Steckverbinder | C4: PinSocket 1x4, 2.54 mm | D4: 1x4, 2,54 mm | E4: PinSocket_1x04_P2.54mm_Vertical | F4: fischer Elektronik | G4: 10120946 | H4: reichelt | I4: BKL 10120946 | J4: https://www.reichelt.de/de/de/shop/produkt/buchsenleiste_2_54mm_1x4_gerade-266671 | K4: 0.81 | L4: Stk | N4: EnvNode; RainDetector | O4: EnvNode I2C0_4,I2C1_4; RainDetector J3,J4 | P4: BOM_Mainboard.xlsx | Q4: OK | R4: Für interne Qwiic-Breakouts; Bauhöhe und Ausführung passend zur Mechanik wählen | S4: =IF(G4<>"",UPPER(TRIM(G4)),UPPER(TRIM(C4&"|"&E4))) -> 10120946
A5: ENP-00004 | B5: Steckverbinder | C5: PinSocket 1x20, 2.54mm, cut to 19 Pins | D5: 1x20, 2,54 mm, trennbar | F5: fischer Elektronik | G5: BL1.20 G | H5: reichelt | I5: FIS BL1 20 G | J5: https://www.reichelt.de/de/de/shop/produkt/buchsenleiste_2_54mm_1x20_trennbar_vergoldet-283787 | K5: 2.55 | L5: Stk | N5: EnvNode | O5: ESP32 | P5: BOM_Mainboard.xlsx | Q5: OK | R5: Für ESP32-DevKitC mit 38 Pins; alternativ eine geeignete 38-Pin-ESP32-Fassung verwenden | S5: =IF(G5<>"",UPPER(TRIM(G5)),UPPER(TRIM(C5&"|"&E5))) -> BL1.20 G
A6: ENP-00005 | B6: Widerstand | C6: 4.7 kOhm 1% SMD 1206 | D6: 4,7 kΩ, 1 %, 250 mW | E6: Resistor_SMD:R_1206_3216Metric_Pad1.30x1.75mm_HandSolder | F6: Vishay | G6: CRCW12064K70FKEA | H6: reichelt | I6: VIS CRCW12064K7 | J6: https://www.reichelt.de/de/de/shop/produkt/smd-widerstand_1206_4_7_kohm_250_mw_1_-238119 | K6: 0.15 | L6: Stk | N6: EnvNode; EnvNodeMini Rev 0.2; AnalogInput Rev 0.1; AnalogHydroPressure | O6: EnvNode R1-R4; EnvNodeMini Rev 0.2 R1-R4; AnalogInput Rev 0.1 R2; AnalogHydroPressure R2 | P6: BOM_Mainboard.xlsx | Q6: OK | R6: I2C-Pull-ups für die beiden I2C-Busse | S6: =IF(G6<>"",UPPER(TRIM(G6)),UPPER(TRIM(C6&"|"&E6))) -> CRCW12064K70FKEA
A7: ENP-00006 | B7: Kondensator | C7: 100 nF Keramik SMD | D7: 100 nF, 10 %, X7R, 100 V | E7: Capacitor_SMD:C_1206_3216Metric_Pad1.33x1.80mm_HandSolder | F7: Kyocera | G7: C1206F104K1RACTU | H7: reichelt | I7: KEM X7R1206A100N | J7: https://www.reichelt.de/de/de/shop/produkt/vielschicht_kerko_1206_100_nf_10_x7r_100_v_125_c-207151 | K7: 0.24 | L7: Stk | M7: 10 | N7: EnvNode; EnvNodeMini Rev 0.2; AnalogHydroPressure; RainDetector; SolarRadiation; Empty FullSize/HalfSize SMD/THT; DuoRelay Rev 0.2 | O7: EnvNode C3,C4; EnvNodeMini Rev 0.2 C1,C4,C5; AnalogHydroPressure C1,C3,C8; RainDetector C1; SolarRadiation C1; Empty-Boards C1; DuoRelay Rev 0.2 C1 | P7: BOM_Mainboard.xlsx | Q7: OK | R7: Spannungsfestigkeit, Dielektrikum und Bauform vor Bestellung gegen Schaltplan und Footprint prüfen; C1 ist in allen vier aktuellen Empty-Schemata derzeit DNP; C1 ist im aktuellen DuoRelay-Schema derzeit DNP | S7: =IF(G7<>"",UPPER(TRIM(G7)),UPPER(TRIM(C7&"|"&E7))) -> C1206F104K1RACTU
A8: ENP-00007 | B8: Kondensator | C8: 10 uF Keramik SMD | D8: 10 µF, 25 V, X7R | E8: Capacitor_SMD:C_1206_3216Metric_Pad1.33x1.80mm_HandSolder | F8: Kyocera AVX | G8: 12063C106KAT2A | H8: reichelt | I8: 12063C106KAT2A | J8: https://www.reichelt.de/de/de/shop/produkt/mlcc_1206_10_f_25_v_-10_x7r-409262 | K8: 0.11 | L8: Stk | M8: 10 | N8: EnvNode; EnvNodeMini Rev 0.2 | O8: EnvNode C1; EnvNodeMini Rev 0.2 C2 | P8: BOM_Mainboard.xlsx | Q8: OK | R8: Spannungsfestigkeit, Dielektrikum und Bauform vor Bestellung gegen Schaltplan und Footprint prüfen | S8: =IF(G8<>"",UPPER(TRIM(G8)),UPPER(TRIM(C8&"|"&E8))) -> 12063C106KAT2A
A9: ENP-00008 | B9: Kondensator | C9: 47 uF 10V Tantal | D9: 47 µF, 10 V | E9: Capacitor_Tantalum_SMD:CP_EIA-3528-21_Kemet-B | F9: Kyocera AVX | G9: TAJB476K010RNJ | H9: reichelt | I9: TAJ 3528 47/10 | J9: https://www.reichelt.de/de/de/shop/produkt/smd-tantal_kondensator_47_f_10_v-167014 | K9: 0.29 | L9: Stk | N9: EnvNode; EnvNodeMini Rev 0.2 | O9: EnvNode C2; EnvNodeMini Rev 0.2 C3 | P9: BOM_Mainboard.xlsx | Q9: OK | R9: Polarisiert; Bauform B | S9: =IF(G9<>"",UPPER(TRIM(G9)),UPPER(TRIM(C9&"|"&E9))) -> TAJB476K010RNJ
A10: ENP-00009 | B10: Spannungsregler | C10: LDO 3.3V SOT-223 | D10: 3,3 V, 1 A | E10: Package_TO_SOT_SMD:SOT-223-3_TabPin2 | F10: Texas Instruments | G10: LM3940IMP-3.3/NOPB | H10: reichelt | I10: LM 3940 IMP-3 | J10: https://www.reichelt.de/de/de/shop/produkt/ldo-spannungsregler_fix_3_3_vout_1_a_sot-223-109407?search=LM3940%2520& | K10: 1 | L10: Stk | M10: 3 | N10: EnvNode; EnvNodeMini Rev 0.2 | O10: EnvNode U1; EnvNodeMini Rev 0.2 U3 | P10: BOM_Mainboard.xlsx | Q10: OK | R10: Footprint und thermische Auslegung vor Bestückung prüfen | S10: =IF(G10<>"",UPPER(TRIM(G10)),UPPER(TRIM(C10&"|"&E10))) -> LM3940IMP-3.3/NOPB
A11: ENP-00010 | B11: Entwicklungsmodul | C11: ESP32-DevKitC | D11: 38 Pin | E11: PCM_Espressif:ESP32-DevKitC | F11: Espressif Systems | K11: 5 | L11: Stk | M11: 3 | N11: EnvNode; EnvNodeMini Rev 0.2 | O11: EnvNode U2; EnvNodeMini Rev 0.2 U1 | P11: BOM_Mainboard.xlsx | Q11: OK | R11: Exakte Modulvariante und Pinout vor Bestückung prüfen Hersteller/MPN aus verschobenen Altdaten korrigiert; genaue DevKitC-Variante fehlt. | S11: =IF(G11<>"",UPPER(TRIM(G11)),UPPER(TRIM(C11&"|"&E11))) -> ESP32-DEVKITC|PCM_ESPRESSIF:ESP32-DEVKITC
A12: ENP-00011 | B12: PCB | C12: EnvNode Mainboard Rev 0.1 | D12: Revision 0.1 | F12: JLCPCB | H12: JLCPCB | J12: https://jlcpcb.com/file/download?uuid=eef69d2d694441c8ab71168d8447cb4c&businessType=example | K12: 7.85 | L12: Stk | N12: EnvNode | P12: BOM_Mainboard.xlsx | Q12: OK | R12: Unbestückte Leiterplatte; SMD-Lötjumper sind PCB-Strukturen und keine Kaufteile Historische PCB-Revision; aktueller KiCad-Stand ist Revision 0.2. | S12: =IF(G12<>"",UPPER(TRIM(G12)),UPPER(TRIM(C12&"|"&E12))) -> ENVNODE MAINBOARD REV 0.1|
A13: ENP-00012 | B13: Steckverbinder | C13: JST - Stiftleiste, gerade, 1x2-polig - PH | D13: JST-PH, 2-polig, 2,00 mm | E13: Connector_JST:JST_PH_B2B-PH-K_1x02_P2.00mm_Vertical | F13: JST | G13: B2B-PH-K-S | H13: reichelt | I13: JST PH2P ST | J13: https://www.reichelt.de/de/de/shop/produkt/jst_-_stiftleiste_gerade_1x2-polig_-_ph-185049 | K13: 1.3 | L13: Stk | N13: EnvNode; EnvNodeMini Rev 0.2 | O13: EnvNode J1; EnvNodeMini Rev 0.2 J1 | P13: BOM_Mainboard.xlsx | Q13: OK | S13: =IF(G13<>"",UPPER(TRIM(G13)),UPPER(TRIM(C13&"|"&E13))) -> B2B-PH-K-S
A14: ENP-00013 | B14: MOSFET | C14: MOSFET, N-Ch 30V 5,7A 0,018R, SOT-23 | D14: N-Kanal, 30 V, 5,7 A | E14: Package_TO_SOT_SMD:SOT-23 | F14: Alpha&Omega Semiconductor | G14: AO3400A | H14: reichelt | I14: AO3400A | J14: https://www.reichelt.de/de/de/shop/produkt/mosfet_n-ch_30v_5_7a_0_018r_sot-23-166490 | K14: 0.18 | L14: Stk | N14: RainDetector | O14: Q1 | P14: BOM_Mainboard.xlsx | Q14: OK | S14: =IF(G14<>"",UPPER(TRIM(G14)),UPPER(TRIM(C14&"|"&E14))) -> AO3400A
A15: ENP-00014 | B15: Sensormodul | C15: Arduino - Temperatur- & Feuchtigkeitssensor, SHTC3 | D15: SHTC3 Breakout | F15: Soldered | G15: 333032 | H15: reichelt | I15: DEBO SENS SHTC3 | J15: https://www.reichelt.de/de/de/shop/produkt/arduino_-_temperatur-_feuchtigkeitssensor_shtc3-375947 | K15: 5.3 | L15: Stk | N15: Sensor | P15: BOM_Mainboard.xlsx | Q15: OK | S15: =IF(G15<>"",UPPER(TRIM(G15)),UPPER(TRIM(C15&"|"&E15))) -> 333032
A16: ENP-00015 | B16: Entwicklungsmodul | C16: Entwicklerboards - ADC, 4 Kanal, 16-Bit, ADS1115 | D16: ADS1115 Breakout, 4 Kanal, 16 Bit | F16: Soldered | G16: 333095 | H16: reichelt | I16: DEBO ADC 16BIT | J16: https://www.reichelt.de/de/de/shop/produkt/entwicklerboards_-_adc_4_kanal_16-bit_ads1115-372499?search=ADS1115&#open-modal-image-big-slider | K16: 8.85 | L16: Stk | N16: A/D Wandler | P16: BOM_Mainboard.xlsx | Q16: OK | S16: =IF(G16<>"",UPPER(TRIM(G16)),UPPER(TRIM(C16&"|"&E16))) -> 333095
A17: ENP-00016 | B17: Widerstand | C17: SMD-Widerstand, 1206, 100 kOhm, 250 mW, 0,1% | D17: 100 kΩ, 0,1 %, 250 mW | E17: Resistor_SMD:R_1206_3216Metric_Pad1.30x1.75mm_HandSolder | F17: Panasonic | G17: ERA8AEB104V | H17: reichelt | I17: PAN ERA8AEB104V | J17: https://www.reichelt.de/de/de/shop/produkt/smd-widerstand_1206_100_kohm_250_mw_0_1_-238081 | K17: 0.83 | L17: Stk | N17: RainDetector; DuoRelay; AnalogHydroPressure | O17: RainDetector R2,R4; DuoRelay R3,R4; AnalogHydroPressure R7 | P17: BOM_Mainboard.xlsx | Q17: OK | R17: Lieferanten-Bestellnummer in der Altdatei enthält vermischte Angaben. | S17: =IF(G17<>"",UPPER(TRIM(G17)),UPPER(TRIM(C17&"|"&E17))) -> ERA8AEB104V
A18: ENP-00017 | B18: Widerstand | C18: SMD-Widerstand, 1206, 100 Ohm, 250 mW, 5% | D18: 100 Ω, 5 %, 250 mW | E18: Resistor_SMD:R_1206_3216Metric_Pad1.30x1.75mm_HandSolder | F18: YAGEO | G18: RC1206JR-07100RL | H18: reichelt | I18: SMD 1/4W 100 | J18: https://www.reichelt.de/de/de/shop/produkt/smd-widerstand_1206_100_ohm_250_mw_5_-18242 | K18: 0.06 | L18: Stk | N18: RainDetector; SolarRadiation | O18: RainDetector R1; SolarRadiation R2 | P18: BOM_Mainboard.xlsx | Q18: OK | S18: =IF(G18<>"",UPPER(TRIM(G18)),UPPER(TRIM(C18&"|"&E18))) -> RC1206JR-07100RL
A19: ENP-00018 | B19: Widerstand | C19: SMD-Widerstand, 1206, 10 kOhm, 250 mW, 0,1% | D19: 10 kΩ, 0,1 %, 250 mW | E19: Resistor_SMD:R_1206_3216Metric_Pad1.30x1.75mm_HandSolder | F19: Panasonic | G19: ERA8AEB103V | H19: reichelt | I19: PAN ERA8AEB103V | J19: https://www.reichelt.de/de/de/shop/produkt/smd-widerstand_1206_10_kohm_250_mw_0_1_-238080 | K19: 0.75 | L19: Stk | N19: RainDetector | O19: R3 | P19: BOM_Mainboard.xlsx | Q19: OK | R19: Offensichtlich zusammengesetzte MPN aus Altdaten normalisiert. | S19: =IF(G19<>"",UPPER(TRIM(G19)),UPPER(TRIM(C19&"|"&E19))) -> ERA8AEB103V
A20: ENP-00019 | B20: Steckverbinder | C20: Stiftleiste, 8-polig, Raster 2,54mm | D20: 1x8, 2,54 mm | E20: Connector_PinHeader_2.54mm:PinHeader_1x08_P2.54mm_Vertical | F20: BKL Electronic | G20: 10120505 | H20: reichelt | I20: BKL 10120505 | J20: https://www.reichelt.de/de/de/shop/produkt/stiftleiste_8-polig_raster_2_54mm-235656 | K20: 0.31 | L20: Stk | N20: RainDetector | O20: J1,J2 | P20: BOM_Mainboard.xlsx | Q20: OK | S20: =IF(G20<>"",UPPER(TRIM(G20)),UPPER(TRIM(C20&"|"&E20))) -> 10120505
A21: ENP-00020 | B21: IC | C21: Timer-IC, Typ 555, SO-8 | D21: CMOS 555 | E21: Package_SO:SOIC-8_3.9x4.9mm_P1.27mm | F21: Renesas | G21: ICM7555IBAZ | H21: reichelt | I21: ICM 7555 IBAZ | J21: https://www.reichelt.de/de/de/shop/produkt/timer-ic_typ_555_so-8-188889 | K21: 1.1 | L21: Stk | N21: RainDetector | O21: U1 | P21: BOM_Mainboard.xlsx | Q21: OK | S21: =IF(G21<>"",UPPER(TRIM(G21)),UPPER(TRIM(C21&"|"&E21))) -> ICM7555IBAZ
A22: ENP-00021 | B22: Steckverbinder | C22: PinSocket 1x8, 2,54mm SMD | D22: 1x8, 2,54 mm, SMD | F22: fischer Elektronik | G22: BL 3 8 G | H22: reichelt | I22: FIS BL 3 8G | J22: https://www.reichelt.de/de/de/shop/produkt/buchsenleiste_1-reihig_1_x_8_-_2_54_mm-407106#open-modal-image-big-slider | K22: 1.7 | L22: Stk | N22: Detector | P22: BOM_Mainboard.xlsx | Q22: OK | S22: =IF(G22<>"",UPPER(TRIM(G22)),UPPER(TRIM(C22&"|"&E22))) -> BL 3 8 G
A23: ENP-00022 | B23: Widerstand | C23: SMD-Widerstand, 1206, 47 Ohm, 250 mW, 5% | D23: 47 Ω | E23: Resistor_SMD:R_1206_3216Metric_Pad1.30x1.75mm_HandSolder | F23: RND components | G23: RND 1551206S4J0470T5E | H23: reichelt | I23: RND 1551206 AF | J23: https://www.reichelt.de/de/de/shop/produkt/smd-widerstand_1206_47_ohm_250_mw_5_-250359 | K23: 0.02 | L23: Stk | N23: Detector | P23: BOM_Mainboard.xlsx | Q23: OK | S23: =IF(G23<>"",UPPER(TRIM(G23)),UPPER(TRIM(C23&"|"&E23))) -> RND 1551206S4J0470T5E
A24: ENP-00023 | B24: Relais | C24: Steck-Printrelais, 1 CO, 6 A, 5 V DC sensitiv | D24: 5 V, 1 Wechsler, 6 A | E24: Relay_THT:Relay_SPDT_Finder_34.51_Vertical | F24: finder | G24: 34.51.7.005.0010 | H24: reichelt | I24: FIN 34.51.7 5V | J24: https://www.reichelt.de/de/de/shop/produkt/steck-printrelais_1_co_6_a_5_v_dc_sensitiv-259179?PROVID=2788&gad_source=1&gad_campaignid=21154720511&gbraid=0AAAAADwnxtb50MtqKwtKae8MAeGQARqWX&gclid=CjwKCAjw7p_UBhBlEiwAhpIs72D6cK8XQyuxcrvb0uftoYY3618BT3lTyYSWWSou1J99G9udBcpsbhoCJbcQAvD_BwE | K24: 5.8 | L24: Stk | N24: DuoRelay | O24: K1,K2 | P24: BOM_Mainboard.xlsx | Q24: OK | S24: =IF(G24<>"",UPPER(TRIM(G24)),UPPER(TRIM(C24&"|"&E24))) -> 34.51.7.005.0010
A25: ENP-00024 | B25: IC | C25: I²C-EEPROM 2 Kbit mit vorprogrammierter EUI-64 und zwei Adresspins | D25: 2 Kbit, I²C, EUI-64, A0/A1, 1,7–5,5 V | E25: Package_TO_SOT_SMD:SOT-23-6 | F25: Microchip Technology | G25: 24AA025E64T-I/OT | L25: Stk | N25: EnvNode; EnvNodeMini Rev 0.2; Empty FullSize/HalfSize SMD/THT; DuoRelay; AnalogHydroPressure | O25: EnvNode U3; EnvNodeMini Rev 0.2 U2; Empty-Boards U1; DuoRelay U1; AnalogHydroPressure U1 | P25: KiCad; Microchip datasheet DS20002124G | Q25: OK | R25: Gemeinsamer Identifikations-EEPROM für alle Boards. Frühere Lieferantendaten gehörten zur falschen SPI-Version 25AA02E64T-I/OT und wurden entfernt; Bezugsquelle, Bestellnummer und Preis neu ergänzen. Auf Modulboards derzeit DNP.; In allen vier aktuellen Empty-Schemata derzeit DNP; A1 liegt an +3V3_SYS, A0 wird über J1 herausgeführt; U1 ist in den aktuellen DuoRelay- und AnalogHydroPressure-Schemata derzeit DNP | S25: =IF(G25<>"",UPPER(TRIM(G25)),UPPER(TRIM(C25&"|"&E25))) -> 24AA025E64T-I/OT
A26: ENP-00025 | B26: Steckverbinder | C26: JST-PH Stiftleiste, 4-polig, vertikal | D26: 4-polig, 2,00 mm | E26: Connector_JST:JST_PH_B4B-PH-K_1x04_P2.00mm_Vertical | F26: JST | G26: B4B-PH-K-S | H26: reichelt | I26: JST PH4P ST | J26: https://www.reichelt.de/de/de/shop/produkt/jst_-_stiftleiste_gerade_1x4-polig_-_ph-185051?PROVID=2788&gad_source=1&gad_campaignid=21154720511&gbraid=0AAAAADwnxtY1nWJSSrFeiIcYv9xLkqyFk&gclid=Cj0KCQjwnbrUBhDOARIsAKKhPpe2Az4gP1hQm4ZAaF5_8h_A8xPRV2yb28WCjCf626YJKTgCMxHQlnYaAjcNEALw_wcB | K26: 0.17 | L26: Stk | N26: EnvNode | O26: GPIO4, GPIO13-19, GPIO23, GPIO32-36, GPIO39 | P26: KiCad | Q26: OK | R26: Mögliche Überschneidung mit dem vorhandenen JST-PH-Set prüfen. | S26: =IF(G26<>"",UPPER(TRIM(G26)),UPPER(TRIM(C26&"|"&E26))) -> B4B-PH-K-S
A27: ENP-00026 | B27: Steckverbinder | C27: JST-SH Stiftleiste, 4-polig, horizontal | D27: 4-polig, 1,00 mm | E27: Connector_JST:JST_SH_SM04B-SRSS-TB_1x04-1MP_P1.00mm_Horizontal | F27: JST | G27: SM04B-SRSS-TB | H27: rs-online | I27: 515-1513 | J27: https://de.rs-online.com/web/p/leiterplatten-header/5151513?cm_mmc=DE-PLA-DS3A-_-google-_-CSS_DE_DE_PMAX_Catch+All-_--_-5151513&matchtype=&&gclsrc=aw.ds&gad_source=1&gad_campaignid=20579356490&gbraid=0AAAAADkeWNMTclazDyI9zcjcIGwAjXoW9&gclid=Cj0KCQjwnbrUBhDOARIsAKKhPpdLcMySAoEWll9Yd6dc_BCjxUsLFQOO7peTYM0DUy9ctvB7N_5s3bUaAoLZEALw_wcB | K27: 0.58 | L27: Stk | M27: 10 | N27: EnvNode; EnvNodeMini Rev 0.2; SolarRadiation | O27: EnvNode I2C0_1-3,I2C1_1-3; EnvNodeMini Rev 0.2 J4,J5; SolarRadiation I2C1 | P27: KiCad | Q27: OK | R27: MPN-Suffix und Verpackungsform festlegen; nicht mit Qwiic-Pigtail zusammenführen. | S27: =IF(G27<>"",UPPER(TRIM(G27)),UPPER(TRIM(C27&"|"&E27))) -> SM04B-SRSS-TB
A28: ENP-00027 | B28: IC | C28: 16-Bit ADC mit I²C | D28: ADS1115IDGS | E28: Package_SO:TSSOP-10_3x3mm_P0.5mm | F28: Texas Instruments | G28: ADS1115IDGS | L28: Stk | N28: AnalogInput; SolarRadiation; AnalogHydroPressure | O28: jeweils U1; AnalogHydroPressure U2 | P28: KiCad | Q28: OK | R28: Nicht mit dem vorhandenen ADS1115-Entwicklungsboard zusammenführen. | S28: =IF(G28<>"",UPPER(TRIM(G28)),UPPER(TRIM(C28&"|"&E28))) -> ADS1115IDGS
A29: ENP-00028 | B29: Kondensator | C29: Keramikkondensator 1 µF SMD | D29: 1 µF | E29: Capacitor_SMD:C_1206_3216Metric_Pad1.33x1.80mm_HandSolder | F29: Kyocera | G29: 12065C105JAT2A | H29: reichelt | I29: 12065C105JAT2A | J29: https://www.reichelt.de/de/de/shop/produkt/mlcc_1206_1_f_50_v_-5_x7r-409277 | K29: 0.16 | L29: Stk | N29: AnalogInput; AnalogHydroPressure | O29: C1; AnalogHydroPressure C4,C7 | P29: KiCad | Q29: OK | S29: =IF(G29<>"",UPPER(TRIM(G29)),UPPER(TRIM(C29&"|"&E29))) -> 12065C105JAT2A
A30: ENP-00029 | B30: Diode | C30: Dual-Schottky-Diode BAT54S | D30: BAT54S | E30: Package_TO_SOT_SMD:SOT-23 | F30: Diotec | G30: BAT54S | H30: reichelt | I30: BAT 54S DIO | J30: https://www.reichelt.de/de/de/shop/produkt/schottkydiode_30_v_0_2_a_sot-23-219176 | K30: 0.04 | L30: Stk | N30: AnalogInput; AnalogHydroPressure | O30: D1; AnalogHydroPressure D1 | P30: KiCad | Q30: OK | R30: Aktuelles AnalogHydroPressure verwendet SOT-23 und stimmt damit mit dem Artikel-Footprint überein; Gehäuse der bestellten Variante dennoch prüfen. | S30: =IF(G30<>"",UPPER(TRIM(G30)),UPPER(TRIM(C30&"|"&E30))) -> BAT54S
A31: ENP-00030 | B31: Steckverbinder | C31: Buchsenleiste 2x4, vertikal | D31: 2x4, 2,54 mm | E31: PinSocket_2x04_P2.54mm_Vertical / EnvNode Bottom-Variante | L31: Stk | N31: Legacy Rev 0.1: EnvNodeMini; AnalogInput; DuoRelay | O31: AnalogInput J1,J2; DuoRelay J1,J2; EnvNodeMini J1,J2,J4,J5 | P31: KiCad | Q31: Legacy | R31: Legacy-Artikel für die Modulsteckverbindung Rev 0.1; nicht für die aktuellen 2x7-Steckplätze verwenden. | S31: =IF(G31<>"",UPPER(TRIM(G31)),UPPER(TRIM(C31&"|"&E31))) -> BUCHSENLEISTE 2X4, VERTIKAL|PINSOCKET_2X04_P2.54MM_VERTICAL / ENVNODE BOTTOM-VARIANTE
A32: ENP-00031 | B32: Steckverbinder | C32: Buchsenleiste 1x2, vertikal | D32: 1x2, 2,54 mm | E32: Connector_PinSocket_2.54mm:PinSocket_1x02_P2.54mm_Vertical | L32: Stk | N32: AnalogInput; AnalogHydroPressure | O32: J3; AnalogHydroPressure J3 | P32: KiCad | Q32: Legacy | S32: =IF(G32<>"",UPPER(TRIM(G32)),UPPER(TRIM(C32&"|"&E32))) -> BUCHSENLEISTE 1X2, VERTIKAL|CONNECTOR_PINSOCKET_2.54MM:PINSOCKET_1X02_P2.54MM_VERTICAL
A33: ENP-00032 | B33: Widerstand | C33: Widerstand, Metallschicht, 150 Ohm, 0207, 250 mW, 0,1% | D33: 150 Ω, 0,1 %, ≤25 ppm/K, >0,125 W | E33: Resistor_THT:R_Axial_DIN0207_L6.3mm_D2.5mm_P7.62mm_Horizontal | F33: Arcol | G33: MRA0207 150R B 15PPM TA | H33: reichelt | I33: ARC MRA0207 150R | J33: https://www.reichelt.de/de/de/shop/produkt/widerstand_metallschicht_150_ohm_0207_250_mw_0_1_-237515 | K33: 1.3 | L33: Stk | N33: AnalogInput; AnalogHydroPressure | O33: R1; AnalogHydroPressure R3 | P33: KiCad | Q33: OK | S33: =IF(G33<>"",UPPER(TRIM(G33)),UPPER(TRIM(C33&"|"&E33))) -> MRA0207 150R B 15PPM TA
A34: ENP-00033 | B34: Diode | C34: Schnelle Schaltdiode 1N4148W | D34: 1N4148W | E34: Diode_SMD:D_SOD-123 | F34: Diotec | G34: 1N4148W | H34: reichelt | I34: 1N 4148W DIO | J34: https://www.reichelt.de/de/de/shop/produkt/kleinsignal-schalt-diode_100_v_150_ma_sod-123-219382 | K34: 0.02 | L34: Stk | N34: DuoRelay | O34: D1,D2 | P34: KiCad | Q34: OK | S34: =IF(G34<>"",UPPER(TRIM(G34)),UPPER(TRIM(C34&"|"&E34))) -> 1N4148W
A35: ENP-00034 | B35: Steckverbinder | C35: Schraubklemme 1x3, horizontal | D35: 3-polig, 5,08 mm | E35: TerminalBlock_Phoenix:TerminalBlock_Phoenix_MKDS-3-3-5.08_1x03_P5.08mm_Horizontal | F35: Phoenix Contact | L35: Stk | N35: DuoRelay | O35: J3,J4 | P35: KiCad | Q35: OK | R35: Exakte Hersteller-MPN ergänzen. | S35: =IF(G35<>"",UPPER(TRIM(G35)),UPPER(TRIM(C35&"|"&E35))) -> SCHRAUBKLEMME 1X3, HORIZONTAL|TERMINALBLOCK_PHOENIX:TERMINALBLOCK_PHOENIX_MKDS-3-3-5.08_1X03_P5.08MM_HORIZONTAL
A36: ENP-00035 | B36: Transistor | C36: NPN-Transistor BC817 | D36: BC817 | E36: Package_TO_SOT_SMD:SOT-23_Handsoldering | F36: Diotec | G36: BC817 | H36: reichelt | I36: BC 817-25 DIO | J36: https://www.reichelt.de/de/de/shop/produkt/bipolartransistor_npn_45v_0_5a_0_25w_sot-23-219186 | K36: 0.02 | L36: Stk | N36: DuoRelay | O36: Q1,Q2 | P36: KiCad | Q36: OK | S36: =IF(G36<>"",UPPER(TRIM(G36)),UPPER(TRIM(C36&"|"&E36))) -> BC817
A37: ENP-00036 | B37: Widerstand | C37: Widerstand 1 kΩ SMD | D37: 1 kΩ | E37: Resistor_SMD:R_1206_3216Metric_Pad1.30x1.75mm_HandSolder | F37: Vishay | G37: CRCW12061K00FKEA | H37: reichelt | I37: VIS CRCW12061K0 | J37: https://www.reichelt.de/de/de/shop/produkt/smd-widerstand_1206_1_0_kohm_250_mw_1_-238107?PROVID=2788&gad_source=1&gad_campaignid=1622074784&gbraid=0AAAAADwnxtbRDWe6ThqPkANhw_ak4jWBw&gclid=Cj0KCQjwnbrUBhDOARIsAKKhPpdctdiA6tqULvTn2sTUS6FqmJC1_J6HoVQmYOjjMGhSPlfi9dK4bSQaAmesEALw_wcB | K37: 0.14 | L37: Stk | N37: DuoRelay | O37: R1,R2 | P37: KiCad | Q37: OK | S37: =IF(G37<>"",UPPER(TRIM(G37)),UPPER(TRIM(C37&"|"&E37))) -> CRCW12061K00FKEA
A38: ENP-00037 | B38: Kondensator | C38: Elektrolytkondensator 47 µF radial | D38: 47 µF, 50 V | E38: Capacitor_SMD:CP_Elec_6.3x7.7 | F38: Europe ChemiCon | G38: HHXC500ARA470MHA0G | H38: reichelt | I38: ECC HXC500ARA470 | J38: https://www.reichelt.de/de/de/shop/produkt/elko_smd_47_f_50v_105_c_4000h_aec-q200-289252 | K38: 0.61 | L38: Stk | N38: EnvNodeMini Rev 0.1 | O38: EnvNodeMini Rev 0.1 C1 | P38: KiCad | Q38: OK | S38: =IF(G38<>"",UPPER(TRIM(G38)),UPPER(TRIM(C38&"|"&E38))) -> HHXC500ARA470MHA0G
A39: ENP-00038 | B39: Diode | C39: Schottky-Diode STPS3L60S | D39: B360B-13-F | E39: Diode_SMD:D_SMB_Handsoldering | F39: Diodes | G39: STPS3L60S | H39: reichelt | I39: B360B-13-F DII | J39: https://www.reichelt.de/de/de/shop/produkt/gleichrichterdiode_60_v_3_a_smb-216725 | K39: 0.25 | L39: Stk | N39: EnvNodeMini Rev 0.1 | O39: EnvNodeMini Rev 0.1 D1 | P39: KiCad | Q39: OK | S39: =IF(G39<>"",UPPER(TRIM(G39)),UPPER(TRIM(C39&"|"&E39))) -> STPS3L60S
A40: ENP-00039 | B40: Schutzdiode | C40: TVS-Diode SMBJ24A | D40: 24 V | E40: Diode_SMD:D_SMB_Handsoldering | F40: Littelfuse | G40: SMBJ24A | H40: reichelt | I40: P6SMB 24A SMD | J40: https://www.reichelt.de/de/de/shop/produkt/tvs-diode_unidirectional_24_v_600_w_do-214aa_smb-204320 | K40: 0.3 | L40: Stk | N40: EnvNodeMini Rev 0.1 | O40: EnvNodeMini Rev 0.1 D2 | P40: KiCad | Q40: OK | S40: =IF(G40<>"",UPPER(TRIM(G40)),UPPER(TRIM(C40&"|"&E40))) -> SMBJ24A
A41: ENP-00040 | B41: Sicherung | C41: Sicherung 2 A | D41: 2 A | E41: Fuse:Fuse_Littelfuse-NANO2-451_453 | F41: Littelfuse | L41: Stk | N41: EnvNodeMini Rev 0.1 | O41: EnvNodeMini Rev 0.1 F1 | P41: KiCad | Q41: Legacy | R41: Exakte Serie/MPN und Auslösecharakteristik ergänzen. | S41: =IF(G41<>"",UPPER(TRIM(G41)),UPPER(TRIM(C41&"|"&E41))) -> SICHERUNG 2 A|FUSE:FUSE_LITTELFUSE-NANO2-451_453
A42: ENP-00041 | B42: Steckverbinder | C42: Schraubklemme 1x2, horizontal | D42: 2-polig, 5,00 mm | E42: TerminalBlock_RND:TerminalBlock_RND_205-00001_1x02_P5.00mm_Horizontal | F42: RND | G42: 205-00001 | L42: Stk | N42: EnvNodeMini Rev 0.1 | O42: EnvNodeMini Rev 0.1 J3 | P42: KiCad | Q42: Legacy | S42: =IF(G42<>"",UPPER(TRIM(G42)),UPPER(TRIM(C42&"|"&E42))) -> 205-00001
A43: ENP-00042 | B43: DC/DC-Wandler | C43: Schaltreglermodul 5 V | D43: TSR 1-2450 | E43: Converter_DCDC:Converter_DCDC_TRACO_TSR-1_THT | F43: Traco Power | G43: TSR 1-2450 | H43: reichelt | I43: TSR 1-2450 | J43: https://www.reichelt.de/de/de/shop/produkt/dc_dc-wandler_tsr-1_1_w_5_v_1000_ma_sil_to-220-116850 | K43: 6.85 | L43: Stk | N43: EnvNodeMini Rev 0.1 | O43: EnvNodeMini Rev 0.1 U3 | P43: KiCad | Q43: OK | S43: =IF(G43<>"",UPPER(TRIM(G43)),UPPER(TRIM(C43&"|"&E43))) -> TSR 1-2450
A44: ENP-00043 | B44: DC/DC-Wandler | C44: Schaltreglermodul 3,3 V | D44: TSR 1-2433 | E44: Converter_DCDC:Converter_DCDC_TRACO_TSR-1_THT | F44: Traco Power | G44: TSR 1-2433 | H44: reichelt | I44: TSR 1-2433 | J44: https://www.reichelt.de/de/de/shop/produkt/dc_dc-wandler_tsr-1_1_w_3_3_v_1000_ma_sil_to-220-116849?search=TSR-1-2433& | K44: 6.85 | L44: Stk | N44: EnvNodeMini Rev 0.1 | O44: EnvNodeMini Rev 0.1 U4 | P44: KiCad | Q44: OK | R44: KiCad-Library-ID basiert auf TSR_1-2450; Wert und tatsächliches Teil prüfen. | S44: =IF(G44<>"",UPPER(TRIM(G44)),UPPER(TRIM(C44&"|"&E44))) -> TSR 1-2433
A45: ENP-00044 | B45: Kondensator | C45: Keramikkondensator 10 nF SMD | D45: 10 nF | E45: Capacitor_SMD:C_1206_3216Metric_Pad1.33x1.80mm_HandSolder | F45: Kyocera | G45: 12061C103JAT2A | H45: reichelt | I45: 12061C103JAT2A | J45: https://www.reichelt.de/de/de/shop/produkt/mlcc_1206_10_nf_100_v_-5_x7r-409237 | K45: 0.12 | L45: Stk | N45: SolarRadiation | O45: C2 | P45: KiCad | Q45: OK | S45: =IF(G45<>"",UPPER(TRIM(G45)),UPPER(TRIM(C45&"|"&E45))) -> 12061C103JAT2A
A46: ENP-00045 | B46: Widerstand | C46: Widerstand, Metallschicht, 2 Ohm, 0207, 600 mW, 0,1% | D46: 2 Ω | E46: Resistor_THT:R_Axial_DIN0207_L6.3mm_D2.5mm_P7.62mm_Horizontal | F46: Yageo | G46: MF0207FTE52-2R | H46: reichelt | I46: METALL 2,00 | J46: https://www.reichelt.de/de/de/shop/produkt/widerstand_metallschicht_2_0_ohm_0207_0_6_w_1_-11577 | K46: 0.08 | L46: Stk | N46: SolarRadiation | O46: R1 | P46: KiCad | Q46: OK | S46: =IF(G46<>"",UPPER(TRIM(G46)),UPPER(TRIM(C46&"|"&E46))) -> MF0207FTE52-2R
A47: ENP-00046 | B47: Solarzelle | C47: Solarzelle KXOB25-14X1F-TB | D47: KXOB25-14X1F-TB | E47: EnvNode-Footprints:KXOB25-14X1F | G47: KXOB25-14X1F-TB | L47: Stk | N47: SolarRadiation | O47: SC1 | P47: KiCad | Q47: Prüfen | S47: =IF(G47<>"",UPPER(TRIM(G47)),UPPER(TRIM(C47&"|"&E47))) -> KXOB25-14X1F-TB
A48: ENP-00047 | B48: Sensor-IC | C48: Temperatursensor TMP100 | D48: TMP100 | E48: Package_TO_SOT_SMD:SOT-23-6 | F48: Texas Instruments | G48: TMP100 | L48: Stk | N48: SolarRadiation | O48: U2 | P48: KiCad | Q48: Prüfen | R48: Vollständige bestellbare MPN einschließlich Genauigkeits-/Gehäusevariante ergänzen. | S48: =IF(G48<>"",UPPER(TRIM(G48)),UPPER(TRIM(C48&"|"&E48))) -> TMP100
A49: ENP-00048 | B49: PCB | C49: EnvNode Mainboard PCB | D49: Revision 0.2 | E49: PCB: EnvNode.kicad_pcb | H49: JLCPCB | L49: Stk | N49: EnvNode | P49: KiCad | Q49: Prüfen | R49: Aktueller KiCad-Stand; Fertiger und konkrete Fertigungsvariante festlegen. | S49: =IF(G49<>"",UPPER(TRIM(G49)),UPPER(TRIM(C49&"|"&E49))) -> ENVNODE MAINBOARD PCB|PCB: ENVNODE.KICAD_PCB
A50: ENP-00049 | B50: PCB | C50: EnvNode Mini PCB | D50: Revision 0.1 | E50: PCB: EnvNodeMini.kicad_pcb | L50: Stk | N50: EnvNodeMini Rev 0.1 | P50: KiCad | Q50: Legacy | R50: Legacy-Leiterplatte Revision 0.1; für Revision 0.2 existiert ein eigener Artikel. | S50: =IF(G50<>"",UPPER(TRIM(G50)),UPPER(TRIM(C50&"|"&E50))) -> ENVNODE MINI PCB|PCB: ENVNODEMINI.KICAD_PCB
A51: ENP-00050 | B51: PCB | C51: AnalogInput HalfSize PCB | D51: Revision 0.1 | E51: PCB: AnalogInput.kicad_pcb | L51: Stk | N51: AnalogInput | P51: KiCad | Q51: Legacy | R51: Fertiger und konkrete Fertigungsvariante festlegen. | S51: =IF(G51<>"",UPPER(TRIM(G51)),UPPER(TRIM(C51&"|"&E51))) -> ANALOGINPUT HALFSIZE PCB|PCB: ANALOGINPUT.KICAD_PCB
A52: ENP-00051 | B52: PCB | C52: DuoRelay FullSize PCB Rev 0.1 | D52: Revision 0.1 | E52: PCB: DuoRelay.kicad_pcb | L52: Stk | N52: DuoRelay Rev 0.1 | P52: KiCad | Q52: Legacy | R52: Legacy-Leiterplatte Revision 0.1; der aktuelle KiCad-Stand ist Revision 0.2 und besitzt einen eigenen Artikel. | S52: =IF(G52<>"",UPPER(TRIM(G52)),UPPER(TRIM(C52&"|"&E52))) -> DUORELAY FULLSIZE PCB REV 0.1|PCB: DUORELAY.KICAD_PCB
A53: ENP-00052 | B53: PCB | C53: SolarRadiation PCB | D53: Revision 0.1 | E53: PCB: SolarRadiation.kicad_pcb | L53: Stk | N53: SolarRadiation | P53: KiCad | Q53: OK | R53: Fertiger und konkrete Fertigungsvariante festlegen. | S53: =IF(G53<>"",UPPER(TRIM(G53)),UPPER(TRIM(C53&"|"&E53))) -> SOLARRADIATION PCB|PCB: SOLARRADIATION.KICAD_PCB
A54: ENP-00053 | B54: PCB | C54: RainDetector PCB | D54: Revision 1.0 | E54: PCB: Raindetector.kicad_pcb | K54: 1.73 | L54: Stk | N54: RainDetector | P54: KiCad | Q54: OK | R54: Fertiger und konkrete Fertigungsvariante festlegen. | S54: =IF(G54<>"",UPPER(TRIM(G54)),UPPER(TRIM(C54&"|"&E54))) -> RAINDETECTOR PCB|PCB: RAINDETECTOR.KICAD_PCB
A55: ENP-00054 | B55: Steckverbinder | C55: Buchsenleiste 2x7, 2,54 mm, vertikal | D55: 2x7, 2,54 mm, THT, vertikal, vergoldet, Bauhöhe 8,4 mm | E55: Connector_PinSocket_2.54mm:PinSocket_2x07_P2.54mm_Vertical | F55: Würth Elektronik | G55: 61301421821 | H55: DigiKey | I55: 732-61301421821-ND | J55: https://www.digikey.de/de/products/detail/w%C3%BCrth-elektronik/61301421821/16608590 | K55: 0.56 | L55: Stk | N55: EnvNodeMini Rev 0.2 | O55: J2,J3 | P55: KiCad; Würth Produktkatalog; DigiKey, abgerufen 2026-09-01 | Q55: OK | R55: Würth WR-PHD Dual Socket Header, 14 Kontakte, 2,54 mm, THT, vergoldet, 3 A/250 V AC. Der generische KiCad-Footprint bildet Raster und THT-Anordnung ab; Gehäusekontur/Courtyard sind nicht herstellerspezifisch. | S55: BUCHSENLEISTE 2X7 2,54 MM VERTIKAL|CONNECTOR_PINSOCKET_2.54MM:PINSOCKET_2X07_P2.54MM_VERTICAL
A56: ENP-00055 | B56: Diode | C56: Schottky-Diode SS14, SMA | D56: SS14, 1 A, 40 V, UF max. 0,5 V, IFSM 40 A | E56: Diode_SMD:D_SMA | F56: Vishay | G56: SS14-E3/61T | H56: reichelt | I56: SS 14 VIS | J56: https://www.reichelt.de/de/de/shop/produkt/schottkydiode_40_v_1_a_do-214ac-219612 | K56: 0.18 | L56: Stk | N56: EnvNodeMini Rev 0.2 | O56: D1,D2 | P56: KiCad; Vishay; Reichelt, abgerufen 2026-09-01 | Q56: OK | R56: Vishay Schottky-Gleichrichter im DO-214AC-/SMA-Gehäuse, 40 V Sperrspannung, 1 A Dauerstrom, 40 A Stoßstrom und Temperaturbereich −65 bis +150 °C. D1 entkoppelt +3V3_EXT, D2 entkoppelt +3V3_DEVKIT; beide speisen mit der Kathode +3V3_SYS. Zwei Stück je EnvNode Mini Rev 0.2. | S56: SS14-E3/61T
A57: ENP-00056 | B57: Kondensator | C57: Elektrolytkondensator 10 µF SMD | D57: 10 µF, ±20 %, 25 V, 85 °C, 2000 h | E57: Capacitor_SMD:CP_Elec_5x5.4 | F57: Panasonic | G57: EEE1EA100SR | H57: reichelt | I57: S-V 10U 25 | J57: https://www.reichelt.de/de/de/shop/produkt/smd-elko_10_f_-20_25_v_85_5_x_5_4_mm-228459 | K57: 0.18 | L57: Stk | N57: EnvNodeMini Rev 0.2 | O57: C6 | P57: KiCad; Panasonic; Reichelt, abgerufen 2026-09-01 | Q57: OK | R57: Panasonic SMD-Aluminium-Elektrolytkondensator, 10 µF ±20 %, 25 V, 85 °C, 2000 h. Abmessungen Ø 5,0 × 5,4 mm passen exakt zum zugewiesenen KiCad-Footprint. C6 liegt zwischen +3V3_SYS und GND; 25 V bieten deutliche Spannungsreserve. Polarität beachten. | S57: EEE1EA100SR
A58: ENP-00057 | B58: PCB | C58: EnvNode Mini PCB Rev 0.2 | D58: Revision 0.2 | E58: PCB: MainBoards/EnvNode Mini/EnvNode Mini.kicad_pcb | H58: JLCPCB | L58: Stk | N58: EnvNodeMini Rev 0.2 | P58: KiCad | Q58: OK | R58: Aktueller KiCad-Stand; Fertiger und konkrete Fertigungsvariante festlegen. | S58: ENVNODE MINI PCB REV 0.2|PCB: MAINBOARDS/ENVNODE MINI/ENVNODE MINI.KICAD_PCB
A59: ENP-00058 | B59: Steckverbinder | C59: Stiftleiste 2x7, 2,54 mm, SMD | D59: 2x7, 2,54 mm, SMD, vertikal, vergoldet, 6,0 mm Stecklänge | E59: EnvNode-Footprints:J_Wurth_WR-PHD_61031421121 | F59: Würth Elektronik | G59: 61031421121 | H59: DigiKey | I59: 732-61031421121CT-ND | J59: https://www.digikey.de/de/products/detail/w%C3%BCrth-elektronik/61031421121/4846903 | K59: 2.31 | L59: Stk | N59: Empty FullSize/HalfSize SMD | O59: J1 | P59: KiCad; Würth Datenblatt; DigiKey, abgerufen 2026-09-01 | Q59: OK | R59: Würth WR-PHD SMD-Stiftleiste, 14 Kontakte, 2,54 mm, vergoldet, 3 A/250 V. Exakter Artikel für den Projekt-Footprint J_Wurth_WR-PHD_61031421121. Einzelpreis Gurtabschnitt, Stand 2026-09-01; Preis und Verfügbarkeit vor Bestellung prüfen. | S59: 61031421121
A60: ENP-00059 | B60: Steckverbinder | C60: Stiftleiste 2x7, 2,54 mm, vertikal, Bottom-Mount | D60: 2x7, 2,54 mm, THT, vertikal, vergoldet, 6,1 mm Stecklänge, 3,0 mm Lötstift | E60: EnvNode-Footprints:PinHeader_2x07_P2.54mm_Vertical_Bottom | F60: ECON Connect | G60: SL14G2 | H60: Reichelt | I60: ECON SL14G2 | J60: https://www.reichelt.de/de/de/shop/produkt/stiftleiste_2_x_7_polig_gerade_rastermass_2_54_mm-404299 | K60: 0.3 | L60: Stk | N60: Empty FullSize/HalfSize THT; DuoRelay Rev 0.2; AnalogHydroPressure | O60: J1; DuoRelay Rev 0.2 J1; AnalogHydroPressure J1 | P60: KiCad; ECON Connect Datenblatt; Reichelt, abgerufen 2026-09-01 | Q60: OK | R60: Standard-THT-Stiftleiste mit 11,6 mm Gesamtlänge, vergoldeten Kontakten und 3 A Nennstrom. Die Bestückung von der Modulunterseite und die dafür passende Pinorientierung werden durch den Projekt-Footprint PinHeader_2x07_P2.54mm_Vertical_Bottom festgelegt. Einzelpreis inkl. MwSt., Stand 2026-09-01; Preis und Verfügbarkeit vor Bestellung prüfen. | S60: STIFTLEISTE 2X7 2,54 MM THT BOTTOM|ENVNODE-FOOTPRINTS:PINHEADER_2X07_P2.54MM_VERTICAL_BOTTOM
A61: ENP-00060 | B61: PCB | C61: Empty FullSize SMD PCB | D61: Revision offen | E61: PCB: Modules/FullSize/Empty-SMD/Empty-SMD.kicad_pcb | L61: Stk | N61: Empty FullSize SMD | P61: KiCad | Q61: OK | R61: Aktueller KiCad-Stand; Revision, Fertiger und konkrete Fertigungsvariante festlegen. | S61: EMPTY FULLSIZE SMD PCB|PCB: MODULES/FULLSIZE/EMPTY-SMD/EMPTY-SMD.KICAD_PCB
A62: ENP-00061 | B62: PCB | C62: Empty FullSize THT PCB | D62: Revision offen | E62: PCB: Modules/FullSize/Empty-THT/Empty-THT.kicad_pcb | L62: Stk | N62: Empty FullSize THT | P62: KiCad | Q62: OK | R62: Aktueller KiCad-Stand; Revision, Fertiger und konkrete Fertigungsvariante festlegen. | S62: EMPTY FULLSIZE THT PCB|PCB: MODULES/FULLSIZE/EMPTY-THT/EMPTY-THT.KICAD_PCB
A63: ENP-00062 | B63: PCB | C63: Empty HalfSize SMD PCB | D63: Revision offen | E63: PCB: Modules/HalfSize/Empty-SMD/Empty-SMD.kicad_pcb | L63: Stk | N63: Empty HalfSize SMD | P63: KiCad | Q63: OK | R63: Aktueller KiCad-Stand; Revision, Fertiger und konkrete Fertigungsvariante festlegen. | S63: EMPTY HALFSIZE SMD PCB|PCB: MODULES/HALFSIZE/EMPTY-SMD/EMPTY-SMD.KICAD_PCB
A64: ENP-00063 | B64: PCB | C64: Empty HalfSize THT PCB | D64: Revision offen | E64: PCB: Modules/HalfSize/Empty-THT/Empty-THT.kicad_pcb | L64: Stk | N64: Empty HalfSize THT | P64: KiCad | Q64: OK | R64: Aktueller KiCad-Stand; Revision, Fertiger und konkrete Fertigungsvariante festlegen. | S64: EMPTY HALFSIZE THT PCB|PCB: MODULES/HALFSIZE/EMPTY-THT/EMPTY-THT.KICAD_PCB
A65: ENP-00064 | B65: LED | C65: LED SMD 1206, rot | D65: Hyperrot, 645 nm, 250 mcd, 140°, Vf 2,0–2,5 V, IF max. 30 mA | E65: LED_SMD:LED_1206_3216Metric_Pad1.42x1.75mm_HandSolder | F65: Kingbright | G65: KP-3216SURC | H65: reichelt | I65: KBT KP-3216SURC | J65: https://www.reichelt.de/de/de/shop/produkt/smd-led_1206_hyper-rot_250_mcd_645_nm_140_-231713 | K65: 0.11 | L65: Stk | N65: DuoRelay Rev 0.2 | O65: D3,D4 | P65: KiCad; Kingbright; Reichelt, abgerufen 2026-09-01 | Q65: OK | R65: Kingbright SMD-LED im 1206-/3216-Gehäuse, hyperrot, 250 mcd, 140° Abstrahlwinkel, Bauhöhe 1,1 mm. Im DuoRelay liegen D3/D4 über je 1,5 kΩ an +5 V; bei etwa 2 V Vorwärtsspannung fließen rund 2 mA. | S65: KP-3216SURC
A66: ENP-00065 | B66: Widerstand | C66: Widerstand 1,5 kΩ SMD | D66: 1,5 kΩ, 1 %, 0,25 W, 1206 | E66: Resistor_SMD:R_1206_3216Metric_Pad1.30x1.75mm_HandSolder | F66: Vishay | G66: CRCW12061K50FKEA | H66: Reichelt | I66: VIS CRCW12061K5 | J66: https://www.reichelt.de/de/de/shop/produkt/smd-widerstand_1206_1_5_kohm_250_mw_1_-238108 | K66: 0.14 | L66: Stk | N66: DuoRelay Rev 0.2 | O66: R5,R6 | P66: KiCad; Reichelt, abgerufen 2026-09-01 | Q66: OK | R66: Exakt passend als Vorwiderstand der Relais-LEDs. Einzelpreis, Stand 2026-09-01; Preis und Verfügbarkeit vor Bestellung prüfen. | S66: 1,5 KOHM|RESISTOR_SMD:R_1206_3216METRIC_PAD1.30X1.75MM_HANDSOLDER
A67: ENP-00066 | B67: PCB | C67: DuoRelay FullSize PCB Rev 0.2 | D67: Revision 0.2 | E67: PCB: Modules/FullSize/DuoRelay/DuoRelay.kicad_pcb | H67: JLCPCB | L67: Stk | N67: DuoRelay Rev 0.2 | P67: KiCad | Q67: OK | R67: Aktueller KiCad-Stand; Fertiger und konkrete Fertigungsvariante festlegen. | S67: DUORELAY FULLSIZE PCB REV 0.2|PCB: MODULES/FULLSIZE/DUORELAY/DUORELAY.KICAD_PCB
A68: ENP-00067 | B68: Kondensator | C68: Keramikkondensator 4,7 µF SMD | D68: 4,7 µF, 25 V, X7R, ±10 %, 1206 | E68: Capacitor_SMD:C_1206_3216Metric_Pad1.33x1.80mm_HandSolder | F68: Samsung Electro-Mechanics | G68: CL31B475KAHNNNE | H68: Reichelt | I68: CL31B475KAHNNNE | J68: https://www.reichelt.de/de/de/shop/produkt/mlcc_1206_4_7uf_25v_x7r_-10_h1_6_mm-429143 | K68: 0.14 | L68: Stk | N68: AnalogHydroPressure | O68: C6 | P68: KiCad; Reichelt, abgerufen 2026-09-01 | Q68: OK | R68: 25-V-Ausführung übertrifft die geforderten mindestens 10 V. Einzelpreis, Stand 2026-09-01; Preis und Verfügbarkeit vor Bestellung prüfen. | S68: 4,7 UF 10 V|CAPACITOR_SMD:C_1206_3216METRIC_PAD1.33X1.80MM_HANDSOLDER
A69: ENP-00068 | B69: Kondensator | C69: Keramikkondensator 4,7 µF SMD | D69: 4,7 µF, 50 V, X7R, ±10 %, 1210 | E69: Capacitor_SMD:C_1210_3225Metric_Pad1.33x2.70mm_HandSolder | F69: Samsung Electro-Mechanics | G69: CL32B475KBJVPNE | H69: Reichelt | I69: CL32B475KBJVPNE | J69: https://www.reichelt.de/de/de/shop/produkt/mlcc_1210_4_7_f_50v_x7r_-10_-438066 | K69: 1.19 | L69: Stk | N69: AnalogHydroPressure | O69: C9 | P69: KiCad; Reichelt, abgerufen 2026-09-01 | Q69: OK | R69: Passende 50-V-/1210-Ausführung für den Ausgang des 24-V-Boosters. Einzelpreis, Stand 2026-09-01; Preis und Verfügbarkeit vor Bestellung prüfen. | S69: 4,7 UF 50 V|CAPACITOR_SMD:C_1210_3225METRIC_PAD1.33X2.70MM_HANDSOLDER
A70: ENP-00069 | B70: Diode | C70: Schottky-Diode SMD | D70: Typ und elektrische Daten offen | E70: Diode_SMD:D_SOD-323F | L70: Stk | N70: AnalogHydroPressure | O70: D3 | P70: KiCad | Q70: Prüfen | R70: Schema enthält nur den generischen Wert D_Schottky; Sperrspannung, Strom, Hersteller und MPN festlegen. Einkaufsdaten bleiben offen, bis Sperrspannung und Strombelastbarkeit festgelegt sind. | S70: SCHOTTKY|DIODE_SMD:D_SOD-323F
A71: ENP-00070 | B71: Induktivität | C71: Leistungsinduktivität 0,68 µH | D71: 0,68 µH, 8,2 A, DCR 9 mΩ, WE-MAPI 3012 | E71: Inductor_SMD:L_Wuerth_MAPI-3012 | F71: Würth Elektronik | G71: 744383560068 | H71: Mouser | I71: 710-744383560068 | J71: https://eu.mouser.com/en/ProductDetail/Wurth-Elektronik/744383560068 | K71: 1.66 | L71: Stk | N71: AnalogHydroPressure | O71: L1 | P71: KiCad; Würth Datenblatt; Mouser, abgerufen 2026-09-01 | Q71: OK | R71: Exakte MAPI-3012-Ausführung: 680 nH, 8,2 A, DCR 9 mΩ, AEC-Q200. Einzelpreis, Stand 2026-09-01; Preis und Verfügbarkeit vor Bestellung prüfen. | S71: 0,68 UH|INDUCTOR_SMD:L_WUERTH_MAPI-3012
A72: ENP-00071 | B72: Widerstand | C72: Widerstand 1 MΩ SMD | D72: 1 MΩ, 1 %, 0,25 W, 1206 | E72: Resistor_SMD:R_1206_3216Metric_Pad1.30x1.75mm_HandSolder | F72: Vishay | G72: CRCW12061M00FKEA | H72: Reichelt | I72: VIS CRCW12061M0 | J72: https://www.reichelt.de/de/de/shop/produkt/smd-widerstand_1206_1_0_mohm_250_mw_1_-238109 | K72: 0.18 | L72: Stk | N72: AnalogHydroPressure | O72: R5 | P72: KiCad; Reichelt, abgerufen 2026-09-01 | Q72: OK | R72: Elektrisch und mechanisch passend. Einzelpreis, Stand 2026-09-01; Preis und Verfügbarkeit vor Bestellung prüfen. | S72: 1 MOHM 1%|RESISTOR_SMD:R_1206_3216METRIC_PAD1.30X1.75MM_HANDSOLDER
A73: ENP-00072 | B73: Widerstand | C73: Widerstand 71,5 kΩ SMD | D73: 71,5 kΩ, 1 %, 0,25 W, 1206 | E73: Resistor_SMD:R_1206_3216Metric_Pad1.30x1.75mm_HandSolder | F73: Yageo | G73: RC1206FR-0771K5L | H73: DigiKey | J73: https://www.digikey.de/de/products/filter/chipwiderstand-oberfl%C3%A4chenmontage/71-5-kohms/52 | K73: 0.09 | L73: Stk | N73: AnalogHydroPressure | O73: R6 | P73: KiCad; DigiKey, abgerufen 2026-09-01 | Q73: OK | R73: Exakter Wert für den Feedback-Widerstand; DigiKey-Bestellnummer auf der Produktseite vor Bestellung ergänzen. Einzelpreis, Stand 2026-09-01; Preis und Verfügbarkeit vor Bestellung prüfen. | S73: 71,5 KOHM 1%|RESISTOR_SMD:R_1206_3216METRIC_PAD1.30X1.75MM_HANDSOLDER
A74: ENP-00073 | B74: Widerstand | C74: Widerstand 220 kΩ SMD | D74: 220 kΩ, 1 %, 0,25 W, 1206 | E74: Resistor_SMD:R_1206_3216Metric_Pad1.30x1.75mm_HandSolder | F74: Walsin | G74: WR12X2203FTL | H74: TME | I74: WR12X2203FTL | J74: https://www.tme.eu/de/details/wr12x2203ftl/smd-widerstaende/walsin/ | K74: 0.07 | L74: Stk | N74: AnalogHydroPressure | O74: R8 | P74: KiCad; TME, abgerufen 2026-09-01 | Q74: OK | R74: Exakte 1-%-Ausführung; der gefundene Reichelt-Typ mit 5 % wurde nicht übernommen. Einzelpreis, Stand 2026-09-01; Preis und Verfügbarkeit vor Bestellung prüfen. | S74: 220 KOHM 1%|RESISTOR_SMD:R_1206_3216METRIC_PAD1.30X1.75MM_HANDSOLDER
A75: ENP-00074 | B75: Schalter | C75: Schiebeschalter DPDT | D75: DPDT | E75: EnvNode-Footprints:SW_Slide_CK_OS202011MS2QS1 | F75: C&K | G75: OS202011MS2QS1 | H75: Mouser | I75: 611-OS202011MS2QS1 | J75: https://www.mouser.de/de/c/electromechanical/switches/slide-switches/?q=OS202011MS2QS1 | K75: 0.92 | L75: Stk | N75: AnalogHydroPressure | O75: SW1 | P75: KiCad; C&K Datenblatt; Mouser, abgerufen 2026-09-01 | Q75: OK | R75: Exakt der dem Projekt-Footprint zugrunde liegende DPDT-On-On-Schalter. Einzelpreis, Stand 2026-09-01; Preis und Verfügbarkeit vor Bestellung prüfen. | S75: OS202011MS2QS1
A76: ENP-00075 | B76: DC/DC-Wandler | C76: Boost-Regler LT8330 | D76: LT8330, 3…40 V Eingang, 60 V/1 A Schalter, TSOT-23-6 | E76: Package_TO_SOT_SMD:SOT-23-6 | F76: Analog Devices | G76: LT8330ES6#TRMPBF | H76: Mouser | I76: 584-LT8330ES6#TRMPBF | J76: https://www.mouser.de/ProductDetail/Analog-Devices/LT8330ES6TRMPBF | K76: 7.11 | L76: Stk | N76: AnalogHydroPressure | O76: U4 | P76: KiCad; Analog Devices Datenblatt; Mouser, abgerufen 2026-09-01 | Q76: OK | R76: Bestellbare E-Temperaturvariante im geforderten TSOT-23-6, Cut Tape. Einzelpreis, Stand 2026-09-01; Preis und Verfügbarkeit vor Bestellung prüfen. | S76: LT8330|PACKAGE_TO_SOT_SMD:SOT-23-6
A77: ENP-00076 | B77: PCB | C77: AnalogHydroPressure FullSize PCB Rev 0.2 | D77: Revision 0.2 | E77: PCB: Modules/FullSize/AnalogHydroPressure/AnalogHydroPressure.kicad_pcb | H77: JLCPCB | L77: Stk | N77: AnalogHydroPressure | P77: KiCad | Q77: OK | R77: Aktueller KiCad-Stand einschließlich Busumschaltung auf Modulseite und F.Cu-Backfill; Fertiger und Fertigungsvariante festlegen. | S77: ANALOGHYDROPRESSURE FULLSIZE PCB REV 0.2|PCB: MODULES/FULLSIZE/ANALOGHYDROPRESSURE/ANALOGHYDROPRESSURE.KICAD_PCB

Sheet Kits
A1: Kit_ID | B1: Kit_Name | C1: Revision | D1: Status | E1: KiCad_Schematic | F1: KiCad_PCB | G1: Notes
A2: ENK-00001 | B2: EnvNode Mini Bausatz | C2: 0.2 | D2: Entwurf | E2: hardware/kicad/MainBoards/EnvNode Mini/EnvNode Mini.kicad_sch | F2: hardware/kicad/MainBoards/EnvNode Mini/EnvNode Mini.kicad_pcb | G2: Elektronischer Grundumfang vollständig aus aktuellem KiCad-Stand übernommen. Externe 5-V-Zuführung, Pigtail und weitere Montagekomponenten werden anschließend ergänzt.
A3: ENK-00002 | B3: DuoRelay FullSize Bausatz | C3: 0.2 | D3: Entwurf | E3: hardware/kicad/Modules/FullSize/DuoRelay/DuoRelay.kicad_sch | F3: hardware/kicad/Modules/FullSize/DuoRelay/DuoRelay.kicad_pcb | G3: Aktueller bestückter KiCad-Umfang plus PCB; DNP-Positionen enthalten und als DNP gekennzeichnet. Mechanische Zusatzteile können anschließend ergänzt werden.
A4: ENK-00003 | B4: AnalogHydroPressure FullSize Bausatz | C4: 0.2 | D4: Entwurf | E4: hardware/kicad/Modules/FullSize/AnalogHydroPressure/AnalogHydroPressure.kicad_sch | F4: hardware/kicad/Modules/FullSize/AnalogHydroPressure/AnalogHydroPressure.kicad_pcb | G4: Aktueller bestückter KiCad-Umfang einschließlich Busumschaltung plus PCB; DNP-Positionen enthalten und als DNP gekennzeichnet. Mechanische Zusatzteile können anschließend ergänzt werden.

Sheet Kit_BOM
A1: Kit_ID | B1: Kit_Revision | C1: Position | D1: RefDes | E1: Part_Number | F1: Quantity | G1: Build_Status | H1: Source_Type | I1: Value | J1: Footprint | K1: Unit_Price_EUR | L1: Position_Price_EUR | M1: Notes
A2: ENK-00001 | B2: 0.2 | C2: 10 | D2: C1 | E2: ENP-00006 | F2: 1 | G2: Bestücken | H2: KiCad | I2: =VLOOKUP(E2,Parts!$A$2:$S$200,4,FALSE) -> 100 nF, 10 %, X7R, 100 V | J2: =VLOOKUP(E2,Parts!$A$2:$S$200,5,FALSE) -> Capacitor_SMD:C_1206_3216Metric_Pad1.33x1.80mm_HandSolder | K2: 0.24 | L2: =IF(K2="","",F2*K2) -> 0.24 | M2: =VLOOKUP(E2,Parts!$A$2:$S$200,18,FALSE) -> Spannungsfestigkeit, Dielektrikum und Bauform vor Bestellung gegen Schaltplan und Footprint prüfen; C1 ist in allen vier aktuellen Empty-Schemata derzeit DNP; C1 ist im aktuellen DuoRelay-Schema derzeit DNP
A3: ENK-00001 | B3: 0.2 | C3: 20 | D3: C2 | E3: ENP-00007 | F3: 1 | G3: Bestücken | H3: KiCad | I3: =VLOOKUP(E3,Parts!$A$2:$S$200,4,FALSE) -> 10 µF, 25 V, X7R | J3: =VLOOKUP(E3,Parts!$A$2:$S$200,5,FALSE) -> Capacitor_SMD:C_1206_3216Metric_Pad1.33x1.80mm_HandSolder | K3: 0.11 | L3: =IF(K3="","",F3*K3) -> 0.11 | M3: =VLOOKUP(E3,Parts!$A$2:$S$200,18,FALSE) -> Spannungsfestigkeit, Dielektrikum und Bauform vor Bestellung gegen Schaltplan und Footprint prüfen
A4: ENK-00001 | B4: 0.2 | C4: 30 | D4: C3 | E4: ENP-00008 | F4: 1 | G4: Bestücken | H4: KiCad | I4: =VLOOKUP(E4,Parts!$A$2:$S$200,4,FALSE) -> 47 µF, 10 V | J4: =VLOOKUP(E4,Parts!$A$2:$S$200,5,FALSE) -> Capacitor_Tantalum_SMD:CP_EIA-3528-21_Kemet-B | K4: 0.29 | L4: =IF(K4="","",F4*K4) -> 0.29 | M4: =VLOOKUP(E4,Parts!$A$2:$S$200,18,FALSE) -> Polarisiert; Bauform B
A5: ENK-00001 | B5: 0.2 | C5: 40 | D5: C4 | E5: ENP-00006 | F5: 1 | G5: Bestücken | H5: KiCad | I5: =VLOOKUP(E5,Parts!$A$2:$S$200,4,FALSE) -> 100 nF, 10 %, X7R, 100 V | J5: =VLOOKUP(E5,Parts!$A$2:$S$200,5,FALSE) -> Capacitor_SMD:C_1206_3216Metric_Pad1.33x1.80mm_HandSolder | K5: 0.24 | L5: =IF(K5="","",F5*K5) -> 0.24 | M5: =VLOOKUP(E5,Parts!$A$2:$S$200,18,FALSE) -> Spannungsfestigkeit, Dielektrikum und Bauform vor Bestellung gegen Schaltplan und Footprint prüfen; C1 ist in allen vier aktuellen Empty-Schemata derzeit DNP; C1 ist im aktuellen DuoRelay-Schema derzeit DNP
A6: ENK-00001 | B6: 0.2 | C6: 50 | D6: C5 | E6: ENP-00006 | F6: 1 | G6: Bestücken | H6: KiCad | I6: =VLOOKUP(E6,Parts!$A$2:$S$200,4,FALSE) -> 100 nF, 10 %, X7R, 100 V | J6: =VLOOKUP(E6,Parts!$A$2:$S$200,5,FALSE) -> Capacitor_SMD:C_1206_3216Metric_Pad1.33x1.80mm_HandSolder | K6: 0.24 | L6: =IF(K6="","",F6*K6) -> 0.24 | M6: =VLOOKUP(E6,Parts!$A$2:$S$200,18,FALSE) -> Spannungsfestigkeit, Dielektrikum und Bauform vor Bestellung gegen Schaltplan und Footprint prüfen; C1 ist in allen vier aktuellen Empty-Schemata derzeit DNP; C1 ist im aktuellen DuoRelay-Schema derzeit DNP
A7: ENK-00001 | B7: 0.2 | C7: 60 | D7: C6 | E7: ENP-00056 | F7: 1 | G7: Bestücken | H7: KiCad | I7: =VLOOKUP(E7,Parts!$A$2:$S$200,4,FALSE) -> 10 µF, ±20 %, 25 V, 85 °C, 2000 h | J7: =VLOOKUP(E7,Parts!$A$2:$S$200,5,FALSE) -> Capacitor_SMD:CP_Elec_5x5.4 | K7: 0.18 | L7: =IF(K7="","",F7*K7) -> 0.18 | M7: =VLOOKUP(E7,Parts!$A$2:$S$200,18,FALSE) -> Panasonic SMD-Aluminium-Elektrolytkondensator, 10 µF ±20 %, 25 V, 85 °C, 2000 h. Abmessungen Ø 5,0 × 5,4 mm passen exakt zum zugewiesenen KiCad-Footprint. C6 liegt zwischen +3V3_SYS und GND; 25 V bieten deutliche Spannungsreserve. Polarität beachten.
A8: ENK-00001 | B8: 0.2 | C8: 70 | D8: D1 | E8: ENP-00055 | F8: 1 | G8: Bestücken | H8: KiCad | I8: =VLOOKUP(E8,Parts!$A$2:$S$200,4,FALSE) -> SS14, 1 A, 40 V, UF max. 0,5 V, IFSM 40 A | J8: =VLOOKUP(E8,Parts!$A$2:$S$200,5,FALSE) -> Diode_SMD:D_SMA | K8: 0.18 | L8: =IF(K8="","",F8*K8) -> 0.18 | M8: =VLOOKUP(E8,Parts!$A$2:$S$200,18,FALSE) -> Vishay Schottky-Gleichrichter im DO-214AC-/SMA-Gehäuse, 40 V Sperrspannung, 1 A Dauerstrom, 40 A Stoßstrom und Temperaturbereich −65 bis +150 °C. D1 entkoppelt +3V3_EXT, D2 entkoppelt +3V3_DEVKIT; beide speisen mit der Kathode +3V3_SYS. Zwei Stück je EnvNode Mini Rev 0.2.
A9: ENK-00001 | B9: 0.2 | C9: 80 | D9: D2 | E9: ENP-00055 | F9: 1 | G9: Bestücken | H9: KiCad | I9: =VLOOKUP(E9,Parts!$A$2:$S$200,4,FALSE) -> SS14, 1 A, 40 V, UF max. 0,5 V, IFSM 40 A | J9: =VLOOKUP(E9,Parts!$A$2:$S$200,5,FALSE) -> Diode_SMD:D_SMA | K9: 0.18 | L9: =IF(K9="","",F9*K9) -> 0.18 | M9: =VLOOKUP(E9,Parts!$A$2:$S$200,18,FALSE) -> Vishay Schottky-Gleichrichter im DO-214AC-/SMA-Gehäuse, 40 V Sperrspannung, 1 A Dauerstrom, 40 A Stoßstrom und Temperaturbereich −65 bis +150 °C. D1 entkoppelt +3V3_EXT, D2 entkoppelt +3V3_DEVKIT; beide speisen mit der Kathode +3V3_SYS. Zwei Stück je EnvNode Mini Rev 0.2.
A10: ENK-00001 | B10: 0.2 | C10: 90 | D10: J1 | E10: ENP-00012 | F10: 1 | G10: Bestücken | H10: KiCad | I10: =VLOOKUP(E10,Parts!$A$2:$S$200,4,FALSE) -> JST-PH, 2-polig, 2,00 mm | J10: =VLOOKUP(E10,Parts!$A$2:$S$200,5,FALSE) -> Connector_JST:JST_PH_B2B-PH-K_1x02_P2.00mm_Vertical | K10: 1.3 | L10: =IF(K10="","",F10*K10) -> 1.3 | M10: =VLOOKUP(E10,Parts!$A$2:$S$200,18,FALSE) -> 0
A11: ENK-00001 | B11: 0.2 | C11: 100 | D11: J2 | E11: ENP-00054 | F11: 1 | G11: Bestücken | H11: KiCad | I11: =VLOOKUP(E11,Parts!$A$2:$S$200,4,FALSE) -> 2x7, 2,54 mm, THT, vertikal, vergoldet, Bauhöhe 8,4 mm | J11: =VLOOKUP(E11,Parts!$A$2:$S$200,5,FALSE) -> Connector_PinSocket_2.54mm:PinSocket_2x07_P2.54mm_Vertical | K11: 0.56 | L11: =IF(K11="","",F11*K11) -> 0.56 | M11: =VLOOKUP(E11,Parts!$A$2:$S$200,18,FALSE) -> Würth WR-PHD Dual Socket Header, 14 Kontakte, 2,54 mm, THT, vergoldet, 3 A/250 V AC. Der generische KiCad-Footprint bildet Raster und THT-Anordnung ab; Gehäusekontur/Courtyard sind nicht herstellerspezifisch.
A12: ENK-00001 | B12: 0.2 | C12: 110 | D12: J3 | E12: ENP-00054 | F12: 1 | G12: Bestücken | H12: KiCad | I12: =VLOOKUP(E12,Parts!$A$2:$S$200,4,FALSE) -> 2x7, 2,54 mm, THT, vertikal, vergoldet, Bauhöhe 8,4 mm | J12: =VLOOKUP(E12,Parts!$A$2:$S$200,5,FALSE) -> Connector_PinSocket_2.54mm:PinSocket_2x07_P2.54mm_Vertical | K12: 0.56 | L12: =IF(K12="","",F12*K12) -> 0.56 | M12: =VLOOKUP(E12,Parts!$A$2:$S$200,18,FALSE) -> Würth WR-PHD Dual Socket Header, 14 Kontakte, 2,54 mm, THT, vergoldet, 3 A/250 V AC. Der generische KiCad-Footprint bildet Raster und THT-Anordnung ab; Gehäusekontur/Courtyard sind nicht herstellerspezifisch.
A13: ENK-00001 | B13: 0.2 | C13: 120 | D13: J4 | E13: ENP-00026 | F13: 1 | G13: Bestücken | H13: KiCad | I13: =VLOOKUP(E13,Parts!$A$2:$S$200,4,FALSE) -> 4-polig, 1,00 mm | J13: =VLOOKUP(E13,Parts!$A$2:$S$200,5,FALSE) -> Connector_JST:JST_SH_SM04B-SRSS-TB_1x04-1MP_P1.00mm_Horizontal | K13: 5.88 | L13: =IF(K13="","",F13*K13) -> 5.88 | M13: =VLOOKUP(E13,Parts!$A$2:$S$200,18,FALSE) -> MPN-Suffix und Verpackungsform festlegen; nicht mit Qwiic-Pigtail zusammenführen.
... A19: ENK-00001 | B19: 0.2 | C19: 180 | D19: U1 | E19: ENP-00010 | F19: 1 | G19: Bestücken | H19: KiCad | I19: =VLOOKUP(E19,Parts!$A$2:$S$200,4,FALSE) -> 38 Pin | J19: =VLOOKUP(E19,Parts!$A$2:$S$200,5,FALSE) -> PCM_Espressif:ESP32-DevKitC | K19: 5 | L19: =IF(K19="","",F19*K19) -> 5 | M19: =VLOOKUP(E19,Parts!$A$2:$S$200,18,FALSE) -> Exakte Modulvariante und Pinout vor Bestückung prüfen Hersteller/MPN aus verschobenen Altdaten korrigiert; genaue DevKitC-Variante fehlt.
A20: ENK-00001 | B20: 0.2 | C20: 190 | D20: U2 | E20: ENP-00024 | F20: 1 | G20: Bestücken | H20: KiCad | I20: =VLOOKUP(E20,Parts!$A$2:$S$200,4,FALSE) -> 2 Kbit, I²C, EUI-64, A0/A1, 1,7–5,5 V | J20: =VLOOKUP(E20,Parts!$A$2:$S$200,5,FALSE) -> Package_TO_SOT_SMD:SOT-23-6 | L20: =IF(K20="","",F20*K20) | M20: =VLOOKUP(E20,Parts!$A$2:$S$200,18,FALSE) -> Gemeinsamer Identifikations-EEPROM für alle Boards. Frühere Lieferantendaten gehörten zur falschen SPI-Version 25AA02E64T-I/OT und wurden entfernt; Bezugsquelle, Bestellnummer und Preis neu ergänzen. Auf Modulboards derzeit DNP.; In allen vier aktuellen Empty-Schemata derzeit DNP; A1 liegt an +3V3_SYS, A0 wird über J1 herausgeführt; U1 ist in den aktuellen DuoRelay- und AnalogHydroPressure-Schemata derzeit DNP
A21: ENK-00001 | B21: 0.2 | C21: 200 | D21: U3 | E21: ENP-00009 | F21: 1 | G21: Bestücken | H21: KiCad | I21: =VLOOKUP(E21,Parts!$A$2:$S$200,4,FALSE) -> 3,3 V, 1 A | J21: =VLOOKUP(E21,Parts!$A$2:$S$200,5,FALSE) -> Package_TO_SOT_SMD:SOT-223-3_TabPin2 | K21: 1 | L21: =IF(K21="","",F21*K21) -> 1 | M21: =VLOOKUP(E21,Parts!$A$2:$S$200,18,FALSE) -> Footprint und thermische Auslegung vor Bestückung prüfen
A22: ENK-00001 | B22: 0.2 | C22: 210 | E22: ENP-00057 | F22: 1 | G22: Bestücken | H22: PCB | I22: =VLOOKUP(E22,Parts!$A$2:$S$200,4,FALSE) -> Revision 0.2 | J22: =VLOOKUP(E22,Parts!$A$2:$S$200,5,FALSE) -> PCB: MainBoards/EnvNode Mini/EnvNode Mini.kicad_pcb | L22: =IF(K22="","",F22*K22) | M22: =VLOOKUP(E22,Parts!$A$2:$S$200,18,FALSE) -> Aktueller KiCad-Stand; Fertiger und konkrete Fertigungsvariante festlegen.
A23: ENK-00002 | B23: 0.2 | C23: 10 | D23: C1 | E23: ENP-00006 | F23: 1 | G23: DNP | H23: KiCad | I23: =VLOOKUP(E23,Parts!$A$2:$S$200,4,FALSE) -> 100 nF, 10 %, X7R, 100 V | J23: =VLOOKUP(E23,Parts!$A$2:$S$200,5,FALSE) -> Capacitor_SMD:C_1206_3216Metric_Pad1.33x1.80mm_HandSolder | K23: 0.24 | L23: =IF(K23="","",F23*K23) -> 0.24 | M23: =VLOOKUP(E23,Parts!$A$2:$S$200,18,FALSE) -> Spannungsfestigkeit, Dielektrikum und Bauform vor Bestellung gegen Schaltplan und Footprint prüfen; C1 ist in allen vier aktuellen Empty-Schemata derzeit DNP; C1 ist im aktuellen DuoRelay-Schema derzeit DNP
A24: ENK-00002 | B24: 0.2 | C24: 20 | D24: D1 | E24: ENP-00033 | F24: 1 | G24: Bestücken | H24: KiCad | I24: =VLOOKUP(E24,Parts!$A$2:$S$200,4,FALSE) -> 1N4148W | J24: =VLOOKUP(E24,Parts!$A$2:$S$200,5,FALSE) -> Diode_SMD:D_SOD-123 | K24: 0.02 | L24: =IF(K24="","",F24*K24) -> 0.02 | M24: =VLOOKUP(E24,Parts!$A$2:$S$200,18,FALSE) -> 0
A25: ENK-00002 | B25: 0.2 | C25: 30 | D25: D2 | E25: ENP-00033 | F25: 1 | G25: Bestücken | H25: KiCad | I25: =VLOOKUP(E25,Parts!$A$2:$S$200,4,FALSE) -> 1N4148W | J25: =VLOOKUP(E25,Parts!$A$2:$S$200,5,FALSE) -> Diode_SMD:D_SOD-123 | K25: 0.02 | L25: =IF(K25="","",F25*K25) -> 0.02 | M25: =VLOOKUP(E25,Parts!$A$2:$S$200,18,FALSE) -> 0
A26: ENK-00002 | B26: 0.2 | C26: 40 | D26: D3 | E26: ENP-00064 | F26: 1 | G26: Bestücken | H26: KiCad | I26: =VLOOKUP(E26,Parts!$A$2:$S$200,4,FALSE) -> Hyperrot, 645 nm, 250 mcd, 140°, Vf 2,0–2,5 V, IF max. 30 mA | J26: =VLOOKUP(E26,Parts!$A$2:$S$200,5,FALSE) -> LED_SMD:LED_1206_3216Metric_Pad1.42x1.75mm_HandSolder | K26: 0.11 | L26: =IF(K26="","",F26*K26) -> 0.11 | M26: =VLOOKUP(E26,Parts!$A$2:$S$200,18,FALSE) -> Kingbright SMD-LED im 1206-/3216-Gehäuse, hyperrot, 250 mcd, 140° Abstrahlwinkel, Bauhöhe 1,1 mm. Im DuoRelay liegen D3/D4 über je 1,5 kΩ an +5 V; bei etwa 2 V Vorwärtsspannung fließen rund 2 mA.
A27: ENK-00002 | B27: 0.2 | C27: 50 | D27: D4 | E27: ENP-00064 | F27: 1 | G27: Bestücken | H27: KiCad | I27: =VLOOKUP(E27,Parts!$A$2:$S$200,4,FALSE) -> Hyperrot, 645 nm, 250 mcd, 140°, Vf 2,0–2,5 V, IF max. 30 mA | J27: =VLOOKUP(E27,Parts!$A$2:$S$200,5,FALSE) -> LED_SMD:LED_1206_3216Metric_Pad1.42x1.75mm_HandSolder | K27: 0.11 | L27: =IF(K27="","",F27*K27) -> 0.11 | M27: =VLOOKUP(E27,Parts!$A$2:$S$200,18,FALSE) -> Kingbright SMD-LED im 1206-/3216-Gehäuse, hyperrot, 250 mcd, 140° Abstrahlwinkel, Bauhöhe 1,1 mm. Im DuoRelay liegen D3/D4 über je 1,5 kΩ an +5 V; bei etwa 2 V Vorwärtsspannung fließen rund 2 mA.
A28: ENK-00002 | B28: 0.2 | C28: 60 | D28: J1 | E28: ENP-00059 | F28: 1 | G28: Bestücken | H28: KiCad | I28: =VLOOKUP(E28,Parts!$A$2:$S$200,4,FALSE) -> 2x7, 2,54 mm, THT, vertikal, vergoldet, 6,1 mm Stecklänge, 3,0 mm Lötstift | J28: =VLOOKUP(E28,Parts!$A$2:$S$200,5,FALSE) -> EnvNode-Footprints:PinHeader_2x07_P2.54mm_Vertical_Bottom | K28: 0.3 | L28: =IF(K28="","",F28*K28) -> 0.3 | M28: =VLOOKUP(E28,Parts!$A$2:$S$200,18,FALSE) -> Standard-THT-Stiftleiste mit 11,6 mm Gesamtlänge, vergoldeten Kontakten und 3 A Nennstrom. Die Bestückung von der Modulunterseite und die dafür passende Pinorientierung werden durch den Projekt-Footprint PinHeader_2x07_P2.54mm_Vertical_Bottom festgelegt. Einzelpreis inkl. MwSt., Stand 2026-09-01; Preis und Verfügbarkeit vor Bestellung prüfen.
A29: ENK-00002 | B29: 0.2 | C29: 70 | D29: J3 | E29: ENP-00034 | F29: 1 | G29: Bestücken | H29: KiCad | I29: =VLOOKUP(E29,Parts!$A$2:$S$200,4,FALSE) -> 3-polig, 5,08 mm | J29: =VLOOKUP(E29,Parts!$A$2:$S$200,5,FALSE) -> TerminalBlock_Phoenix:TerminalBlock_Phoenix_MKDS-3-3-5.08_1x03_P5.08mm_Horizontal | L29: =IF(K29="","",F29*K29) | M29: =VLOOKUP(E29,Parts!$A$2:$S$200,18,FALSE) -> Exakte Hersteller-MPN ergänzen.
A30: ENK-00002 | B30: 0.2 | C30: 80 | D30: J4 | E30: ENP-00034 | F30: 1 | G30: Bestücken | H30: KiCad | I30: =VLOOKUP(E30,Parts!$A$2:$S$200,4,FALSE) -> 3-polig, 5,08 mm | J30: =VLOOKUP(E30,Parts!$A$2:$S$200,5,FALSE) -> TerminalBlock_Phoenix:TerminalBlock_Phoenix_MKDS-3-3-5.08_1x03_P5.08mm_Horizontal | L30: =IF(K30="","",F30*K30) | M30: =VLOOKUP(E30,Parts!$A$2:$S$200,18,FALSE) -> Exakte Hersteller-MPN ergänzen.
A31: ENK-00002 | B31: 0.2 | C31: 90 | D31: K1 | E31: ENP-00023 | F31: 1 | G31: Bestücken | H31: KiCad | I31: =VLOOKUP(E31,Parts!$A$2:$S$200,4,FALSE) -> 5 V, 1 Wechsler, 6 A | J31: =VLOOKUP(E31,Parts!$A$2:$S$200,5,FALSE) -> Relay_THT:Relay_SPDT_Finder_34.51_Vertical | K31: 5.8 | L31: =IF(K31="","",F31*K31) -> 5.8 | M31: =VLOOKUP(E31,Parts!$A$2:$S$200,18,FALSE) -> 0
A32: ENK-00002 | B32: 0.2 | C32: 100 | D32: K2 | E32: ENP-00023 | F32: 1 | G32: Bestücken | H32: KiCad | I32: =VLOOKUP(E32,Parts!$A$2:$S$200,4,FALSE) -> 5 V, 1 Wechsler, 6 A | J32: =VLOOKUP(E32,Parts!$A$2:$S$200,5,FALSE) -> Relay_THT:Relay_SPDT_Finder_34.51_Vertical | K32: 5.8 | L32: =IF(K32="","",F32*K32) -> 5.8 | M32: =VLOOKUP(E32,Parts!$A$2:$S$200,18,FALSE) -> 0
A33: ENK-00002 | B33: 0.2 | C33: 110 | D33: Q1 | E33: ENP-00035 | F33: 1 | G33: Bestücken | H33: KiCad | I33: =VLOOKUP(E33,Parts!$A$2:$S$200,4,FALSE) -> BC817 | J33: =VLOOKUP(E33,Parts!$A$2:$S$200,5,FALSE) -> Package_TO_SOT_SMD:SOT-23_Handsoldering | K33: 0.02 | L33: =IF(K33="","",F33*K33) -> 0.02 | M33: =VLOOKUP(E33,Parts!$A$2:$S$200,18,FALSE) -> 0
A34: ENK-00002 | B34: 0.2 | C34: 120 | D34: Q2 | E34: ENP-00035 | F34: 1 | G34: Bestücken | H34: KiCad | I34: =VLOOKUP(E34,Parts!$A$2:$S$200,4,FALSE) -> BC817 | J34: =VLOOKUP(E34,Parts!$A$2:$S$200,5,FALSE) -> Package_TO_SOT_SMD:SOT-23_Handsoldering | K34: 0.02 | L34: =IF(K34="","",F34*K34) -> 0.02 | M34: =VLOOKUP(E34,Parts!$A$2:$S$200,18,FALSE) -> 0
A35: ENK-00002 | B35: 0.2 | C35: 130 | D35: R1 | E35: ENP-00036 | F35: 1 | G35: Bestücken | H35: KiCad | I35: =VLOOKUP(E35,Parts!$A$2:$S$200,4,FALSE) -> 1 kΩ | J35: =VLOOKUP(E35,Parts!$A$2:$S$200,5,FALSE) -> Resistor_SMD:R_1206_3216Metric_Pad1.30x1.75mm_HandSolder | K35: 0.14 | L35: =IF(K35="","",F35*K35) -> 0.14 | M35: =VLOOKUP(E35,Parts!$A$2:$S$200,18,FALSE) -> 0
A36: ENK-00002 | B36: 0.2 | C36: 140 | D36: R2 | E36: ENP-00036 | F36: 1 | G36: Bestücken | H36: KiCad | I36: =VLOOKUP(E36,Parts!$A$2:$S$200,4,FALSE) -> 1 kΩ | J36: =VLOOKUP(E36,Parts!$A$2:$S$200,5,FALSE) -> Resistor_SMD:R_1206_3216Metric_Pad1.30x1.75mm_HandSolder | K36: 0.14 | L36: =IF(K36="","",F36*K36) -> 0.14 | M36: =VLOOKUP(E36,Parts!$A$2:$S$200,18,FALSE) -> 0
A37: ENK-00002 | B37: 0.2 | C37: 150 | D37: R3 | E37: ENP-00016 | F37: 1 | G37: Bestücken | H37: KiCad | I37: =VLOOKUP(E37,Parts!$A$2:$S$200,4,FALSE) -> 100 kΩ, 0,1 %, 250 mW | J37: =VLOOKUP(E37,Parts!$A$2:$S$200,5,FALSE) -> Resistor_SMD:R_1206_3216Metric_Pad1.30x1.75mm_HandSolder | K37: 0.83 | L37: =IF(K37="","",F37*K37) -> 0.83 | M37: =VLOOKUP(E37,Parts!$A$2:$S$200,18,FALSE) -> Lieferanten-Bestellnummer in der Altdatei enthält vermischte Angaben.
A38: ENK-00002 | B38: 0.2 | C38: 160 | D38: R4 | E38: ENP-00016 | F38: 1 | G38: Bestücken | H38: KiCad | I38: =VLOOKUP(E38,Parts!$A$2:$S$200,4,FALSE) -> 100 kΩ, 0,1 %, 250 mW | J38: =VLOOKUP(E38,Parts!$A$2:$S$200,5,FALSE) -> Resistor_SMD:R_1206_3216Metric_Pad1.30x1.75mm_HandSolder | K38: 0.83 | L38: =IF(K38="","",F38*K38) -> 0.83 | M38: =VLOOKUP(E38,Parts!$A$2:$S$200,18,FALSE) -> Lieferanten-Bestellnummer in der Altdatei enthält vermischte Angaben.
A39: ENK-00002 | B39: 0.2 | C39: 170 | D39: R5 | E39: ENP-00065 | F39: 1 | G39: Bestücken | H39: KiCad | I39: =VLOOKUP(E39,Parts!$A$2:$S$200,4,FALSE) -> 1,5 kΩ, 1 %, 0,25 W, 1206 | J39: =VLOOKUP(E39,Parts!$A$2:$S$200,5,FALSE) -> Resistor_SMD:R_1206_3216Metric_Pad1.30x1.75mm_HandSolder | K39: 0.14 | L39: =IF(K39="","",F39*K39) -> 0.14 | M39: =VLOOKUP(E39,Parts!$A$2:$S$200,18,FALSE) -> Exakt passend als Vorwiderstand der Relais-LEDs. Einzelpreis, Stand 2026-09-01; Preis und Verfügbarkeit vor Bestellung prüfen.
A40: ENK-00002 | B40: 0.2 | C40: 180 | D40: R6 | E40: ENP-00065 | F40: 1 | G40: Bestücken | H40: KiCad | I40: =VLOOKUP(E40,Parts!$A$2:$S$200,4,FALSE) -> 1,5 kΩ, 1 %, 0,25 W, 1206 | J40: =VLOOKUP(E40,Parts!$A$2:$S$200,5,FALSE) -> Resistor_SMD:R_1206_3216Metric_Pad1.30x1.75mm_HandSolder | K40: 0.14 | L40: =IF(K40="","",F40*K40) -> 0.14 | M40: =VLOOKUP(E40,Parts!$A$2:$S$200,18,FALSE) -> Exakt passend als Vorwiderstand der Relais-LEDs. Einzelpreis, Stand 2026-09-01; Preis und Verfügbarkeit vor Bestellung prüfen.
A41: ENK-00002 | B41: 0.2 | C41: 190 | D41: U1 | E41: ENP-00024 | F41: 1 | G41: DNP | H41: KiCad | I41: =VLOOKUP(E41,Parts!$A$2:$S$200,4,FALSE) -> 2 Kbit, I²C, EUI-64, A0/A1, 1,7–5,5 V | J41: =VLOOKUP(E41,Parts!$A$2:$S$200,5,FALSE) -> Package_TO_SOT_SMD:SOT-23-6 | L41: =IF(K41="","",F41*K41) | M41: =VLOOKUP(E41,Parts!$A$2:$S$200,18,FALSE) -> Gemeinsamer Identifikations-EEPROM für alle Boards. Frühere Lieferantendaten gehörten zur falschen SPI-Version 25AA02E64T-I/OT und wurden entfernt; Bezugsquelle, Bestellnummer und Preis neu ergänzen. Auf Modulboards derzeit DNP.; In allen vier aktuellen Empty-Schemata derzeit DNP; A1 liegt an +3V3_SYS, A0 wird über J1 herausgeführt; U1 ist in den aktuellen DuoRelay- und AnalogHydroPressure-Schemata derzeit DNP
A42: ENK-00002 | B42: 0.2 | C42: 200 | E42: ENP-00066 | F42: 1 | G42: Bestücken | H42: PCB | I42: =VLOOKUP(E42,Parts!$A$2:$S$200,4,FALSE) -> Revision 0.2 | J42: =VLOOKUP(E42,Parts!$A$2:$S$200,5,FALSE) -> PCB: Modules/FullSize/DuoRelay/DuoRelay.kicad_pcb | L42: =IF(K42="","",F42*K42) | M42: =VLOOKUP(E42,Parts!$A$2:$S$200,18,FALSE) -> Aktueller KiCad-Stand; Fertiger und konkrete Fertigungsvariante festlegen.
A43: ENK-00003 | B43: 0.2 | C43: 10 | D43: C1 | E43: ENP-00006 | F43: 1 | G43: DNP | H43: KiCad | I43: =VLOOKUP(E43,Parts!$A$2:$S$200,4,FALSE) -> 100 nF, 10 %, X7R, 100 V | J43: =VLOOKUP(E43,Parts!$A$2:$S$200,5,FALSE) -> Capacitor_SMD:C_1206_3216Metric_Pad1.33x1.80mm_HandSolder | K43: 0.24 | L43: =IF(K43="","",F43*K43) -> 0.24 | M43: =VLOOKUP(E43,Parts!$A$2:$S$200,18,FALSE) -> Spannungsfestigkeit, Dielektrikum und Bauform vor Bestellung gegen Schaltplan und Footprint prüfen; C1 ist in allen vier aktuellen Empty-Schemata derzeit DNP; C1 ist im aktuellen DuoRelay-Schema derzeit DNP
A44: ENK-00003 | B44: 0.2 | C44: 20 | D44: C3 | E44: ENP-00006 | F44: 1 | G44: Bestücken | H44: KiCad | I44: =VLOOKUP(E44,Parts!$A$2:$S$200,4,FALSE) -> 100 nF, 10 %, X7R, 100 V | J44: =VLOOKUP(E44,Parts!$A$2:$S$200,5,FALSE) -> Capacitor_SMD:C_1206_3216Metric_Pad1.33x1.80mm_HandSolder | K44: 0.24 | L44: =IF(K44="","",F44*K44) -> 0.24 | M44: =VLOOKUP(E44,Parts!$A$2:$S$200,18,FALSE) -> Spannungsfestigkeit, Dielektrikum und Bauform vor Bestellung gegen Schaltplan und Footprint prüfen; C1 ist in allen vier aktuellen Empty-Schemata derzeit DNP; C1 ist im aktuellen DuoRelay-Schema derzeit DNP
A45: ENK-00003 | B45: 0.2 | C45: 30 | D45: C4 | E45: ENP-00028 | F45: 1 | G45: Bestücken | H45: KiCad | I45: =VLOOKUP(E45,Parts!$A$2:$S$200,4,FALSE) -> 1 µF | J45: =VLOOKUP(E45,Parts!$A$2:$S$200,5,FALSE) -> Capacitor_SMD:C_1206_3216Metric_Pad1.33x1.80mm_HandSolder | K45: 0.16 | L45: =IF(K45="","",F45*K45) -> 0.16 | M45: =VLOOKUP(E45,Parts!$A$2:$S$200,18,FALSE) -> 0
A46: ENK-00003 | B46: 0.2 | C46: 40 | D46: C6 | E46: ENP-00067 | F46: 1 | G46: Bestücken | H46: KiCad | I46: =VLOOKUP(E46,Parts!$A$2:$S$200,4,FALSE) -> 4,7 µF, 25 V, X7R, ±10 %, 1206 | J46: =VLOOKUP(E46,Parts!$A$2:$S$200,5,FALSE) -> Capacitor_SMD:C_1206_3216Metric_Pad1.33x1.80mm_HandSolder | K46: 0.14 | L46: =IF(K46="","",F46*K46) -> 0.14 | M46: =VLOOKUP(E46,Parts!$A$2:$S$200,18,FALSE) -> 25-V-Ausführung übertrifft die geforderten mindestens 10 V. Einzelpreis, Stand 2026-09-01; Preis und Verfügbarkeit vor Bestellung prüfen.
A47: ENK-00003 | B47: 0.2 | C47: 50 | D47: C7 | E47: ENP-00028 | F47: 1 | G47: Bestücken | H47: KiCad | I47: =VLOOKUP(E47,Parts!$A$2:$S$200,4,FALSE) -> 1 µF | J47: =VLOOKUP(E47,Parts!$A$2:$S$200,5,FALSE) -> Capacitor_SMD:C_1206_3216Metric_Pad1.33x1.80mm_HandSolder | K47: 0.16 | L47: =IF(K47="","",F47*K47) -> 0.16 | M47: =VLOOKUP(E47,Parts!$A$2:$S$200,18,FALSE) -> 0
A48: ENK-00003 | B48: 0.2 | C48: 60 | D48: C8 | E48: ENP-00006 | F48: 1 | G48: Bestücken | H48: KiCad | I48: =VLOOKUP(E48,Parts!$A$2:$S$200,4,FALSE) -> 100 nF, 10 %, X7R, 100 V | J48: =VLOOKUP(E48,Parts!$A$2:$S$200,5,FALSE) -> Capacitor_SMD:C_1206_3216Metric_Pad1.33x1.80mm_HandSolder | K48: 0.24 | L48: =IF(K48="","",F48*K48) -> 0.24 | M48: =VLOOKUP(E48,Parts!$A$2:$S$200,18,FALSE) -> Spannungsfestigkeit, Dielektrikum und Bauform vor Bestellung gegen Schaltplan und Footprint prüfen; C1 ist in allen vier aktuellen Empty-Schemata derzeit DNP; C1 ist im aktuellen DuoRelay-Schema derzeit DNP
A49: ENK-00003 | B49: 0.2 | C49: 70 | D49: C9 | E49: ENP-00068 | F49: 1 | G49: Bestücken | H49: KiCad | I49: =VLOOKUP(E49,Parts!$A$2:$S$200,4,FALSE) -> 4,7 µF, 50 V, X7R, ±10 %, 1210 | J49: =VLOOKUP(E49,Parts!$A$2:$S$200,5,FALSE) -> Capacitor_SMD:C_1210_3225Metric_Pad1.33x2.70mm_HandSolder | K49: 1.19 | L49: =IF(K49="","",F49*K49) -> 1.19 | M49: =VLOOKUP(E49,Parts!$A$2:$S$200,18,FALSE) -> Passende 50-V-/1210-Ausführung für den Ausgang des 24-V-Boosters. Einzelpreis, Stand 2026-09-01; Preis und Verfügbarkeit vor Bestellung prüfen.
A50: ENK-00003 | B50: 0.2 | C50: 80 | D50: D1 | E50: ENP-00029 | F50: 1 | G50: Bestücken | H50: KiCad | I50: =VLOOKUP(E50,Parts!$A$2:$S$200,4,FALSE) -> BAT54S | J50: =VLOOKUP(E50,Parts!$A$2:$S$200,5,FALSE) -> Package_TO_SOT_SMD:SOT-23 | K50: 0.04 | L50: =IF(K50="","",F50*K50) -> 0.04 | M50: =VLOOKUP(E50,Parts!$A$2:$S$200,18,FALSE) -> Aktuelles AnalogHydroPressure verwendet SOT-23 und stimmt damit mit dem Artikel-Footprint überein; Gehäuse der bestellten Variante dennoch prüfen.
A51: ENK-00003 | B51: 0.2 | C51: 90 | D51: D3 | E51: ENP-00069 | F51: 1 | G51: Bestücken | H51: KiCad | I51: =VLOOKUP(E51,Parts!$A$2:$S$200,4,FALSE) -> Typ und elektrische Daten offen | J51: =VLOOKUP(E51,Parts!$A$2:$S$200,5,FALSE) -> Diode_SMD:D_SOD-323F | L51: =IF(K51="","",F51*K51) | M51: =VLOOKUP(E51,Parts!$A$2:$S$200,18,FALSE) -> Schema enthält nur den generischen Wert D_Schottky; Sperrspannung, Strom, Hersteller und MPN festlegen. Einkaufsdaten bleiben offen, bis Sperrspannung und Strombelastbarkeit festgelegt sind.
A52: ENK-00003 | B52: 0.2 | C52: 100 | D52: J1 | E52: ENP-00059 | F52: 1 | G52: Bestücken | H52: KiCad | I52: =VLOOKUP(E52,Parts!$A$2:$S$200,4,FALSE) -> 2x7, 2,54 mm, THT, vertikal, vergoldet, 6,1 mm Stecklänge, 3,0 mm Lötstift | J52: =VLOOKUP(E52,Parts!$A$2:$S$200,5,FALSE) -> EnvNode-Footprints:PinHeader_2x07_P2.54mm_Vertical_Bottom | K52: 0.3 | L52: =IF(K52="","",F52*K52) -> 0.3 | M52: =VLOOKUP(E52,Parts!$A$2:$S$200,18,FALSE) -> Standard-THT-Stiftleiste mit 11,6 mm Gesamtlänge, vergoldeten Kontakten und 3 A Nennstrom. Die Bestückung von der Modulunterseite und die dafür passende Pinorientierung werden durch den Projekt-Footprint PinHeader_2x07_P2.54mm_Vertical_Bottom festgelegt. Einzelpreis inkl. MwSt., Stand 2026-09-01; Preis und Verfügbarkeit vor Bestellung prüfen.
A53: ENK-00003 | B53: 0.2 | C53: 110 | D53: J3 | E53: ENP-00031 | F53: 1 | G53: Bestücken | H53: KiCad | I53: =VLOOKUP(E53,Parts!$A$2:$S$200,4,FALSE) -> 1x2, 2,54 mm | J53: =VLOOKUP(E53,Parts!$A$2:$S$200,5,FALSE) -> Connector_PinSocket_2.54mm:PinSocket_1x02_P2.54mm_Vertical | L53: =IF(K53="","",F53*K53) | M53: =VLOOKUP(E53,Parts!$A$2:$S$200,18,FALSE) -> 0
A54: ENK-00003 | B54: 0.2 | C54: 120 | D54: L1 | E54: ENP-00070 | F54: 1 | G54: Bestücken | H54: KiCad | I54: =VLOOKUP(E54,Parts!$A$2:$S$200,4,FALSE) -> 0,68 µH, 8,2 A, DCR 9 mΩ, WE-MAPI 3012 | J54: =VLOOKUP(E54,Parts!$A$2:$S$200,5,FALSE) -> Inductor_SMD:L_Wuerth_MAPI-3012 | K54: 1.66 | L54: =IF(K54="","",F54*K54) -> 1.66 | M54: =VLOOKUP(E54,Parts!$A$2:$S$200,18,FALSE) -> Exakte MAPI-3012-Ausführung: 680 nH, 8,2 A, DCR 9 mΩ, AEC-Q200. Einzelpreis, Stand 2026-09-01; Preis und Verfügbarkeit vor Bestellung prüfen.
A55: ENK-00003 | B55: 0.2 | C55: 130 | D55: R2 | E55: ENP-00005 | F55: 1 | G55: Bestücken | H55: KiCad | I55: =VLOOKUP(E55,Parts!$A$2:$S$200,4,FALSE) -> 4,7 kΩ, 1 %, 250 mW | J55: =VLOOKUP(E55,Parts!$A$2:$S$200,5,FALSE) -> Resistor_SMD:R_1206_3216Metric_Pad1.30x1.75mm_HandSolder | K55: 0.15 | L55: =IF(K55="","",F55*K55) -> 0.15 | M55: =VLOOKUP(E55,Parts!$A$2:$S$200,18,FALSE) -> I2C-Pull-ups für die beiden I2C-Busse
A56: ENK-00003 | B56: 0.2 | C56: 140 | D56: R3 | E56: ENP-00032 | F56: 1 | G56: Bestücken | H56: KiCad | I56: =VLOOKUP(E56,Parts!$A$2:$S$200,4,FALSE) -> 150 Ω, 0,1 %, ≤25 ppm/K, >0,125 W | J56: =VLOOKUP(E56,Parts!$A$2:$S$200,5,FALSE) -> Resistor_THT:R_Axial_DIN0207_L6.3mm_D2.5mm_P7.62mm_Horizontal | K56: 1.3 | L56: =IF(K56="","",F56*K56) -> 1.3 | M56: =VLOOKUP(E56,Parts!$A$2:$S$200,18,FALSE) -> 0
A57: ENK-00003 | B57: 0.2 | C57: 150 | D57: R5 | E57: ENP-00071 | F57: 1 | G57: Bestücken | H57: KiCad | I57: =VLOOKUP(E57,Parts!$A$2:$S$200,4,FALSE) -> 1 MΩ, 1 %, 0,25 W, 1206 | J57: =VLOOKUP(E57,Parts!$A$2:$S$200,5,FALSE) -> Resistor_SMD:R_1206_3216Metric_Pad1.30x1.75mm_HandSolder | K57: 0.18 | L57: =IF(K57="","",F57*K57) -> 0.18 | M57: =VLOOKUP(E57,Parts!$A$2:$S$200,18,FALSE) -> Elektrisch und mechanisch passend. Einzelpreis, Stand 2026-09-01; Preis und Verfügbarkeit vor Bestellung prüfen.
A58: ENK-00003 | B58: 0.2 | C58: 160 | D58: R6 | E58: ENP-00072 | F58: 1 | G58: Bestücken | H58: KiCad | I58: =VLOOKUP(E58,Parts!$A$2:$S$200,4,FALSE) -> 71,5 kΩ, 1 %, 0,25 W, 1206 | J58: =VLOOKUP(E58,Parts!$A$2:$S$200,5,FALSE) -> Resistor_SMD:R_1206_3216Metric_Pad1.30x1.75mm_HandSolder | K58: 0.09 | L58: =IF(K58="","",F58*K58) -> 0.09 | M58: =VLOOKUP(E58,Parts!$A$2:$S$200,18,FALSE) -> Exakter Wert für den Feedback-Widerstand; DigiKey-Bestellnummer auf der Produktseite vor Bestellung ergänzen. Einzelpreis, Stand 2026-09-01; Preis und Verfügbarkeit vor Bestellung prüfen.
A59: ENK-00003 | B59: 0.2 | C59: 170 | D59: R7 | E59: ENP-00016 | F59: 1 | G59: Bestücken | H59: KiCad | I59: =VLOOKUP(E59,Parts!$A$2:$S$200,4,FALSE) -> 100 kΩ, 0,1 %, 250 mW | J59: =VLOOKUP(E59,Parts!$A$2:$S$200,5,FALSE) -> Resistor_SMD:R_1206_3216Metric_Pad1.30x1.75mm_HandSolder | K59: 0.83 | L59: =IF(K59="","",F59*K59) -> 0.83 | M59: =VLOOKUP(E59,Parts!$A$2:$S$200,18,FALSE) -> Lieferanten-Bestellnummer in der Altdatei enthält vermischte Angaben.
A60: ENK-00003 | B60: 0.2 | C60: 180 | D60: R8 | E60: ENP-00073 | F60: 1 | G60: Bestücken | H60: KiCad | I60: =VLOOKUP(E60,Parts!$A$2:$S$200,4,FALSE) -> 220 kΩ, 1 %, 0,25 W, 1206 | J60: =VLOOKUP(E60,Parts!$A$2:$S$200,5,FALSE) -> Resistor_SMD:R_1206_3216Metric_Pad1.30x1.75mm_HandSolder | K60: 0.07 | L60: =IF(K60="","",F60*K60) -> 0.07 | M60: =VLOOKUP(E60,Parts!$A$2:$S$200,18,FALSE) -> Exakte 1-%-Ausführung; der gefundene Reichelt-Typ mit 5 % wurde nicht übernommen. Einzelpreis, Stand 2026-09-01; Preis und Verfügbarkeit vor Bestellung prüfen.
A61: ENK-00003 | B61: 0.2 | C61: 190 | D61: SW1 | E61: ENP-00074 | F61: 1 | G61: Bestücken | H61: KiCad | I61: =VLOOKUP(E61,Parts!$A$2:$S$200,4,FALSE) -> DPDT | J61: =VLOOKUP(E61,Parts!$A$2:$S$200,5,FALSE) -> EnvNode-Footprints:SW_Slide_CK_OS202011MS2QS1 | K61: 0.92 | L61: =IF(K61="","",F61*K61) -> 0.92 | M61: =VLOOKUP(E61,Parts!$A$2:$S$200,18,FALSE) -> Exakt der dem Projekt-Footprint zugrunde liegende DPDT-On-On-Schalter. Einzelpreis, Stand 2026-09-01; Preis und Verfügbarkeit vor Bestellung prüfen.
A62: ENK-00003 | B62: 0.2 | C62: 200 | D62: U1 | E62: ENP-00024 | F62: 1 | G62: DNP | H62: KiCad | I62: =VLOOKUP(E62,Parts!$A$2:$S$200,4,FALSE) -> 2 Kbit, I²C, EUI-64, A0/A1, 1,7–5,5 V | J62: =VLOOKUP(E62,Parts!$A$2:$S$200,5,FALSE) -> Package_TO_SOT_SMD:SOT-23-6 | K62: =VLOOKUP(E62,Parts!$A$2:$S$200,11,FALSE) -> 0 | L62: =IF(K62="","",F62*K62) -> 0 | M62: =VLOOKUP(E62,Parts!$A$2:$S$200,18,FALSE) -> Gemeinsamer Identifikations-EEPROM für alle Boards. Frühere Lieferantendaten gehörten zur falschen SPI-Version 25AA02E64T-I/OT und wurden entfernt; Bezugsquelle, Bestellnummer und Preis neu ergänzen. Auf Modulboards derzeit DNP.; In allen vier aktuellen Empty-Schemata derzeit DNP; A1 liegt an +3V3_SYS, A0 wird über J1 herausgeführt; U1 ist in den aktuellen DuoRelay- und AnalogHydroPressure-Schemata derzeit DNP
A63: ENK-00003 | B63: 0.2 | C63: 210 | D63: U2 | E63: ENP-00027 | F63: 1 | G63: Bestücken | H63: KiCad | I63: =VLOOKUP(E63,Parts!$A$2:$S$200,4,FALSE) -> ADS1115IDGS | J63: =VLOOKUP(E63,Parts!$A$2:$S$200,5,FALSE) -> Package_SO:TSSOP-10_3x3mm_P0.5mm | K63: =VLOOKUP(E63,Parts!$A$2:$S$200,11,FALSE) -> 0 | L63: =IF(K63="","",F63*K63) -> 0 | M63: =VLOOKUP(E63,Parts!$A$2:$S$200,18,FALSE) -> Nicht mit dem vorhandenen ADS1115-Entwicklungsboard zusammenführen.
A64: ENK-00003 | B64: 0.2 | C64: 220 | D64: U4 | E64: ENP-00075 | F64: 1 | G64: Bestücken | H64: KiCad | I64: =VLOOKUP(E64,Parts!$A$2:$S$200,4,FALSE) -> LT8330, 3…40 V Eingang, 60 V/1 A Schalter, TSOT-23-6 | J64: =VLOOKUP(E64,Parts!$A$2:$S$200,5,FALSE) -> Package_TO_SOT_SMD:SOT-23-6 | K64: =VLOOKUP(E64,Parts!$A$2:$S$200,11,FALSE) -> 7.11 | L64: =IF(K64="","",F64*K64) -> 7.11 | M64: =VLOOKUP(E64,Parts!$A$2:$S$200,18,FALSE) -> Bestellbare E-Temperaturvariante im geforderten TSOT-23-6, Cut Tape. Einzelpreis, Stand 2026-09-01; Preis und Verfügbarkeit vor Bestellung prüfen.
A65: ENK-00003 | B65: 0.2 | C65: 230 | E65: ENP-00076 | F65: 1 | G65: Bestücken | H65: PCB | I65: =VLOOKUP(E65,Parts!$A$2:$S$200,4,FALSE) -> Revision 0.2 | J65: =VLOOKUP(E65,Parts!$A$2:$S$200,5,FALSE) -> PCB: Modules/FullSize/AnalogHydroPressure/AnalogHydroPressure.kicad_pcb | K65: =VLOOKUP(E65,Parts!$A$2:$S$200,11,FALSE) -> 0 | L65: =IF(K65="","",F65*K65) -> 0 | M65: =VLOOKUP(E65,Parts!$A$2:$S$200,18,FALSE) -> Aktueller KiCad-Stand einschließlich Busumschaltung auf Modulseite und F.Cu-Backfill; Fertiger und Fertigungsvariante festlegen.
A66: Ergebnis | L66: =SUBTOTAL(109,KitBomTable[Position_Price_EUR]) -> 52.12 | M66: =SUBTOTAL(103,KitBomTable[Notes]) -> 64

Sheet Order_List
A1: Bestellliste für EnvNode-Bausätze
A2: Stückzahlen wählen; die Liste aggregiert gleiche Parts über alle Kits. DNP ist standardmäßig ausgeschlossen.
A4: Kit_ID | B4: Bausatz | C4: Stückzahl | E4: Option | F4: Auswahl
A5: ENK-00001 | B5: EnvNode Mini Bausatz | C5: 1 | E5: Optional bestellen | F5: Nein
A6: ENK-00002 | B6: DuoRelay FullSize Bausatz | C6: 2 | E6: DNP bestellen | F6: Ja
A7: ENK-00003 | B7: AnalogHydroPressure FullSize Bausatz | C7: 0
E8: Hinweis | F8: Bestellmenge wird bei hinterlegter Verpackungseinheit auf das nächste Vielfache aufgerundet.
A13: Part_ID | B13: Description | C13: Supplier | D13: Supplier_PN | E13: Bedarf | F13: Packaging_Unit | G13: Bestellmenge | H13: Unit_Price_EUR | I13: Bestellwert_EUR | J13: Import_Status | K13: URL
A14: ENP-00005 | B14: =IFERROR(VLOOKUP($A14,Parts!$A$2:$S$200,3,FALSE),"") -> 4.7 kOhm 1% SMD 1206 | C14: =IFERROR(VLOOKUP($A14,Parts!$A$2:$S$200,8,FALSE),"") -> reichelt | D14: =IFERROR(VLOOKUP($A14,Parts!$A$2:$S$200,9,FALSE),"") -> VIS CRCW12064K7 | E14: =SUMIFS(Kit_BOM!$F$2:$F$65,Kit_BOM!$E$2:$E$65,$A14,Kit_BOM!$A$2:$A$65,$A$5,Kit_BOM!$G$2:$G$65,"Bestücken")*$C$5+IF($F$5="Ja",SUMIFS(Kit_BOM!$F$2:$F$65,Kit_BOM!$E$2:$E$65,$A14,Kit_BOM!$A$2:$A$65,$A$5,Kit_BOM!$G$2:$G$65,"Optional")*$C$5,0)+IF($F$6="Ja",SUMIFS(Kit_BOM!$F$2:$F$65,Kit_BOM!$E$2:$E$65,$A14,Kit_BOM!$A$2:$A$65,$A$5,Kit_BOM!$G$2:$G$65,"DNP")*$C$5,0)+SUMIFS(Kit_BOM!$F$2:$F$65,Kit_BOM!$E$2:$E$65,$A14,Kit_BOM!$A$2:$A$65,$A$6,Kit_BOM!$G$2:$G$65,"Bestücken")*$C$6+IF($F$5="Ja",SUMIFS(Kit_BOM!$F$2:$F$65,Kit_BOM!$E$2:$E$65,$A14,Kit_BOM!$A$2:$A$65,$A$6,Kit_BOM!$G$2:$G$65,"Optional")*$C$6,0)+IF($F$6="Ja",SUMIFS(Kit_BOM!$F$2:$F$65,Kit_BOM!$E$2:$E$65,$A14,Kit_BOM!$A$2:$A$65,$A$6,Kit_BOM!$G$2:$G$65,"DNP")*$C$6,0)+SUMIFS(Kit_BOM!$F$2:$F$65,Kit_BOM!$E$2:$E$65,$A14,Kit_BOM!$A$2:$A$65,$A$7,Kit_BOM!$G$2:$G$65,"Bestücken")*$C$7+IF($F$5="Ja",SUMIFS(Kit_BOM!$F$2:$F$65,Kit_BOM!$E$2:$E$65,$A14,Kit_BOM!$A$2:$A$65,$A$7,Kit_BOM!$G$2:$G$65,"Optional")*$C$7,0)+IF($F$6="Ja",SUMIFS(Kit_BOM!$F$2:$F$65,Kit_BOM!$E$2:$E$65,$A14,Kit_BOM!$A$2:$A$65,$A$7,Kit_BOM!$G$2:$G$65,"DNP")*$C$7,0) -> 4 | F14: =IFERROR(VLOOKUP($A14,Parts!$A$2:$S$200,13,FALSE),"") -> 0 | G14: =IF($E14=0,0,IF(OR($F14="",$F14=0),$E14,CEILING($E14,$F14))) -> 4 | H14: =IFERROR(VLOOKUP($A14,Parts!$A$2:$S$200,11,FALSE),0) -> 0.15 | I14: =$G14*$H14 -> 0.6 | J14: =IF($E14=0,"Nicht benötigt",IF(LOWER($C14)<>"reichelt","Anderer Lieferant",IF($D14="","Supplier-PN fehlt","Reichelt bereit"))) -> Reichelt bereit | K14: =IFERROR(VLOOKUP($A14,Parts!$A$2:$S$200,10,FALSE),"") -> https://www.reichelt.de/de/de/shop/produkt/smd-widerstand_1206_4_7_kohm_250_mw_1_-238119
A15: ENP-00006 | B15: =IFERROR(VLOOKUP($A15,Parts!$A$2:$S$200,3,FALSE),"") -> 100 nF Keramik SMD | C15: =IFERROR(VLOOKUP($A15,Parts!$A$2:$S$200,8,FALSE),"") -> reichelt | D15: =IFERROR(VLOOKUP($A15,Parts!$A$2:$S$200,9,FALSE),"") -> KEM X7R1206A100N | E15: =SUMIFS(Kit_BOM!$F$2:$F$65,Kit_BOM!$E$2:$E$65,$A15,Kit_BOM!$A$2:$A$65,$A$5,Kit_BOM!$G$2:$G$65,"Bestücken")*$C$5+IF($F$5="Ja",SUMIFS(Kit_BOM!$F$2:$F$65,Kit_BOM!$E$2:$E$65,$A15,Kit_BOM!$A$2:$A$65,$A$5,Kit_BOM!$G$2:$G$65,"Optional")*$C$5,0)+IF($F$6="Ja",SUMIFS(Kit_BOM!$F$2:$F$65,Kit_BOM!$E$2:$E$65,$A15,Kit_BOM!$A$2:$A$65,$A$5,Kit_BOM!$G$2:$G$65,"DNP")*$C$5,0)+SUMIFS(Kit_BOM!$F$2:$F$65,Kit_BOM!$E$2:$E$65,$A15,Kit_BOM!$A$2:$A$65,$A$6,Kit_BOM!$G$2:$G$65,"Bestücken")*$C$6+IF($F$5="Ja",SUMIFS(Kit_BOM!$F$2:$F$65,Kit_BOM!$E$2:$E$65,$A15,Kit_BOM!$A$2:$A$65,$A$6,Kit_BOM!$G$2:$G$65,"Optional")*$C$6,0)+IF($F$6="Ja",SUMIFS(Kit_BOM!$F$2:$F$65,Kit_BOM!$E$2:$E$65,$A15,Kit_BOM!$A$2:$A$65,$A$6,Kit_BOM!$G$2:$G$65,"DNP")*$C$6,0)+SUMIFS(Kit_BOM!$F$2:$F$65,Kit_BOM!$E$2:$E$65,$A15,Kit_BOM!$A$2:$A$65,$A$7,Kit_BOM!$G$2:$G$65,"Bestücken")*$C$7+IF($F$5="Ja",SUMIFS(Kit_BOM!$F$2:$F$65,Kit_BOM!$E$2:$E$65,$A15,Kit_BOM!$A$2:$A$65,$A$7,Kit_BOM!$G$2:$G$65,"Optional")*$C$7,0)+IF($F$6="Ja",SUMIFS(Kit_BOM!$F$2:$F$65,Kit_BOM!$E$2:$E$65,$A15,Kit_BOM!$A$2:$A$65,$A$7,Kit_BOM!$G$2:$G$65,"DNP")*$C$7,0) -> 5 | F15: =IFERROR(VLOOKUP($A15,Parts!$A$2:$S$200,13,FALSE),"") -> 10 | G15: =IF($E15=0,0,IF(OR($F15="",$F15=0),$E15,CEILING($E15,$F15))) -> 10 | H15: =IFERROR(VLOOKUP($A15,Parts!$A$2:$S$200,11,FALSE),0) -> 0.24 | I15: =$G15*$H15 -> 2.4 | J15: =IF($E15=0,"Nicht benötigt",IF(LOWER($C15)<>"reichelt","Anderer Lieferant",IF($D15="","Supplier-PN fehlt","Reichelt bereit"))) -> Reichelt bereit | K15: =IFERROR(VLOOKUP($A15,Parts!$A$2:$S$200,10,FALSE),"") -> https://www.reichelt.de/de/de/shop/produkt/vielschicht_kerko_1206_100_nf_10_x7r_100_v_125_c-207151
A16: ENP-00007 | B16: =IFERROR(VLOOKUP($A16,Parts!$A$2:$S$200,3,FALSE),"") -> 10 uF Keramik SMD | C16: =IFERROR(VLOOKUP($A16,Parts!$A$2:$S$200,8,FALSE),"") -> reichelt | D16: =IFERROR(VLOOKUP($A16,Parts!$A$2:$S$200,9,FALSE),"") -> 12063C106KAT2A | E16: =SUMIFS(Kit_BOM!$F$2:$F$65,Kit_BOM!$E$2:$E$65,$A16,Kit_BOM!$A$2:$A$65,$A$5,Kit_BOM!$G$2:$G$65,"Bestücken")*$C$5+IF($F$5="Ja",SUMIFS(Kit_BOM!$F$2:$F$65,Kit_BOM!$E$2:$E$65,$A16,Kit_BOM!$A$2:$A$65,$A$5,Kit_BOM!$G$2:$G$65,"Optional")*$C$5,0)+IF($F$6="Ja",SUMIFS(Kit_BOM!$F$2:$F$65,Kit_BOM!$E$2:$E$65,$A16,Kit_BOM!$A$2:$A$65,$A$5,Kit_BOM!$G$2:$G$65,"DNP")*$C$5,0)+SUMIFS(Kit_BOM!$F$2:$F$65,Kit_BOM!$E$2:$E$65,$A16,Kit_BOM!$A$2:$A$65,$A$6,Kit_BOM!$G$2:$G$65,"Bestücken")*$C$6+IF($F$5="Ja",SUMIFS(Kit_BOM!$F$2:$F$65,Kit_BOM!$E$2:$E$65,$A16,Kit_BOM!$A$2:$A$65,$A$6,Kit_BOM!$G$2:$G$65,"Optional")*$C$6,0)+IF($F$6="Ja",SUMIFS(Kit_BOM!$F$2:$F$65,Kit_BOM!$E$2:$E$65,$A16,Kit_BOM!$A$2:$A$65,$A$6,Kit_BOM!$G$2:$G$65,"DNP")*$C$6,0)+SUMIFS(Kit_BOM!$F$2:$F$65,Kit_BOM!$E$2:$E$65,$A16,Kit_BOM!$A$2:$A$65,$A$7,Kit_BOM!$G$2:$G$65,"Bestücken")*$C$7+IF($F$5="Ja",SUMIFS(Kit_BOM!$F$2:$F$65,Kit_BOM!$E$2:$E$65,$A16,Kit_BOM!$A$2:$A$65,$A$7,Kit_BOM!$G$2:$G$65,"Optional")*$C$7,0)+IF($F$6="Ja",SUMIFS(Kit_BOM!$F$2:$F$65,Kit_BOM!$E$2:$E$65,$A16,Kit_BOM!$A$2:$A$65,$A$7,Kit_BOM!$G$2:$G$65,"DNP")*$C$7,0) -> 1 | F16: =IFERROR(VLOOKUP($A16,Parts!$A$2:$S$200,13,FALSE),"") -> 10 | G16: =IF($E16=0,0,IF(OR($F16="",$F16=0),$E16,CEILING($E16,$F16))) -> 10 | H16: =IFERROR(VLOOKUP($A16,Parts!$A$2:$S$200,11,FALSE),0) -> 0.11 | I16: =$G16*$H16 -> 1.1 | J16: =IF($E16=0,"Nicht benötigt",IF(LOWER($C16)<>"reichelt","Anderer Lieferant",IF($D16="","Supplier-PN fehlt","Reichelt bereit"))) -> Reichelt bereit | K16: =IFERROR(VLOOKUP($A16,Parts!$A$2:$S$200,10,FALSE),"") -> https://www.reichelt.de/de/de/shop/produkt/mlcc_1206_10_f_25_v_-10_x7r-409262
A17: ENP-00008 | B17: =IFERROR(VLOOKUP($A17,Parts!$A$2:$S$200,3,FALSE),"") -> 47 uF 10V Tantal | C17: =IFERROR(VLOOKUP($A17,Parts!$A$2:$S$200,8,FALSE),"") -> reichelt | D17: =IFERROR(VLOOKUP($A17,Parts!$A$2:$S$200,9,FALSE),"") -> TAJ 3528 47/10 | E17: =SUMIFS(Kit_BOM!$F$2:$F$65,Kit_BOM!$E$2:$E$65,$A17,Kit_BOM!$A$2:$A$65,$A$5,Kit_BOM!$G$2:$G$65,"Bestücken")*$C$5+IF($F$5="Ja",SUMIFS(Kit_BOM!$F$2:$F$65,Kit_BOM!$E$2:$E$65,$A17,Kit_BOM!$A$2:$A$65,$A$5,Kit_BOM!$G$2:$G$65,"Optional")*$C$5,0)+IF($F$6="Ja",SUMIFS(Kit_BOM!$F$2:$F$65,Kit_BOM!$E$2:$E$65,$A17,Kit_BOM!$A$2:$A$65,$A$5,Kit_BOM!$G$2:$G$65,"DNP")*$C$5,0)+SUMIFS(Kit_BOM!$F$2:$F$65,Kit_BOM!$E$2:$E$65,$A17,Kit_BOM!$A$2:$A$65,$A$6,Kit_BOM!$G$2:$G$65,"Bestücken")*$C$6+IF($F$5="Ja",SUMIFS(Kit_BOM!$F$2:$F$65,Kit_BOM!$E$2:$E$65,$A17,Kit_BOM!$A$2:$A$65,$A$6,Kit_BOM!$G$2:$G$65,"Optional")*$C$6,0)+IF($F$6="Ja",SUMIFS(Kit_BOM!$F$2:$F$65,Kit_BOM!$E$2:$E$65,$A17,Kit_BOM!$A$2:$A$65,$A$6,Kit_BOM!$G$2:$G$65,"DNP")*$C$6,0)+SUMIFS(Kit_BOM!$F$2:$F$65,Kit_BOM!$E$2:$E$65,$A17,Kit_BOM!$A$2:$A$65,$A$7,Kit_BOM!$G$2:$G$65,"Bestücken")*$C$7+IF($F$5="Ja",SUMIFS(Kit_BOM!$F$2:$F$65,Kit_BOM!$E$2:$E$65,$A17,Kit_BOM!$A$2:$A$65,$A$7,Kit_BOM!$G$2:$G$65,"Optional")*$C$7,0)+IF($F$6="Ja",SUMIFS(Kit_BOM!$F$2:$F$65,Kit_BOM!$E$2:$E$65,$A17,Kit_BOM!$A$2:$A$65,$A$7,Kit_BOM!$G$2:$G$65,"DNP")*$C$7,0) -> 1 | F17: =IFERROR(VLOOKUP($A17,Parts!$A$2:$S$200,13,FALSE),"") -> 0 | G17: =IF($E17=0,0,IF(OR($F17="",$F17=0),$E17,CEILING($E17,$F17))) -> 1 | H17: =IFERROR(VLOOKUP($A17,Parts!$A$2:$S$200,11,FALSE),0) -> 0.29 | I17: =$G17*$H17 -> 0.29 | J17: =IF($E17=0,"Nicht benötigt",IF(LOWER($C17)<>"reichelt","Anderer Lieferant",IF($D17="","Supplier-PN fehlt","Reichelt bereit"))) -> Reichelt bereit | K17: =IFERROR(VLOOKUP($A17,Parts!$A$2:$S$200,10,FALSE),"") -> https://www.reichelt.de/de/de/shop/produkt/smd-tantal_kondensator_47_f_10_v-167014
A18: ENP-00009 | B18: =IFERROR(VLOOKUP($A18,Parts!$A$2:$S$200,3,FALSE),"") -> LDO 3.3V SOT-223 | C18: =IFERROR(VLOOKUP($A18,Parts!$A$2:$S$200,8,FALSE),"") -> reichelt | D18: =IFERROR(VLOOKUP($A18,Parts!$A$2:$S$200,9,FALSE),"") -> LM 3940 IMP-3 | E18: =SUMIFS(Kit_BOM!$F$2:$F$65,Kit_BOM!$E$2:$E$65,$A18,Kit_BOM!$A$2:$A$65,$A$5,Kit_BOM!$G$2:$G$65,"Bestücken")*$C$5+IF($F$5="Ja",SUMIFS(Kit_BOM!$F$2:$F$65,Kit_BOM!$E$2:$E$65,$A18,Kit_BOM!$A$2:$A$65,$A$5,Kit_BOM!$G$2:$G$65,"Optional")*$C$5,0)+IF($F$6="Ja",SUMIFS(Kit_BOM!$F$2:$F$65,Kit_BOM!$E$2:$E$65,$A18,Kit_BOM!$A$2:$A$65,$A$5,Kit_BOM!$G$2:$G$65,"DNP")*$C$5,0)+SUMIFS(Kit_BOM!$F$2:$F$65,Kit_BOM!$E$2:$E$65,$A18,Kit_BOM!$A$2:$A$65,$A$6,Kit_BOM!$G$2:$G$65,"Bestücken")*$C$6+IF($F$5="Ja",SUMIFS(Kit_BOM!$F$2:$F$65,Kit_BOM!$E$2:$E$65,$A18,Kit_BOM!$A$2:$A$65,$A$6,Kit_BOM!$G$2:$G$65,"Optional")*$C$6,0)+IF($F$6="Ja",SUMIFS(Kit_BOM!$F$2:$F$65,Kit_BOM!$E$2:$E$65,$A18,Kit_BOM!$A$2:$A$65,$A$6,Kit_BOM!$G$2:$G$65,"DNP")*$C$6,0)+SUMIFS(Kit_BOM!$F$2:$F$65,Kit_BOM!$E$2:$E$65,$A18,Kit_BOM!$A$2:$A$65,$A$7,Kit_BOM!$G$2:$G$65,"Bestücken")*$C$7+IF($F$5="Ja",SUMIFS(Kit_BOM!$F$2:$F$65,Kit_BOM!$E$2:$E$65,$A18,Kit_BOM!$A$2:$A$65,$A$7,Kit_BOM!$G$2:$G$65,"Optional")*$C$7,0)+IF($F$6="Ja",SUMIFS(Kit_BOM!$F$2:$F$65,Kit_BOM!$E$2:$E$65,$A18,Kit_BOM!$A$2:$A$65,$A$7,Kit_BOM!$G$2:$G$65,"DNP")*$C$7,0) -> 1 | F18: =IFERROR(VLOOKUP($A18,Parts!$A$2:$S$200,13,FALSE),"") -> 3 | G18: =IF($E18=0,0,IF(OR($F18="",$F18=0),$E18,CEILING($E18,$F18))) -> 3 | H18: =IFERROR(VLOOKUP($A18,Parts!$A$2:$S$200,11,FALSE),0) -> 1 | I18: =$G18*$H18 -> 3 | J18: =IF($E18=0,"Nicht benötigt",IF(LOWER($C18)<>"reichelt","Anderer Lieferant",IF($D18="","Supplier-PN fehlt","Reichelt bereit"))) -> Reichelt bereit | K18: =IFERROR(VLOOKUP($A18,Parts!$A$2:$S$200,10,FALSE),"") -> https://www.reichelt.de/de/de/shop/produkt/ldo-spannungsregler_fix_3_3_vout_1_a_sot-223-109407?search=LM3940%2520&
A19: ENP-00010 | B19: =IFERROR(VLOOKUP($A19,Parts!$A$2:$S$200,3,FALSE),"") -> ESP32-DevKitC | C19: =IFERROR(VLOOKUP($A19,Parts!$A$2:$S$200,8,FALSE),"") -> 0 | D19: =IFERROR(VLOOKUP($A19,Parts!$A$2:$S$200,9,FALSE),"") -> 0 | E19: =SUMIFS(Kit_BOM!$F$2:$F$65,Kit_BOM!$E$2:$E$65,$A19,Kit_BOM!$A$2:$A$65,$A$5,Kit_BOM!$G$2:$G$65,"Bestücken")*$C$5+IF($F$5="Ja",SUMIFS(Kit_BOM!$F$2:$F$65,Kit_BOM!$E$2:$E$65,$A19,Kit_BOM!$A$2:$A$65,$A$5,Kit_BOM!$G$2:$G$65,"Optional")*$C$5,0)+IF($F$6="Ja",SUMIFS(Kit_BOM!$F$2:$F$65,Kit_BOM!$E$2:$E$65,$A19,Kit_BOM!$A$2:$A$65,$A$5,Kit_BOM!$G$2:$G$65,"DNP")*$C$5,0)+SUMIFS(Kit_BOM!$F$2:$F$65,Kit_BOM!$E$2:$E$65,$A19,Kit_BOM!$A$2:$A$65,$A$6,Kit_BOM!$G$2:$G$65,"Bestücken")*$C$6+IF($F$5="Ja",SUMIFS(Kit_BOM!$F$2:$F$65,Kit_BOM!$E$2:$E$65,$A19,Kit_BOM!$A$2:$A$65,$A$6,Kit_BOM!$G$2:$G$65,"Optional")*$C$6,0)+IF($F$6="Ja",SUMIFS(Kit_BOM!$F$2:$F$65,Kit_BOM!$E$2:$E$65,$A19,Kit_BOM!$A$2:$A$65,$A$6,Kit_BOM!$G$2:$G$65,"DNP")*$C$6,0)+SUMIFS(Kit_BOM!$F$2:$F$65,Kit_BOM!$E$2:$E$65,$A19,Kit_BOM!$A$2:$A$65,$A$7,Kit_BOM!$G$2:$G$65,"Bestücken")*$C$7+IF($F$5="Ja",SUMIFS(Kit_BOM!$F$2:$F$65,Kit_BOM!$E$2:$E$65,$A19,Kit_BOM!$A$2:$A$65,$A$7,Kit_BOM!$G$2:$G$65,"Optional")*$C$7,0)+IF($F$6="Ja",SUMIFS(Kit_BOM!$F$2:$F$65,Kit_BOM!$E$2:$E$65,$A19,Kit_BOM!$A$2:$A$65,$A$7,Kit_BOM!$G$2:$G$65,"DNP")*$C$7,0) -> 1 | F19: =IFERROR(VLOOKUP($A19,Parts!$A$2:$S$200,13,FALSE),"") -> 3 | G19: =IF($E19=0,0,IF(OR($F19="",$F19=0),$E19,CEILING($E19,$F19))) -> 3 | H19: =IFERROR(VLOOKUP($A19,Parts!$A$2:$S$200,11,FALSE),0) -> 5 | I19: =$G19*$H19 -> 15 | J19: =IF($E19=0,"Nicht benötigt",IF(LOWER($C19)<>"reichelt","Anderer Lieferant",IF($D19="","Supplier-PN fehlt","Reichelt bereit"))) -> Anderer Lieferant | K19: =IFERROR(VLOOKUP($A19,Parts!$A$2:$S$200,10,FALSE),"") -> 0
A20: ENP-00012 | B20: =IFERROR(VLOOKUP($A20,Parts!$A$2:$S$200,3,FALSE),"") -> JST - Stiftleiste, gerade, 1x2-polig - PH | C20: =IFERROR(VLOOKUP($A20,Parts!$A$2:$S$200,8,FALSE),"") -> reichelt | D20: =IFERROR(VLOOKUP($A20,Parts!$A$2:$S$200,9,FALSE),"") -> JST PH2P ST | E20: =SUMIFS(Kit_BOM!$F$2:$F$65,Kit_BOM!$E$2:$E$65,$A20,Kit_BOM!$A$2:$A$65,$A$5,Kit_BOM!$G$2:$G$65,"Bestücken")*$C$5+IF($F$5="Ja",SUMIFS(Kit_BOM!$F$2:$F$65,Kit_BOM!$E$2:$E$65,$A20,Kit_BOM!$A$2:$A$65,$A$5,Kit_BOM!$G$2:$G$65,"Optional")*$C$5,0)+IF($F$6="Ja",SUMIFS(Kit_BOM!$F$2:$F$65,Kit_BOM!$E$2:$E$65,$A20,Kit_BOM!$A$2:$A$65,$A$5,Kit_BOM!$G$2:$G$65,"DNP")*$C$5,0)+SUMIFS(Kit_BOM!$F$2:$F$65,Kit_BOM!$E$2:$E$65,$A20,Kit_BOM!$A$2:$A$65,$A$6,Kit_BOM!$G$2:$G$65,"Bestücken")*$C$6+IF($F$5="Ja",SUMIFS(Kit_BOM!$F$2:$F$65,Kit_BOM!$E$2:$E$65,$A20,Kit_BOM!$A$2:$A$65,$A$6,Kit_BOM!$G$2:$G$65,"Optional")*$C$6,0)+IF($F$6="Ja",SUMIFS(Kit_BOM!$F$2:$F$65,Kit_BOM!$E$2:$E$65,$A20,Kit_BOM!$A$2:$A$65,$A$6,Kit_BOM!$G$2:$G$65,"DNP")*$C$6,0)+SUMIFS(Kit_BOM!$F$2:$F$65,Kit_BOM!$E$2:$E$65,$A20,Kit_BOM!$A$2:$A$65,$A$7,Kit_BOM!$G$2:$G$65,"Bestücken")*$C$7+IF($F$5="Ja",SUMIFS(Kit_BOM!$F$2:$F$65,Kit_BOM!$E$2:$E$65,$A20,Kit_BOM!$A$2:$A$65,$A$7,Kit_BOM!$G$2:$G$65,"Optional")*$C$7,0)+IF($F$6="Ja",SUMIFS(Kit_BOM!$F$2:$F$65,Kit_BOM!$E$2:$E$65,$A20,Kit_BOM!$A$2:$A$65,$A$7,Kit_BOM!$G$2:$G$65,"DNP")*$C$7,0) -> 1 | F20: =IFERROR(VLOOKUP($A20,Parts!$A$2:$S$200,13,FALSE),"") -> 0 | G20: =IF($E20=0,0,IF(OR($F20="",$F20=0),$E20,CEILING($E20,$F20))) -> 1 | H20: =IFERROR(VLOOKUP($A20,Parts!$A$2:$S$200,11,FALSE),0) -> 1.3 | I20: =$G20*$H20 -> 1.3 | J20: =IF($E20=0,"Nicht benötigt",IF(LOWER($C20)<>"reichelt","Anderer Lieferant",IF($D20="","Supplier-PN fehlt","Reichelt bereit"))) -> Reichelt bereit | K20: =IFERROR(VLOOKUP($A20,Parts!$A$2:$S$200,10,FALSE),"") -> https://www.reichelt.de/de/de/shop/produkt/jst_-_stiftleiste_gerade_1x2-polig_-_ph-185049
A21: ENP-00016 | B21: =IFERROR(VLOOKUP($A21,Parts!$A$2:$S$200,3,FALSE),"") -> SMD-Widerstand, 1206, 100 kOhm, 250 mW, 0,1% | C21: =IFERROR(VLOOKUP($A21,Parts!$A$2:$S$200,8,FALSE),"") -> reichelt | D21: =IFERROR(VLOOKUP($A21,Parts!$A$2:$S$200,9,FALSE),"") -> PAN ERA8AEB104V | E21: =SUMIFS(Kit_BOM!$F$2:$F$65,Kit_BOM!$E$2:$E$65,$A21,Kit_BOM!$A$2:$A$65,$A$5,Kit_BOM!$G$2:$G$65,"Bestücken")*$C$5+IF($F$5="Ja",SUMIFS(Kit_BOM!$F$2:$F$65,Kit_BOM!$E$2:$E$65,$A21,Kit_BOM!$A$2:$A$65,$A$5,Kit_BOM!$G$2:$G$65,"Optional")*$C$5,0)+IF($F$6="Ja",SUMIFS(Kit_BOM!$F$2:$F$65,Kit_BOM!$E$2:$E$65,$A21,Kit_BOM!$A$2:$A$65,$A$5,Kit_BOM!$G$2:$G$65,"DNP")*$C$5,0)+SUMIFS(Kit_BOM!$F$2:$F$65,Kit_BOM!$E$2:$E$65,$A21,Kit_BOM!$A$2:$A$65,$A$6,Kit_BOM!$G$2:$G$65,"Bestücken")*$C$6+IF($F$5="Ja",SUMIFS(Kit_BOM!$F$2:$F$65,Kit_BOM!$E$2:$E$65,$A21,Kit_BOM!$A$2:$A$65,$A$6,Kit_BOM!$G$2:$G$65,"Optional")*$C$6,0)+IF($F$6="Ja",SUMIFS(Kit_BOM!$F$2:$F$65,Kit_BOM!$E$2:$E$65,$A21,Kit_BOM!$A$2:$A$65,$A$6,Kit_BOM!$G$2:$G$65,"DNP")*$C$6,0)+SUMIFS(Kit_BOM!$F$2:$F$65,Kit_BOM!$E$2:$E$65,$A21,Kit_BOM!$A$2:$A$65,$A$7,Kit_BOM!$G$2:$G$65,"Bestücken")*$C$7+IF($F$5="Ja",SUMIFS(Kit_BOM!$F$2:$F$65,Kit_BOM!$E$2:$E$65,$A21,Kit_BOM!$A$2:$A$65,$A$7,Kit_BOM!$G$2:$G$65,"Optional")*$C$7,0)+IF($F$6="Ja",SUMIFS(Kit_BOM!$F$2:$F$65,Kit_BOM!$E$2:$E$65,$A21,Kit_BOM!$A$2:$A$65,$A$7,Kit_BOM!$G$2:$G$65,"DNP")*$C$7,0) -> 4 | F21: =IFERROR(VLOOKUP($A21,Parts!$A$2:$S$200,13,FALSE),"") -> 0 | G21: =IF($E21=0,0,IF(OR($F21="",$F21=0),$E21,CEILING($E21,$F21))) -> 4 | H21: =IFERROR(VLOOKUP($A21,Parts!$A$2:$S$200,11,FALSE),0) -> 0.83 | I21: =$G21*$H21 -> 3.32 | J21: =IF($E21=0,"Nicht benötigt",IF(LOWER($C21)<>"reichelt","Anderer Lieferant",IF($D21="","Supplier-PN fehlt","Reichelt bereit"))) -> Reichelt bereit | K21: =IFERROR(VLOOKUP($A21,Parts!$A$2:$S$200,10,FALSE),"") -> https://www.reichelt.de/de/de/shop/produkt/smd-widerstand_1206_100_kohm_250_mw_0_1_-238081
A22: ENP-00023 | B22: =IFERROR(VLOOKUP($A22,Parts!$A$2:$S$200,3,FALSE),"") -> Steck-Printrelais, 1 CO, 6 A, 5 V DC sensitiv | C22: =IFERROR(VLOOKUP($A22,Parts!$A$2:$S$200,8,FALSE),"") -> reichelt | D22: =IFERROR(VLOOKUP($A22,Parts!$A$2:$S$200,9,FALSE),"") -> FIN 34.51.7 5V | E22: =SUMIFS(Kit_BOM!$F$2:$F$65,Kit_BOM!$E$2:$E$65,$A22,Kit_BOM!$A$2:$A$65,$A$5,Kit_BOM!$G$2:$G$65,"Bestücken")*$C$5+IF($F$5="Ja",SUMIFS(Kit_BOM!$F$2:$F$65,Kit_BOM!$E$2:$E$65,$A22,Kit_BOM!$A$2:$A$65,$A$5,Kit_BOM!$G$2:$G$65,"Optional")*$C$5,0)+IF($F$6="Ja",SUMIFS(Kit_BOM!$F$2:$F$65,Kit_BOM!$E$2:$E$65,$A22,Kit_BOM!$A$2:$A$65,$A$5,Kit_BOM!$G$2:$G$65,"DNP")*$C$5,0)+SUMIFS(Kit_BOM!$F$2:$F$65,Kit_BOM!$E$2:$E$65,$A22,Kit_BOM!$A$2:$A$65,$A$6,Kit_BOM!$G$2:$G$65,"Bestücken")*$C$6+IF($F$5="Ja",SUMIFS(Kit_BOM!$F$2:$F$65,Kit_BOM!$E$2:$E$65,$A22,Kit_BOM!$A$2:$A$65,$A$6,Kit_BOM!$G$2:$G$65,"Optional")*$C$6,0)+IF($F$6="Ja",SUMIFS(Kit_BOM!$F$2:$F$65,Kit_BOM!$E$2:$E$65,$A22,Kit_BOM!$A$2:$A$65,$A$6,Kit_BOM!$G$2:$G$65,"DNP")*$C$6,0)+SUMIFS(Kit_BOM!$F$2:$F$65,Kit_BOM!$E$2:$E$65,$A22,Kit_BOM!$A$2:$A$65,$A$7,Kit_BOM!$G$2:$G$65,"Bestücken")*$C$7+IF($F$5="Ja",SUMIFS(Kit_BOM!$F$2:$F$65,Kit_BOM!$E$2:$E$65,$A22,Kit_BOM!$A$2:$A$65,$A$7,Kit_BOM!$G$2:$G$65,"Optional")*$C$7,0)+IF($F$6="Ja",SUMIFS(Kit_BOM!$F$2:$F$65,Kit_BOM!$E$2:$E$65,$A22,Kit_BOM!$A$2:$A$65,$A$7,Kit_BOM!$G$2:$G$65,"DNP")*$C$7,0) -> 4 | F22: =IFERROR(VLOOKUP($A22,Parts!$A$2:$S$200,13,FALSE),"") -> 0 | G22: =IF($E22=0,0,IF(OR($F22="",$F22=0),$E22,CEILING($E22,$F22))) -> 4 | H22: =IFERROR(VLOOKUP($A22,Parts!$A$2:$S$200,11,FALSE),0) -> 5.8 | I22: =$G22*$H22 -> 23.2 | J22: =IF($E22=0,"Nicht benötigt",IF(LOWER($C22)<>"reichelt","Anderer Lieferant",IF($D22="","Supplier-PN fehlt","Reichelt bereit"))) -> Reichelt bereit | K22: =IFERROR(VLOOKUP($A22,Parts!$A$2:$S$200,10,FALSE),"") -> https://www.reichelt.de/de/de/shop/produkt/steck-printrelais_1_co_6_a_5_v_dc_sensitiv-259179?PROVID=2788&gad_source=1&gad_campaignid=21154720511&gbraid=0AAAAADwnxtb50MtqKwtKae8MAeGQARqWX&gclid=CjwKCAjw7p_UBhBlEiwAhpIs72D6cK8XQyuxcrvb0uftoYY3618BT3lTyYSWWSou1J99G9udBcpsbhoCJbcQAvD_BwE
A23: ENP-00024 | B23: =IFERROR(VLOOKUP($A23,Parts!$A$2:$S$200,3,FALSE),"") -> I²C-EEPROM 2 Kbit mit vorprogrammierter EUI-64 und zwei Adresspins | C23: =IFERROR(VLOOKUP($A23,Parts!$A$2:$S$200,8,FALSE),"") -> 0 | D23: =IFERROR(VLOOKUP($A23,Parts!$A$2:$S$200,9,FALSE),"") -> 0 | E23: =SUMIFS(Kit_BOM!$F$2:$F$65,Kit_BOM!$E$2:$E$65,$A23,Kit_BOM!$A$2:$A$65,$A$5,Kit_BOM!$G$2:$G$65,"Bestücken")*$C$5+IF($F$5="Ja",SUMIFS(Kit_BOM!$F$2:$F$65,Kit_BOM!$E$2:$E$65,$A23,Kit_BOM!$A$2:$A$65,$A$5,Kit_BOM!$G$2:$G$65,"Optional")*$C$5,0)+IF($F$6="Ja",SUMIFS(Kit_BOM!$F$2:$F$65,Kit_BOM!$E$2:$E$65,$A23,Kit_BOM!$A$2:$A$65,$A$5,Kit_BOM!$G$2:$G$65,"DNP")*$C$5,0)+SUMIFS(Kit_BOM!$F$2:$F$65,Kit_BOM!$E$2:$E$65,$A23,Kit_BOM!$A$2:$A$65,$A$6,Kit_BOM!$G$2:$G$65,"Bestücken")*$C$6+IF($F$5="Ja",SUMIFS(Kit_BOM!$F$2:$F$65,Kit_BOM!$E$2:$E$65,$A23,Kit_BOM!$A$2:$A$65,$A$6,Kit_BOM!$G$2:$G$65,"Optional")*$C$6,0)+IF($F$6="Ja",SUMIFS(Kit_BOM!$F$2:$F$65,Kit_BOM!$E$2:$E$65,$A23,Kit_BOM!$A$2:$A$65,$A$6,Kit_BOM!$G$2:$G$65,"DNP")*$C$6,0)+SUMIFS(Kit_BOM!$F$2:$F$65,Kit_BOM!$E$2:$E$65,$A23,Kit_BOM!$A$2:$A$65,$A$7,Kit_BOM!$G$2:$G$65,"Bestücken")*$C$7+IF($F$5="Ja",SUMIFS(Kit_BOM!$F$2:$F$65,Kit_BOM!$E$2:$E$65,$A23,Kit_BOM!$A$2:$A$65,$A$7,Kit_BOM!$G$2:$G$65,"Optional")*$C$7,0)+IF($F$6="Ja",SUMIFS(Kit_BOM!$F$2:$F$65,Kit_BOM!$E$2:$E$65,$A23,Kit_BOM!$A$2:$A$65,$A$7,Kit_BOM!$G$2:$G$65,"DNP")*$C$7,0) -> 3 | F23: =IFERROR(VLOOKUP($A23,Parts!$A$2:$S$200,13,FALSE),"") -> 0 | G23: =IF($E23=0,0,IF(OR($F23="",$F23=0),$E23,CEILING($E23,$F23))) -> 3 | H23: =IFERROR(VLOOKUP($A23,Parts!$A$2:$S$200,11,FALSE),0) -> 0 | I23: =$G23*$H23 -> 0 | J23: =IF($E23=0,"Nicht benötigt",IF(LOWER($C23)<>"reichelt","Anderer Lieferant",IF($D23="","Supplier-PN fehlt","Reichelt bereit"))) -> Anderer Lieferant | K23: =IFERROR(VLOOKUP($A23,Parts!$A$2:$S$200,10,FALSE),"") -> 0
A24: ENP-00026 | B24: =IFERROR(VLOOKUP($A24,Parts!$A$2:$S$200,3,FALSE),"") -> JST-SH Stiftleiste, 4-polig, horizontal | C24: =IFERROR(VLOOKUP($A24,Parts!$A$2:$S$200,8,FALSE),"") -> rs-online | D24: =IFERROR(VLOOKUP($A24,Parts!$A$2:$S$200,9,FALSE),"") -> 515-1513 | E24: =SUMIFS(Kit_BOM!$F$2:$F$65,Kit_BOM!$E$2:$E$65,$A24,Kit_BOM!$A$2:$A$65,$A$5,Kit_BOM!$G$2:$G$65,"Bestücken")*$C$5+IF($F$5="Ja",SUMIFS(Kit_BOM!$F$2:$F$65,Kit_BOM!$E$2:$E$65,$A24,Kit_BOM!$A$2:$A$65,$A$5,Kit_BOM!$G$2:$G$65,"Optional")*$C$5,0)+IF($F$6="Ja",SUMIFS(Kit_BOM!$F$2:$F$65,Kit_BOM!$E$2:$E$65,$A24,Kit_BOM!$A$2:$A$65,$A$5,Kit_BOM!$G$2:$G$65,"DNP")*$C$5,0)+SUMIFS(Kit_BOM!$F$2:$F$65,Kit_BOM!$E$2:$E$65,$A24,Kit_BOM!$A$2:$A$65,$A$6,Kit_BOM!$G$2:$G$65,"Bestücken")*$C$6+IF($F$5="Ja",SUMIFS(Kit_BOM!$F$2:$F$65,Kit_BOM!$E$2:$E$65,$A24,Kit_BOM!$A$2:$A$65,$A$6,Kit_BOM!$G$2:$G$65,"Optional")*$C$6,0)+IF($F$6="Ja",SUMIFS(Kit_BOM!$F$2:$F$65,Kit_BOM!$E$2:$E$65,$A24,Kit_BOM!$A$2:$A$65,$A$6,Kit_BOM!$G$2:$G$65,"DNP")*$C$6,0)+SUMIFS(Kit_BOM!$F$2:$F$65,Kit_BOM!$E$2:$E$65,$A24,Kit_BOM!$A$2:$A$65,$A$7,Kit_BOM!$G$2:$G$65,"Bestücken")*$C$7+IF($F$5="Ja",SUMIFS(Kit_BOM!$F$2:$F$65,Kit_BOM!$E$2:$E$65,$A24,Kit_BOM!$A$2:$A$65,$A$7,Kit_BOM!$G$2:$G$65,"Optional")*$C$7,0)+IF($F$6="Ja",SUMIFS(Kit_BOM!$F$2:$F$65,Kit_BOM!$E$2:$E$65,$A24,Kit_BOM!$A$2:$A$65,$A$7,Kit_BOM!$G$2:$G$65,"DNP")*$C$7,0) -> 2 | F24: =IFERROR(VLOOKUP($A24,Parts!$A$2:$S$200,13,FALSE),"") -> 10 | G24: =IF($E24=0,0,IF(OR($F24="",$F24=0),$E24,CEILING($E24,$F24))) -> 10 | H24: =IFERROR(VLOOKUP($A24,Parts!$A$2:$S$200,11,FALSE),0) -> 0.58 | I24: =$G24*$H24 -> 5.8 | J24: =IF($E24=0,"Nicht benötigt",IF(LOWER($C24)<>"reichelt","Anderer Lieferant",IF($D24="","Supplier-PN fehlt","Reichelt bereit"))) -> Anderer Lieferant | K24: =IFERROR(VLOOKUP($A24,Parts!$A$2:$S$200,10,FALSE),"") -> https://de.rs-online.com/web/p/leiterplatten-header/5151513?cm_mmc=DE-PLA-DS3A-_-google-_-CSS_DE_DE_PMAX_Catch+All-_--_-5151513&matchtype=&&gclsrc=aw.ds&gad_source=1&gad_campaignid=20579356490&gbraid=0AAAAADkeWNMTclazDyI9zcjcIGwAjXoW9&gclid=Cj0KCQjwnbrUBhDOARIsAKKhPpdLcMySAoEWll9Yd6dc_BCjxUsLFQOO7peTYM0DUy9ctvB7N_5s3bUaAoLZEALw_wcB
A25: ENP-00027 | B25: =IFERROR(VLOOKUP($A25,Parts!$A$2:$S$200,3,FALSE),"") -> 16-Bit ADC mit I²C | C25: =IFERROR(VLOOKUP($A25,Parts!$A$2:$S$200,8,FALSE),"") -> 0 | D25: =IFERROR(VLOOKUP($A25,Parts!$A$2:$S$200,9,FALSE),"") -> 0 | E25: =SUMIFS(Kit_BOM!$F$2:$F$65,Kit_BOM!$E$2:$E$65,$A25,Kit_BOM!$A$2:$A$65,$A$5,Kit_BOM!$G$2:$G$65,"Bestücken")*$C$5+IF($F$5="Ja",SUMIFS(Kit_BOM!$F$2:$F$65,Kit_BOM!$E$2:$E$65,$A25,Kit_BOM!$A$2:$A$65,$A$5,Kit_BOM!$G$2:$G$65,"Optional")*$C$5,0)+IF($F$6="Ja",SUMIFS(Kit_BOM!$F$2:$F$65,Kit_BOM!$E$2:$E$65,$A25,Kit_BOM!$A$2:$A$65,$A$5,Kit_BOM!$G$2:$G$65,"DNP")*$C$5,0)+SUMIFS(Kit_BOM!$F$2:$F$65,Kit_BOM!$E$2:$E$65,$A25,Kit_BOM!$A$2:$A$65,$A$6,Kit_BOM!$G$2:$G$65,"Bestücken")*$C$6+IF($F$5="Ja",SUMIFS(Kit_BOM!$F$2:$F$65,Kit_BOM!$E$2:$E$65,$A25,Kit_BOM!$A$2:$A$65,$A$6,Kit_BOM!$G$2:$G$65,"Optional")*$C$6,0)+IF($F$6="Ja",SUMIFS(Kit_BOM!$F$2:$F$65,Kit_BOM!$E$2:$E$65,$A25,Kit_BOM!$A$2:$A$65,$A$6,Kit_BOM!$G$2:$G$65,"DNP")*$C$6,0)+SUMIFS(Kit_BOM!$F$2:$F$65,Kit_BOM!$E$2:$E$65,$A25,Kit_BOM!$A$2:$A$65,$A$7,Kit_BOM!$G$2:$G$65,"Bestücken")*$C$7+IF($F$5="Ja",SUMIFS(Kit_BOM!$F$2:$F$65,Kit_BOM!$E$2:$E$65,$A25,Kit_BOM!$A$2:$A$65,$A$7,Kit_BOM!$G$2:$G$65,"Optional")*$C$7,0)+IF($F$6="Ja",SUMIFS(Kit_BOM!$F$2:$F$65,Kit_BOM!$E$2:$E$65,$A25,Kit_BOM!$A$2:$A$65,$A$7,Kit_BOM!$G$2:$G$65,"DNP")*$C$7,0) -> 0 | F25: =IFERROR(VLOOKUP($A25,Parts!$A$2:$S$200,13,FALSE),"") -> 0 | G25: =IF($E25=0,0,IF(OR($F25="",$F25=0),$E25,CEILING($E25,$F25))) -> 0 | H25: =IFERROR(VLOOKUP($A25,Parts!$A$2:$S$200,11,FALSE),0) -> 0 | I25: =$G25*$H25 -> 0 | J25: =IF($E25=0,"Nicht benötigt",IF(LOWER($C25)<>"reichelt","Anderer Lieferant",IF($D25="","Supplier-PN fehlt","Reichelt bereit"))) -> Nicht benötigt | K25: =IFERROR(VLOOKUP($A25,Parts!$A$2:$S$200,10,FALSE),"") -> 0
... A51: ENP-00076 | B51: =IFERROR(VLOOKUP($A51,Parts!$A$2:$S$200,3,FALSE),"") -> AnalogHydroPressure FullSize PCB Rev 0.2 | C51: =IFERROR(VLOOKUP($A51,Parts!$A$2:$S$200,8,FALSE),"") -> JLCPCB | D51: =IFERROR(VLOOKUP($A51,Parts!$A$2:$S$200,9,FALSE),"") -> 0 | E51: =SUMIFS(Kit_BOM!$F$2:$F$65,Kit_BOM!$E$2:$E$65,$A51,Kit_BOM!$A$2:$A$65,$A$5,Kit_BOM!$G$2:$G$65,"Bestücken")*$C$5+IF($F$5="Ja",SUMIFS(Kit_BOM!$F$2:$F$65,Kit_BOM!$E$2:$E$65,$A51,Kit_BOM!$A$2:$A$65,$A$5,Kit_BOM!$G$2:$G$65,"Optional")*$C$5,0)+IF($F$6="Ja",SUMIFS(Kit_BOM!$F$2:$F$65,Kit_BOM!$E$2:$E$65,$A51,Kit_BOM!$A$2:$A$65,$A$5,Kit_BOM!$G$2:$G$65,"DNP")*$C$5,0)+SUMIFS(Kit_BOM!$F$2:$F$65,Kit_BOM!$E$2:$E$65,$A51,Kit_BOM!$A$2:$A$65,$A$6,Kit_BOM!$G$2:$G$65,"Bestücken")*$C$6+IF($F$5="Ja",SUMIFS(Kit_BOM!$F$2:$F$65,Kit_BOM!$E$2:$E$65,$A51,Kit_BOM!$A$2:$A$65,$A$6,Kit_BOM!$G$2:$G$65,"Optional")*$C$6,0)+IF($F$6="Ja",SUMIFS(Kit_BOM!$F$2:$F$65,Kit_BOM!$E$2:$E$65,$A51,Kit_BOM!$A$2:$A$65,$A$6,Kit_BOM!$G$2:$G$65,"DNP")*$C$6,0)+SUMIFS(Kit_BOM!$F$2:$F$65,Kit_BOM!$E$2:$E$65,$A51,Kit_BOM!$A$2:$A$65,$A$7,Kit_BOM!$G$2:$G$65,"Bestücken")*$C$7+IF($F$5="Ja",SUMIFS(Kit_BOM!$F$2:$F$65,Kit_BOM!$E$2:$E$65,$A51,Kit_BOM!$A$2:$A$65,$A$7,Kit_BOM!$G$2:$G$65,"Optional")*$C$7,0)+IF($F$6="Ja",SUMIFS(Kit_BOM!$F$2:$F$65,Kit_BOM!$E$2:$E$65,$A51,Kit_BOM!$A$2:$A$65,$A$7,Kit_BOM!$G$2:$G$65,"DNP")*$C$7,0) -> 0 | F51: =IFERROR(VLOOKUP($A51,Parts!$A$2:$S$200,13,FALSE),"") -> 0 | G51: =IF($E51=0,0,IF(OR($F51="",$F51=0),$E51,CEILING($E51,$F51))) -> 0 | H51: =IFERROR(VLOOKUP($A51,Parts!$A$2:$S$200,11,FALSE),0) -> 0 | I51: =$G51*$H51 -> 0 | J51: =IF($E51=0,"Nicht benötigt",IF(LOWER($C51)<>"reichelt","Anderer Lieferant",IF($D51="","Supplier-PN fehlt","Reichelt bereit"))) -> Nicht benötigt | K51: =IFERROR(VLOOKUP($A51,Parts!$A$2:$S$200,10,FALSE),"") -> 0
A52: Ergebnis | I52: =SUBTOTAL(109,OrderListTable[Bestellwert_EUR]) -> 59.99 | K52: =SUBTOTAL(103,OrderListTable[URL]) -> 38
